GlobalID_VP,LIT,eventDate,recordedBy,unitName,subunitName,areaVisible,eventRemarks,taxonID,vernacularName,stratum,proportionVisibleArea
1,SLW,7/10/2019 15:25, KMO,Lewis 6,22,19.53792191,VP1,502210,Watergrass,medium,0.025
1,SLW,7/10/2019 15:25, KMO,Lewis 6,22,19.53792191,VP1,502210,Watergrass,low,0.05
1,SLW,7/10/2019 15:25, KMO,Lewis 6,22,19.53792191,VP1,502210,Watergrass,high,0.1
2,SLW,7/10/2019 18:17, KE,Lewis 6,22,6.479731083,VP2,41605,Swamp Timothy,low,0.025
2,SLW,7/10/2019 18:17, KE,Lewis 6,22,6.479731083,VP2,502210,Watergrass,high,0.025
2,SLW,7/10/2019 18:17, KE,Lewis 6,22,6.479731083,VP2,41605,Swamp Timothy,medium,0.05
2,SLW,7/10/2019 18:17, KE,Lewis 6,22,6.479731083,VP2,41605,Swamp Timothy,high,0.05
2,SLW,7/10/2019 18:17, KE,Lewis 6,22,6.479731083,VP2,502210,Watergrass,low,0.05
2,SLW,7/10/2019 18:17, KE,Lewis 6,22,6.479731083,VP2,502210,Watergrass,medium,0.05
3,SLW,7/10/2019 20:46, KE,Lewis 6,22,4.946310043,VP3,41605,Swamp Timothy,low,0.01
3,SLW,7/10/2019 20:46, KE,Lewis 6,22,4.946310043,VP3,41605,Swamp Timothy,medium,0.01
3,SLW,7/10/2019 20:46, KE,Lewis 6,22,4.946310043,VP3,41605,Swamp Timothy,high,0.01
3,SLW,7/10/2019 20:46, KE,Lewis 6,22,4.946310043,VP3,502210,Watergrass,low,0.15
3,SLW,7/10/2019 20:46, KE,Lewis 6,22,4.946310043,VP3,502210,Watergrass,high,0.2
3,SLW,7/10/2019 20:46, KE,Lewis 6,22,4.946310043,VP3,502210,Watergrass,medium,0.35
4,SAC,7/16/2019 19:25,KMO,T14,T14:2,7.612926006,,502210,Watergrass,low,0.025
4,SAC,7/16/2019 19:25,KMO,T14,T14:2,7.612926006,,502210,Watergrass,medium,0.25
4,SAC,7/16/2019 19:25,KMO,T14,T14:2,7.612926006,,502210,Watergrass,high,0.55
5,SAC,7/16/2019 19:55,KMO,T14,T14:2,3.512481689,15% non strata,502210,Watergrass,high,0.05
5,SAC,7/16/2019 19:55,KMO,T14,T14:2,3.512481689,15% non strata,502210,Watergrass,low,0.15
5,SAC,7/16/2019 19:55,KMO,T14,T14:2,3.512481689,15% non strata,502210,Watergrass,medium,0.65
6,SAC,7/16/2019 20:39,KMO,T14,T14:1,5.681427479,10% non strata,502210,Watergrass,low,0.05
6,SAC,7/16/2019 20:39,KMO,T14,T14:1,5.681427479,10% non strata,502210,Watergrass,high,0.3
6,SAC,7/16/2019 20:39,KMO,T14,T14:1,5.681427479,10% non strata,502210,Watergrass,medium,0.55
7,SAC,7/18/2019 17:40,Therese Burns,T14,T14:1,3.442942142,,502210,Watergrass,low,0.2
7,SAC,7/18/2019 17:40,Therese Burns,T14,T14:1,3.442942142,,502210,Watergrass,medium,0.3
7,SAC,7/18/2019 17:40,Therese Burns,T14,T14:1,3.442942142,,502210,Watergrass,high,0.35
8,SAC,7/18/2019 18:57,JM ,T14,T14:1,0.178432658,,502210,Watergrass,high,0.05
8,SAC,7/18/2019 18:57,JM ,T14,T14:1,0.178432658,,502210,Watergrass,medium,0.25
9,SAC,7/18/2019 19:12,Therese burns,T10,T10:3,6.686924458,,502210,Watergrass,medium,0.3
9,SAC,7/18/2019 19:12,Therese burns,T10,T10:3,6.686924458,,502210,Watergrass,low,0.35
9,SAC,7/18/2019 19:12,Therese burns,T10,T10:3,6.686924458,,502210,Watergrass,high,0.4
10,SAC,7/18/2019 19:22,Julis Michaels,T10,T10:3,4.897715092,,502210,Watergrass,medium,0.1
10,SAC,7/18/2019 19:22,Julis Michaels,T10,T10:3,4.897715092,,502210,Watergrass,high,0.7
11,SAC,7/18/2019 19:30,Julia,T10,T10:3,6.618320942,,502210,Watergrass,low,0.1
11,SAC,7/18/2019 19:30,Julia,T10,T10:3,6.618320942,,502210,Watergrass,medium,0.2
11,SAC,7/18/2019 19:30,Julia,T10,T10:3,6.618320942,,502210,Watergrass,high,0.5
12,SAC,7/18/2019 20:00,Therese burns,T10,T10:3,16.18720245,,502210,Watergrass,low,0.05
12,SAC,7/18/2019 20:00,Therese burns,T10,T10:3,16.18720245,,502210,Watergrass,high,0.35
12,SAC,7/18/2019 20:00,Therese burns,T10,T10:3,16.18720245,,502210,Watergrass,medium,0.4
13,SAC,7/21/2019 21:56,JM,P1A,P1A:1,0.464408427,,41605,Swamp Timothy,medium,0.15
13,SAC,7/21/2019 21:56,JM,P1A,P1A:1,0.464408427,,41605,Swamp Timothy,high,0.15
13,SAC,7/21/2019 21:56,JM,P1A,P1A:1,0.464408427,,NA,Other Cover,NA,0.7
14,SAC,7/21/2019 22:04,JM,P1A,P1A:1,5.327150345,,41605,Swamp Timothy,medium,0.1
14,SAC,7/21/2019 22:04,JM,P1A,P1A:1,5.327150345,,NA,Other Cover,NA,0.2
14,SAC,7/21/2019 22:04,JM,P1A,P1A:1,5.327150345,,41605,Swamp Timothy,high,0.7
15,SAC,7/21/2019 22:08,JM,P1A,P1A:1,0.783336878,,41605,Swamp Timothy,medium,0.2
15,SAC,7/21/2019 22:08,JM,P1A,P1A:1,0.783336878,,NA,Other Cover,NA,0.2
15,SAC,7/21/2019 22:08,JM,P1A,P1A:1,0.783336878,,41605,Swamp Timothy,high,0.6
16,SAC,7/21/2019 22:09, ,P1A,P1A:1,0.44902423,,41605,Swamp Timothy,low,0.1
16,SAC,7/21/2019 22:09, ,P1A,P1A:1,0.44902423,,41605,Swamp Timothy,high,0.4
16,SAC,7/21/2019 22:09, ,P1A,P1A:1,0.44902423,,NA,Other Cover,NA,0.5
17,SAC,7/21/2019 22:16,JM,P1A,P1A:1,8.135354042,,41605,Swamp Timothy,medium,0.2
17,SAC,7/21/2019 22:16,JM,P1A,P1A:1,8.135354042,,41605,Swamp Timothy,high,0.2
17,SAC,7/21/2019 22:16,JM,P1A,P1A:1,8.135354042,,41605,Swamp Timothy,low,0.3
17,SAC,7/21/2019 22:16,JM,P1A,P1A:1,8.135354042,,NA,Other Cover,NA,0.3
18,SAC,7/21/2019 22:20,JM,P1A,P1A:1,12.72207069,,41605,Swamp Timothy,low,0.15
18,SAC,7/21/2019 22:20,JM,P1A,P1A:1,12.72207069,,41605,Swamp Timothy,medium,0.15
18,SAC,7/21/2019 22:20,JM,P1A,P1A:1,12.72207069,,41605,Swamp Timothy,high,0.15
18,SAC,7/21/2019 22:20,JM,P1A,P1A:1,12.72207069,,NA,Other Cover,NA,0.55
19,SAC,7/21/2019 22:30,JM,P1A,P1A:1,2.246850491,,41605,Swamp Timothy,medium,0.2
19,SAC,7/21/2019 22:30,JM,P1A,P1A:1,2.246850491,,41605,Swamp Timothy,high,0.2
19,SAC,7/21/2019 22:30,JM,P1A,P1A:1,2.246850491,,NA,Other Cover,NA,0.6
20,SAC,7/21/2019 22:33,JM,P1A,P1A:1,2.892121077,,41605,Swamp Timothy,low,0.1
20,SAC,7/21/2019 22:33,JM,P1A,P1A:1,2.892121077,,41605,Swamp Timothy,medium,0.1
20,SAC,7/21/2019 22:33,JM,P1A,P1A:1,2.892121077,,NA,Other Cover,NA,0.8
21,SAC,7/21/2019 22:54,JM,P1A,P1A:1,0.68870914,,41605,Swamp Timothy,low,0.25
21,SAC,7/21/2019 22:54,JM,P1A,P1A:1,0.68870914,,502210,Watergrass,low,0.25
21,SAC,7/21/2019 22:54,JM,P1A,P1A:1,0.68870914,,NA,Other Cover,NA,0.5
22,SAC,7/22/2019 0:02,JM,P8,P8:1,19.45845604,,41605,Swamp Timothy,medium,0.05
22,SAC,7/22/2019 0:02,JM,P8,P8:1,19.45845604,,NA,Other Cover,NA,0.2
22,SAC,7/22/2019 0:02,JM,P8,P8:1,19.45845604,,41605,Swamp Timothy,high,0.75
23,SAC,7/22/2019 0:08,JM,P7A,P7A:4,8.640213966,,41605,Swamp Timothy,high,0.1
23,SAC,7/22/2019 0:08,JM,P7A,P7A:4,8.640213966,,502210,Watergrass,low,0.3
23,SAC,7/22/2019 0:08,JM,P7A,P7A:4,8.640213966,,NA,Other Cover,NA,0.3
23,SAC,7/22/2019 0:08,JM,P7A,P7A:4,8.640213966,,41605,Swamp Timothy,medium,0.35
24,SAC,7/22/2019 0:11,JM,P7A,P7A:4,11.64569473,,502210,Watergrass,low,0.15
24,SAC,7/22/2019 0:11,JM,P7A,P7A:4,11.64569473,,502210,Watergrass,high,0.2
24,SAC,7/22/2019 0:11,JM,P7A,P7A:4,11.64569473,,502210,Watergrass,medium,0.3
24,SAC,7/22/2019 0:11,JM,P7A,P7A:4,11.64569473,,NA,Other Cover,NA,0.35
25,SAC,7/22/2019 0:14,JM,P7A,P7A:4,10.24358368,,NA,Other Cover,NA,1
26,SAC,7/22/2019 0:18,JM,P7A,P7A:4,6.598392487,,NA,Other Cover,NA,1
27,SAC,7/22/2019 0:20,JM,P7A,P7A:4,1.69438684,,502210,Watergrass,medium,0.2
27,SAC,7/22/2019 0:20,JM,P7A,P7A:4,1.69438684,,502210,Watergrass,high,0.2
27,SAC,7/22/2019 0:20,JM,P7A,P7A:4,1.69438684,,NA,Other Cover,NA,0.6
28,SAC,7/22/2019 0:24,JM,P7A,P7A:4,4.972115993,,502210,Watergrass,low,0.15
28,SAC,7/22/2019 0:24,JM,P7A,P7A:4,4.972115993,,NA,Other Cover,NA,0.25
28,SAC,7/22/2019 0:24,JM,P7A,P7A:4,4.972115993,,502210,Watergrass,medium,0.3
28,SAC,7/22/2019 0:24,JM,P7A,P7A:4,4.972115993,,502210,Watergrass,high,0.3
29,SAC,7/22/2019 0:26,JM,P8,P8:1,4.359095097,,41605,Swamp Timothy,medium,0.1
29,SAC,7/22/2019 0:26,JM,P8,P8:1,4.359095097,,NA,Other Cover,NA,0.3
29,SAC,7/22/2019 0:26,JM,P8,P8:1,4.359095097,,41605,Swamp Timothy,high,0.6
30,SAC,7/22/2019 0:29,Julia,P8,P8:1,3.307507277,,NA,Other Cover,NA,0.3
30,SAC,7/22/2019 0:29,Julia,P8,P8:1,3.307507277,,41605,Swamp Timothy,high,0.7
31,SAC,7/22/2019 0:33,JM,P8,P8:1,2.342943668,,NA,Other Cover,NA,1
32,SAC,7/22/2019 0:37,JM,T36,T36:2,5.203733444,,502210,Watergrass,high,0.5
32,SAC,7/22/2019 0:37,JM,T36,T36:2,5.203733444,,NA,Other Cover,NA,0.5
33,SAC,7/22/2019 0:38,JM,T36,T36:2,2.997373819,recent standingn water/bare ground ,502210,Watergrass,high,0.1
33,SAC,7/22/2019 0:38,JM,T36,T36:2,2.997373819,recent standingn water/bare ground ,NA,Other Cover,NA,0.9
34,SAC,7/22/2019 0:40,JM,T36,T36:2,18.5065937,,502210,Watergrass,medium,0.25
34,SAC,7/22/2019 0:40,JM,T36,T36:2,18.5065937,,NA,Other Cover,NA,0.35
34,SAC,7/22/2019 0:40,JM,T36,T36:2,18.5065937,,502210,Watergrass,high,0.4
35,SAC,7/22/2019 0:46,JM,T35,T35:1,9.724488258,,502210,Watergrass,low,0.3
35,SAC,7/22/2019 0:46,JM,T35,T35:1,9.724488258,,NA,Other Cover,NA,0.3
35,SAC,7/22/2019 0:46,JM,T35,T35:1,9.724488258,,502210,Watergrass,medium,0.4
36,SAC,7/22/2019 0:47,JM,T35,T35:1,14.29727745,,41605,Swamp Timothy,high,0.15
36,SAC,7/22/2019 0:47,JM,T35,T35:1,14.29727745,,502210,Watergrass,low,0.2
36,SAC,7/22/2019 0:47,JM,T35,T35:1,14.29727745,,NA,Other Cover,NA,0.25
36,SAC,7/22/2019 0:47,JM,T35,T35:1,14.29727745,,502210,Watergrass,medium,0.4
37,SAC,7/22/2019 0:58,JM,T36,T36:1,7.741528988,,502210,Watergrass,low,0.15
37,SAC,7/22/2019 0:58,JM,T36,T36:1,7.741528988,,502210,Watergrass,high,0.15
37,SAC,7/22/2019 0:58,JM,T36,T36:1,7.741528988,,NA,Other Cover,NA,0.15
37,SAC,7/22/2019 0:58,JM,T36,T36:1,7.741528988,,502210,Watergrass,medium,0.6
38,SAC,7/22/2019 1:00,JM,T36,T36:2,0.771351397,Recently mowed,502210,Watergrass,high,0.2
38,SAC,7/22/2019 1:00,JM,T36,T36:2,0.771351397,Recently mowed,NA,Other Cover,NA,0.8
39,SAC,7/22/2019 1:02,JM,T36,T36:1,2.221808672,Recently mowed,NA,Other Cover,NA,1
40,SAC,7/22/2019 1:03,JM,T36,T36:1,1.713314533,,NA,Other Cover,NA,0.3
40,SAC,7/22/2019 1:03,JM,T36,T36:1,1.713314533,,502210,Watergrass,high,0.7
41,SAC,7/22/2019 1:06,JM,T36,T36:1,5.755812168,,502210,Watergrass,low,0.05
41,SAC,7/22/2019 1:06,JM,T36,T36:1,5.755812168,,NA,Other Cover,NA,0.15
41,SAC,7/22/2019 1:06,JM,T36,T36:1,5.755812168,,502210,Watergrass,medium,0.25
41,SAC,7/22/2019 1:06,JM,T36,T36:1,5.755812168,,502210,Watergrass,high,0.55
42,SAC,7/23/2019 19:31,JM,T35,T35:1,4.619299889,,NA,Other Cover,NA,0.1
42,SAC,7/23/2019 19:31,JM,T35,T35:1,4.619299889,,502210,Watergrass,low,0.2
42,SAC,7/23/2019 19:31,JM,T35,T35:1,4.619299889,,502210,Watergrass,medium,0.2
42,SAC,7/23/2019 19:31,JM,T35,T35:1,4.619299889,,502210,Watergrass,high,0.4
43,KRN,8/9/2019 15:38,LD,14,1.40E-01,3.919366121,Upland species. ,NA,Other Cover,NA,1
44,KRN,8/9/2019 15:42,LD,14,1.40E-01,7.463343143,,NA,Other Cover,NA,1
45,KRN,8/9/2019 15:46,TB,14,1.40E+00,8.419981003,,NA,Other Cover,NA,1
46,KRN,8/9/2019 15:55,GG,14,14D-2,1.504885674,,41605,Swamp Timothy,low,0.05
46,KRN,8/9/2019 15:55,GG,14,14D-2,1.504885674,,NA,Other Cover,NA,0.95
47,KRN,8/9/2019 16:08,GG,14,14D-2,4.039069653,,41605,Swamp Timothy,low,0.05
47,KRN,8/9/2019 16:08,GG,14,14D-2,4.039069653,,NA,Other Cover,NA,0.95
48,KRN,8/9/2019 16:15,LD,14,14G-1,1.309279919,,NA,Other Cover,NA,0.1
48,KRN,8/9/2019 16:15,LD,14,14G-1,1.309279919,,41605,Swamp Timothy,low,0.9
49,KRN,8/9/2019 16:17,GG,14,14D-2,2.432797909,Upland plants,NA,Other Cover,NA,1
50,KRN,8/9/2019 16:19,LD,14,14-F,0.941397607,,41605,Swamp Timothy,medium,0.2
50,KRN,8/9/2019 16:19,LD,14,14-F,0.941397607,,41605,Swamp Timothy,low,0.8
51,KRN,8/9/2019 16:20,LD,14,14-F,4.851398945,,41605,Swamp Timothy,low,0.1
51,KRN,8/9/2019 16:20,LD,14,14-F,4.851398945,,NA,Other Cover,NA,0.9
52,KRN,8/9/2019 16:25,TB,14,14G-1,11.8580513,,41605,Swamp Timothy,low,0.3
53,KRN,8/9/2019 16:32,TB,14,14G-1,9.526359558,,41605,Swamp Timothy,high,0.025
53,KRN,8/9/2019 16:32,TB,14,14G-1,9.526359558,,41605,Swamp Timothy,medium,0.1
53,KRN,8/9/2019 16:32,TB,14,14G-1,9.526359558,,41605,Swamp Timothy,low,0.25
54,KRN,8/9/2019 16:34,GG,14,14D-1,1.446039796,,41605,Swamp Timothy,low,0.05
54,KRN,8/9/2019 16:34,GG,14,14D-1,1.446039796,,NA,Other Cover,NA,0.95
55,KRN,8/9/2019 16:35,TB,14,14G-1,10.34914398,,41605,Swamp Timothy,medium,0.15
55,KRN,8/9/2019 16:35,TB,14,14G-1,10.34914398,,41605,Swamp Timothy,low,0.3
56,KRN,8/9/2019 16:41,LD,14,14G-1,2.506060839,,41605,Swamp Timothy,low,0.35
56,KRN,8/9/2019 16:41,LD,14,14G-1,2.506060839,,NA,Other Cover,NA,0.65
57,KRN,8/9/2019 16:42,GG,14,14D-1,3.804855347,,41605,Swamp Timothy,low,0.05
57,KRN,8/9/2019 16:42,GG,14,14D-1,3.804855347,,NA,Other Cover,NA,0.95
58,KRN,8/9/2019 16:59,LD,14,14G-2,0.422020674,,41605,Swamp Timothy,medium,0.4
58,KRN,8/9/2019 16:59,LD,14,14G-2,0.422020674,,41605,Swamp Timothy,low,0.6
59,KRN,8/9/2019 17:00,LD,14,14G-2,1.438381314,,NA,Other Cover,NA,1
60,KRN,8/9/2019 17:01,GG,14,14D-2,1.769409895,,41605,Swamp Timothy,low,0.05
60,KRN,8/9/2019 17:01,GG,14,14D-2,1.769409895,,NA,Other Cover,NA,0.95
61,KRN,8/9/2019 17:04,GG,14,14D-2,1.204807162,,NA,Other Cover,NA,1
62,KRN,8/9/2019 17:08,TB,14,14-F,4.665717125,,NA,Other Cover,NA,1
63,KRN,8/9/2019 17:11,LD,14,14C-1,1.621739507,,41605,Swamp Timothy,low,0.4
63,KRN,8/9/2019 17:11,LD,14,14C-1,1.621739507,,NA,Other Cover,NA,0.6
64,KRN,8/9/2019 17:13,GG,14,14A-1,7.40887022,"Timothy only in swale, observed while driving along lever",41605,Swamp Timothy,low,0.05
64,KRN,8/9/2019 17:13,GG,14,14A-1,7.40887022,"Timothy only in swale, observed while driving along lever",NA,Other Cover,NA,0.95
65,KRN,8/9/2019 17:14,TB,14,14C-2,1.877379298,,41605,Swamp Timothy,high,0.025
65,KRN,8/9/2019 17:14,TB,14,14C-2,1.877379298,,NA,Other Cover,NA,0.025
65,KRN,8/9/2019 17:14,TB,14,14C-2,1.877379298,,41605,Swamp Timothy,medium,0.3
65,KRN,8/9/2019 17:14,TB,14,14C-2,1.877379298,,41605,Swamp Timothy,low,0.65
66,KRN,8/9/2019 17:18,JM,14,14B-2,6.07414341,,41605,Swamp Timothy,low,0.1
66,KRN,8/9/2019 17:18,JM,14,14B-2,6.07414341,,NA,Other Cover,NA,0.9
67,KRN,,JM,14,14B-2,5.219707012,,41605,Swamp Timothy,low,0.025
67,KRN,,JM,14,14B-2,5.219707012,,NA,Other Cover,NA,0.95
68,KRN,8/9/2019 17:19,GG,14,14A-1,8.470789909,"Observed while driving, ",41605,Swamp Timothy,low,0.025
68,KRN,8/9/2019 17:19,GG,14,14A-1,8.470789909,"Observed while driving, ",NA,Other Cover,NA,0.95
69,KRN,8/9/2019 17:25,Tb,14,14C-2,5.40724802,,41605,Swamp Timothy,low,0.1
69,KRN,8/9/2019 17:25,Tb,14,14C-2,5.40724802,,41605,Swamp Timothy,high,0.25
69,KRN,8/9/2019 17:25,Tb,14,14C-2,5.40724802,,NA,Other Cover,NA,0.3
69,KRN,8/9/2019 17:25,Tb,14,14C-2,5.40724802,,41605,Swamp Timothy,medium,0.35
70,KRN,8/9/2019 17:35,JM,14,14B-1,4.008776188,,NA,Other Cover,NA,0.25
70,KRN,8/9/2019 17:35,JM,14,14B-1,4.008776188,,41605,Swamp Timothy,low,0.75
71,KRN,8/9/2019 17:42,JM,14,14B-1,10.77761173,,41605,Swamp Timothy,medium,0.15
71,KRN,8/9/2019 17:42,JM,14,14B-1,10.77761173,,NA,Other Cover,NA,0.35
71,KRN,8/9/2019 17:42,JM,14,14B-1,10.77761173,,41605,Swamp Timothy,low,0.5
72,KRN,8/9/2019 17:50,JM,14,14A-2,2.308494091,,41605,Swamp Timothy,low,0.025
72,KRN,8/9/2019 17:50,JM,14,14A-2,2.308494091,,NA,Other Cover,NA,0.95
73,KRN,8/9/2019 17:54,GG,14,14A-2,8.245195389,,41605,Swamp Timothy,low,0.025
73,KRN,8/9/2019 17:54,GG,14,14A-2,8.245195389,,NA,Other Cover,NA,0.95
74,KRN,8/9/2019 17:58,GG,14,14A-1,10.1858511,,41605,Swamp Timothy,low,0.05
74,KRN,8/9/2019 17:58,GG,14,14A-1,10.1858511,,NA,Other Cover,NA,0.95
75,SLW,8/12/2019 14:58,JM,Lewis 6,22,1.509268045,,502210,Watergrass,medium,0.1
75,SLW,8/12/2019 14:58,JM,Lewis 6,22,1.509268045,,502210,Watergrass,high,0.1
75,SLW,8/12/2019 14:58,JM,Lewis 6,22,1.509268045,,502210,Watergrass,low,0.3
76,SLW,8/12/2019 16:22,JM,Lewis 1,22,3.300486803,,41605,Swamp Timothy,medium,0.2
76,SLW,8/12/2019 16:22,JM,Lewis 1,22,3.300486803,,502210,Watergrass,medium,0.2
76,SLW,8/12/2019 16:22,JM,Lewis 1,22,3.300486803,,41605,Swamp Timothy,high,0.5
77,SLW,8/12/2019 16:27,JM,Lewis 1,22,3.519203901,Open water,502210,Watergrass,low,0.1
77,SLW,8/12/2019 16:27,JM,Lewis 1,22,3.519203901,Open water,502210,Watergrass,medium,0.1
78,SLW,8/12/2019 16:29,JM,Lewis 1,22,1.798696637,,502210,Watergrass,medium,0.05
78,SLW,8/12/2019 16:29,JM,Lewis 1,22,1.798696637,,502210,Watergrass,low,0.1
79,SLW,8/12/2019 16:54,JM,Beach Lake 3,Beach Lake 3,2.676165819,,41605,Swamp Timothy,high,0.25
80,SLW,8/12/2019 16:56,JM,Beach Lake 3,Beach Lake 3,1.561014533,,41605,Swamp Timothy,high,0.25
80,SLW,8/12/2019 16:56,JM,Beach Lake 3,Beach Lake 3,1.561014533,,NA,Other Cover,NA,0.75
81,SLW,8/12/2019 16:59,BT,Beach Lake 3,Beach Lake 3,2.889871597,,41605,Swamp Timothy,medium,0.3
81,SLW,8/12/2019 16:59,BT,Beach Lake 3,Beach Lake 3,2.889871597,,NA,Other Cover,NA,0.3
81,SLW,8/12/2019 16:59,BT,Beach Lake 3,Beach Lake 3,2.889871597,,41605,Swamp Timothy,low,0.4
82,SLW,8/12/2019 17:12,LD,Beach Lake 3,Beach Lake 3,1.555670738,,NA,Other Cover,NA,0.2
82,SLW,8/12/2019 17:12,LD,Beach Lake 3,Beach Lake 3,1.555670738,,41605,Swamp Timothy,low,0.3
82,SLW,8/12/2019 17:12,LD,Beach Lake 3,Beach Lake 3,1.555670738,,41605,Swamp Timothy,medium,0.5
83,SLW,8/12/2019 17:17,JM,Beach Lake 3,Beach Lake 3,1.643655181,,41605,Swamp Timothy,low,0.1
83,SLW,8/12/2019 17:17,JM,Beach Lake 3,Beach Lake 3,1.643655181,,NA,Other Cover,NA,0.4
83,SLW,8/12/2019 17:17,JM,Beach Lake 3,Beach Lake 3,1.643655181,,41605,Swamp Timothy,medium,0.5
84,SLW,8/12/2019 17:38,BT,Beach Lake 1,Beach Lake 1,3.419126749,,41605,Swamp Timothy,low,0.3
84,SLW,8/12/2019 17:38,BT,Beach Lake 1,Beach Lake 1,3.419126749,,41605,Swamp Timothy,medium,0.3
84,SLW,8/12/2019 17:38,BT,Beach Lake 1,Beach Lake 1,3.419126749,,NA,Other Cover,NA,0.4
85,SLW,8/12/2019 17:41,LD,Beach Lake 1,Beach Lake 1,3.491629601,,41605,Swamp Timothy,high,0.05
85,SLW,8/12/2019 17:41,LD,Beach Lake 1,Beach Lake 1,3.491629601,,41605,Swamp Timothy,low,0.3
85,SLW,8/12/2019 17:41,LD,Beach Lake 1,Beach Lake 1,3.491629601,,NA,Other Cover,NA,1
86,SLW,8/12/2019 17:45,LD,Beach Lake 1,Beach Lake 1,4.405035496,,41605,Swamp Timothy,medium,0.15
86,SLW,8/12/2019 17:45,LD,Beach Lake 1,Beach Lake 1,4.405035496,,41605,Swamp Timothy,low,0.5
87,SLW,8/12/2019 17:51,LD,Beach Lake 1,Beach Lake 1,3.5211761,,41605,Swamp Timothy,medium,0.2
87,SLW,8/12/2019 17:51,LD,Beach Lake 1,Beach Lake 1,3.5211761,,41605,Swamp Timothy,high,0.2
87,SLW,8/12/2019 17:51,LD,Beach Lake 1,Beach Lake 1,3.5211761,,NA,Other Cover,NA,0.25
87,SLW,8/12/2019 17:51,LD,Beach Lake 1,Beach Lake 1,3.5211761,,41605,Swamp Timothy,low,0.35
88,SLW,8/12/2019 7:21,JM,HQ-7,27a,8.292748451,,502210,Watergrass,medium,0.1
88,SLW,8/12/2019 7:21,JM,HQ-7,27a,8.292748451,,41605,Swamp Timothy,low,0.2
88,SLW,8/12/2019 7:21,JM,HQ-7,27a,8.292748451,,41605,Swamp Timothy,high,0.25
88,SLW,8/12/2019 7:21,JM,HQ-7,27a,8.292748451,,NA,Other Cover,NA,0.45
89,SLW,8/12/2019 19:08,JM,HQ-7,27a,2.679567099,Mixed in with smartweed overstory,41605,Swamp Timothy,medium,0.05
89,SLW,8/12/2019 19:08,JM,HQ-7,27a,2.679567099,Mixed in with smartweed overstory,NA,Other Cover,NA,0.1
89,SLW,8/12/2019 19:08,JM,HQ-7,27a,2.679567099,Mixed in with smartweed overstory,41605,Swamp Timothy,high,0.85
90,SLW,8/12/2019 19:17,JM,HQ-7,27a,1.52614522,,502210,Watergrass,low,0.1
90,SLW,8/12/2019 19:17,JM,HQ-7,27a,1.52614522,,41605,Swamp Timothy,low,0.15
90,SLW,8/12/2019 19:17,JM,HQ-7,27a,1.52614522,,502210,Watergrass,medium,0.2
91,SLW,8/12/2019 19:17,LD,HQ-7,27a,2.555262089,,41605,Swamp Timothy,high,0.2
91,SLW,8/12/2019 19:17,LD,HQ-7,27a,2.555262089,,NA,Other Cover,NA,0.3
91,SLW,8/12/2019 19:17,LD,HQ-7,27a,2.555262089,,41605,Swamp Timothy,medium,0.5
92,SLW,8/12/2019 19:20,JM,HQ-7,27a,1.383665681,Lots of cocklebur,41605,Swamp Timothy,high,0.1
92,SLW,8/12/2019 19:20,JM,HQ-7,27a,1.383665681,Lots of cocklebur,502210,Watergrass,medium,0.15
92,SLW,8/12/2019 19:20,JM,HQ-7,27a,1.383665681,Lots of cocklebur,41605,Swamp Timothy,medium,0.2
92,SLW,8/12/2019 19:20,JM,HQ-7,27a,1.383665681,Lots of cocklebur,NA,Other Cover,NA,0.55
93,SLW,8/12/2019 19:22,LD,HQ-7,27a,5.968152046,Non food species is knotgrass,41605,Swamp Timothy,medium,0.3
93,SLW,8/12/2019 19:22,LD,HQ-7,27a,5.968152046,Non food species is knotgrass,NA,Other Cover,NA,0.6
94,SLW,8/12/2019 19:25,JM,HQ-7,27a,3.150870323,Recently mowed,502210,Watergrass,low,0.1
94,SLW,8/12/2019 19:25,JM,HQ-7,27a,3.150870323,Recently mowed,NA,Other Cover,NA,0.2
94,SLW,8/12/2019 19:25,JM,HQ-7,27a,3.150870323,Recently mowed,41605,Swamp Timothy,high,0.7
95,SLW,8/12/2019 19:29,JM,HQ-7,27a,11.86081982,Upland,NA,Other Cover,NA,1
96,KRN,8/13/2019 22:02,GG,14,14G-2,4.87983799,,41605,Swamp Timothy,medium,0.05
96,KRN,8/13/2019 22:02,GG,14,14G-2,4.87983799,,41605,Swamp Timothy,low,0.3
96,KRN,8/13/2019 22:02,GG,14,14G-2,4.87983799,,NA,Other Cover,NA,0.65
97,KRN,8/13/2019 22:06,GG,14,14G-2,6.440118313,,41605,Swamp Timothy,low,0.025
97,KRN,8/13/2019 22:06,GG,14,14G-2,6.440118313,,NA,Other Cover,NA,0.95
98,KRN,8/13/2019 22:08,GG,14,14G-2,3.871667862,,41605,Swamp Timothy,low,0.025
98,KRN,8/13/2019 22:08,GG,14,14G-2,3.871667862,,NA,Other Cover,NA,0.95
99,KRN,8/13/2019 22:16,GG,14,14G-2,2.90016222,,41605,Swamp Timothy,medium,0.025
99,KRN,8/13/2019 22:16,GG,14,14G-2,2.90016222,,41605,Swamp Timothy,low,0.15
99,KRN,8/13/2019 22:16,GG,14,14G-2,2.90016222,,NA,Other Cover,NA,0.8
100,KRN,8/13/2019 22:27,GG,14,1.40E+00,2.35426116,,41605,Swamp Timothy,low,0.15
100,KRN,8/13/2019 22:27,GG,14,1.40E+00,2.35426116,,NA,Other Cover,NA,0.85
101,KRN,8/13/2019 22:31,GG,14,14-F,6.416127205,,41605,Swamp Timothy,medium,0.05
101,KRN,8/13/2019 22:31,GG,14,14-F,6.416127205,,41605,Swamp Timothy,low,0.2
101,KRN,8/13/2019 22:31,GG,14,14-F,6.416127205,,NA,Other Cover,NA,0.75
102,KRN,8/13/2019 22:47,GG,14,14C-1,3.48362875,,41605,Swamp Timothy,medium,0.05
102,KRN,8/13/2019 22:47,GG,14,14C-1,3.48362875,,41605,Swamp Timothy,low,0.3
102,KRN,8/13/2019 22:47,GG,14,14C-1,3.48362875,,NA,Other Cover,NA,0.65
103,KRN,8/13/2019 22:49,GG,14,14C-1,5.741197586,,41605,Swamp Timothy,medium,0.025
103,KRN,8/13/2019 22:49,GG,14,14C-1,5.741197586,,41605,Swamp Timothy,low,0.1
103,KRN,8/13/2019 22:49,GG,14,14C-1,5.741197586,,NA,Other Cover,NA,0.85
104,KRN,8/13/2019 22:51,GG,14,14C-1,2.240413666,,NA,Other Cover,NA,1
105,PIX,8/14/2019 16:39,GG,9B,9B,6.219445705,,41605,Swamp Timothy,high,0.15
105,PIX,8/14/2019 16:39,GG,9B,9B,6.219445705,,41605,Swamp Timothy,medium,0.25
105,PIX,8/14/2019 16:39,GG,9B,9B,6.219445705,,41605,Swamp Timothy,low,0.6
106,PIX,8/14/2019 16:41,GG,9B,9B,2.887755632,,502210,Watergrass,low,0.01
106,PIX,8/14/2019 16:41,GG,9B,9B,2.887755632,,41605,Swamp Timothy,high,0.1
106,PIX,8/14/2019 16:41,GG,9B,9B,2.887755632,,41605,Swamp Timothy,medium,0.35
106,PIX,8/14/2019 16:41,GG,9B,9B,2.887755632,,41605,Swamp Timothy,low,0.55
107,PIX,8/14/2019 16:43,GG,9B,9B,4.296792984,,502210,Watergrass,low,0.025
107,PIX,8/14/2019 16:43,GG,9B,9B,4.296792984,,41605,Swamp Timothy,high,0.15
107,PIX,8/14/2019 16:43,GG,9B,9B,4.296792984,,41605,Swamp Timothy,medium,0.25
107,PIX,8/14/2019 16:43,GG,9B,9B,4.296792984,,41605,Swamp Timothy,low,0.55
108,PIX,8/14/2019 16:45,GG,9B,9B,2.78527236,,41605,Swamp Timothy,low,0.15
108,PIX,8/14/2019 16:45,GG,9B,9B,2.78527236,,41605,Swamp Timothy,medium,0.3
108,PIX,8/14/2019 16:45,GG,9B,9B,2.78527236,,41605,Swamp Timothy,high,0.55
109,PIX,8/14/2019 16:52,GG,8A,8A,15.8761425,,41605,Swamp Timothy,high,0.15
109,PIX,8/14/2019 16:52,GG,8A,8A,15.8761425,,41605,Swamp Timothy,medium,0.3
109,PIX,8/14/2019 16:52,GG,8A,8A,15.8761425,,41605,Swamp Timothy,low,0.55
110,PIX,8/14/2019 16:56,GG,8B,8B,27.6593914,,NA,Other Cover,NA,0.05
110,PIX,8/14/2019 16:56,GG,8B,8B,27.6593914,,41605,Swamp Timothy,high,0.1
110,PIX,8/14/2019 16:56,GG,8B,8B,27.6593914,,41605,Swamp Timothy,low,0.25
110,PIX,8/14/2019 16:56,GG,8B,8B,27.6593914,,41605,Swamp Timothy,medium,0.6
111,PIX,8/14/2019 17:06,GG,7B,7B,14.7839613,,41605,Swamp Timothy,high,0.1
111,PIX,8/14/2019 17:06,GG,7B,7B,14.7839613,,41605,Swamp Timothy,medium,0.25
111,PIX,8/14/2019 17:06,GG,7B,7B,14.7839613,,41605,Swamp Timothy,low,0.65
112,PIX,8/14/2019 17:13,GG,6,6,12.47113037,,41605,Swamp Timothy,low,0.05
112,PIX,8/14/2019 17:13,GG,6,6,12.47113037,,41605,Swamp Timothy,medium,0.1
112,PIX,8/14/2019 17:13,GG,6,6,12.47113037,,41605,Swamp Timothy,high,0.1
112,PIX,8/14/2019 17:13,GG,6,6,12.47113037,,NA,Other Cover,NA,0.75
113,PIX,8/14/2019 17:18,GG,6,6,15.7602644,,41605,Swamp Timothy,low,0.05
113,PIX,8/14/2019 17:18,GG,6,6,15.7602644,,41605,Swamp Timothy,medium,0.05
113,PIX,8/14/2019 17:18,GG,6,6,15.7602644,,NA,Other Cover,NA,0.9
114,PIX,8/14/2019 17:20,GG,6,6,8.461650848,,41605,Swamp Timothy,high,0.025
114,PIX,8/14/2019 17:20,GG,6,6,8.461650848,,41605,Swamp Timothy,medium,0.1
114,PIX,8/14/2019 17:20,GG,6,6,8.461650848,,41605,Swamp Timothy,low,0.25
114,PIX,8/14/2019 17:20,GG,6,6,8.461650848,,NA,Other Cover,NA,0.6
115,PIX,8/14/2019 17:28,GG,1,1,12.01383972,,41605,Swamp Timothy,low,0.15
115,PIX,8/14/2019 17:28,GG,1,1,12.01383972,,41605,Swamp Timothy,high,0.15
115,PIX,8/14/2019 17:28,GG,1,1,12.01383972,,41605,Swamp Timothy,medium,0.2
115,PIX,8/14/2019 17:28,GG,1,1,12.01383972,,NA,Other Cover,NA,0.5
116,PIX,8/14/2019 17:53,GG,2A,2A,6.142618179,,41605,Swamp Timothy,high,0.05
116,PIX,8/14/2019 17:53,GG,2A,2A,6.142618179,,41605,Swamp Timothy,low,0.1
116,PIX,8/14/2019 17:53,GG,2A,2A,6.142618179,,41605,Swamp Timothy,medium,0.15
116,PIX,8/14/2019 17:53,GG,2A,2A,6.142618179,,NA,Other Cover,NA,0.7
117,PIX,8/14/2019 17:58,GG,1,1,10.93135548,,41605,Swamp Timothy,high,0.15
117,PIX,8/14/2019 17:58,GG,1,1,10.93135548,,NA,Other Cover,NA,0.2
117,PIX,8/14/2019 17:58,GG,1,1,10.93135548,,41605,Swamp Timothy,medium,0.3
117,PIX,8/14/2019 17:58,GG,1,1,10.93135548,,41605,Swamp Timothy,low,0.35
118,PIX,8/14/2019 18:02,GG,2,2,11.74617195,,502210,Watergrass,medium,0.05
118,PIX,8/14/2019 18:02,GG,2,2,11.74617195,,502210,Watergrass,high,0.05
118,PIX,8/14/2019 18:02,GG,2,2,11.74617195,,41605,Swamp Timothy,high,0.2
118,PIX,8/14/2019 18:02,GG,2,2,11.74617195,,41605,Swamp Timothy,low,0.3
118,PIX,8/14/2019 18:02,GG,2,2,11.74617195,,41605,Swamp Timothy,medium,0.4
119,PIX,8/14/2019 18:06,GG,3A,3A,9.023389816,,502210,Watergrass,high,0.05
119,PIX,8/14/2019 18:06,GG,3A,3A,9.023389816,,41605,Swamp Timothy,low,0.15
119,PIX,8/14/2019 18:06,GG,3A,3A,9.023389816,,502210,Watergrass,medium,0.15
119,PIX,8/14/2019 18:06,GG,3A,3A,9.023389816,,41605,Swamp Timothy,high,0.35
119,PIX,8/14/2019 18:06,GG,3A,3A,9.023389816,,41605,Swamp Timothy,medium,0.4
120,PIX,8/14/2019 18:10,GG,2,2,15.35193157,,502210,Watergrass,low,0.05
120,PIX,8/14/2019 18:10,GG,2,2,15.35193157,,502210,Watergrass,medium,0.05
120,PIX,8/14/2019 18:10,GG,2,2,15.35193157,,41605,Swamp Timothy,high,0.15
120,PIX,8/14/2019 18:10,GG,2,2,15.35193157,,41605,Swamp Timothy,medium,0.35
120,PIX,8/14/2019 18:10,GG,2,2,15.35193157,,41605,Swamp Timothy,low,0.45
121,PIX,8/14/2019 18:16,GG,4A,4A,13.17222786,,502210,Watergrass,high,0.05
121,PIX,8/14/2019 18:16,GG,4A,4A,13.17222786,,502210,Watergrass,medium,0.1
121,PIX,8/14/2019 18:16,GG,4A,4A,13.17222786,,41605,Swamp Timothy,low,0.15
121,PIX,8/14/2019 18:16,GG,4A,4A,13.17222786,,502210,Watergrass,low,0.2
121,PIX,8/14/2019 18:16,GG,4A,4A,13.17222786,,41605,Swamp Timothy,medium,0.3
121,PIX,8/14/2019 18:16,GG,4A,4A,13.17222786,,41605,Swamp Timothy,high,0.4
122,PIX,8/14/2019 18:18,GG,3,3,14.15749454,,502210,Watergrass,low,0.05
122,PIX,8/14/2019 18:18,GG,3,3,14.15749454,,41605,Swamp Timothy,high,0.1
122,PIX,8/14/2019 18:18,GG,3,3,14.15749454,,41605,Swamp Timothy,medium,0.35
122,PIX,8/14/2019 18:18,GG,3,3,14.15749454,,41605,Swamp Timothy,low,0.55
123,PIX,8/14/2019 18:21,GG,4A,4A,17.87624741,,502210,Watergrass,medium,0.05
123,PIX,8/14/2019 18:21,GG,4A,4A,17.87624741,,502210,Watergrass,low,0.15
123,PIX,8/14/2019 18:21,GG,4A,4A,17.87624741,,NA,Other Cover,NA,0.15
123,PIX,8/14/2019 18:21,GG,4A,4A,17.87624741,,41605,Swamp Timothy,medium,0.2
123,PIX,8/14/2019 18:21,GG,4A,4A,17.87624741,,41605,Swamp Timothy,high,0.2
123,PIX,8/14/2019 18:21,GG,4A,4A,17.87624741,,41605,Swamp Timothy,low,0.35
124,PIX,8/14/2019 18:27,GG,4,4,37.42992401,,502210,Watergrass,low,0.05
124,PIX,8/14/2019 18:27,GG,4,4,37.42992401,,NA,Other Cover,NA,0.05
124,PIX,8/14/2019 18:27,GG,4,4,37.42992401,,502210,Watergrass,medium,0.1
124,PIX,8/14/2019 18:27,GG,4,4,37.42992401,,41605,Swamp Timothy,high,0.15
124,PIX,8/14/2019 18:27,GG,4,4,37.42992401,,41605,Swamp Timothy,medium,0.2
124,PIX,8/14/2019 18:27,GG,4,4,37.42992401,,41605,Swamp Timothy,low,0.55
125,KRN,8/14/2019 20:55,GG,4B,4B-1,35.84605026,,41605,Swamp Timothy,high,0.15
125,KRN,8/14/2019 20:55,GG,4B,4B-1,35.84605026,,41605,Swamp Timothy,low,0.2
125,KRN,8/14/2019 20:55,GG,4B,4B-1,35.84605026,,NA,Other Cover,NA,0.3
125,KRN,8/14/2019 20:55,GG,4B,4B-1,35.84605026,,41605,Swamp Timothy,medium,0.35
126,KRN,8/14/2019 21:00,GG,4B,4B-2,15.81413937,,41605,Swamp Timothy,medium,0.05
126,KRN,8/14/2019 21:00,GG,4B,4B-2,15.81413937,,41605,Swamp Timothy,low,0.25
126,KRN,8/14/2019 21:00,GG,4B,4B-2,15.81413937,,NA,Other Cover,NA,0.7
127,KRN,8/14/2019 21:02,GG,4B,4B-2,13.4189539,,41605,Swamp Timothy,medium,0.1
127,KRN,8/14/2019 21:02,GG,4B,4B-2,13.4189539,,NA,Other Cover,NA,0.2
127,KRN,8/14/2019 21:02,GG,4B,4B-2,13.4189539,,41605,Swamp Timothy,low,0.7
128,KRN,8/14/2019 21:05,GG,4B,4B-4,6.179788589,,41605,Swamp Timothy,medium,0.05
128,KRN,8/14/2019 21:05,GG,4B,4B-4,6.179788589,,NA,Other Cover,NA,0.25
128,KRN,8/14/2019 21:05,GG,4B,4B-4,6.179788589,,41605,Swamp Timothy,low,0.7
129,KRN,8/14/2019 21:09,GG,4B,4B-4,1.7538445,,41605,Swamp Timothy,low,0.15
129,KRN,8/14/2019 21:09,GG,4B,4B-4,1.7538445,,NA,Other Cover,NA,0.85
130,KRN,8/14/2019 21:12,GG,4B,4B-4,2.244268894,,41605,Swamp Timothy,low,0.05
130,KRN,8/14/2019 21:12,GG,4B,4B-4,2.244268894,,NA,Other Cover,NA,0.95
131,KRN,8/14/2019 21:18,GG,4A,4A-6,10.97426987,,41605,Swamp Timothy,low,0.1
131,KRN,8/14/2019 21:18,GG,4A,4A-6,10.97426987,,NA,Other Cover,NA,0.9
132,KRN,8/14/2019 21:23,GG,4A,4A-7,9.881828308,,41605,Swamp Timothy,medium,0.1
132,KRN,8/14/2019 21:23,GG,4A,4A-7,9.881828308,,NA,Other Cover,NA,0.2
132,KRN,8/14/2019 21:23,GG,4A,4A-7,9.881828308,,41605,Swamp Timothy,low,0.7
133,KRN,8/14/2019 21:26,GG,4A,4A-7,8.916666031,,41605,Swamp Timothy,medium,0.05
133,KRN,8/14/2019 21:26,GG,4A,4A-7,8.916666031,,41605,Swamp Timothy,low,0.15
133,KRN,8/14/2019 21:26,GG,4A,4A-7,8.916666031,,NA,Other Cover,NA,0.8
134,KRN,8/14/2019 21:29,GG,4A,4A-5,13.89373016,,NA,Other Cover,NA,0.05
134,KRN,8/14/2019 21:29,GG,4A,4A-5,13.89373016,,41605,Swamp Timothy,low,0.15
134,KRN,8/14/2019 21:29,GG,4A,4A-5,13.89373016,,41605,Swamp Timothy,medium,0.2
134,KRN,8/14/2019 21:29,GG,4A,4A-5,13.89373016,,41605,Swamp Timothy,high,0.6
135,KRN,8/14/2019 21:31,GG,4A,4A-5,9.267093658,,NA,Other Cover,NA,0.05
135,KRN,8/14/2019 21:31,GG,4A,4A-5,9.267093658,,41605,Swamp Timothy,low,0.15
135,KRN,8/14/2019 21:31,GG,4A,4A-5,9.267093658,,41605,Swamp Timothy,high,0.35
135,KRN,8/14/2019 21:31,GG,4A,4A-5,9.267093658,,41605,Swamp Timothy,medium,0.45
136,KRN,8/14/2019 21:34,GG,4A,4A-5,4.96756506,,41605,Swamp Timothy,medium,0.25
136,KRN,8/14/2019 21:34,GG,4A,4A-5,4.96756506,,NA,Other Cover,NA,0.25
136,KRN,8/14/2019 21:34,GG,4A,4A-5,4.96756506,,41605,Swamp Timothy,low,0.5
137,KRN,8/14/2019 21:36,GG,4A,4A-2,8.684185028,,NA,Other Cover,NA,0.1
137,KRN,8/14/2019 21:36,GG,4A,4A-2,8.684185028,,41605,Swamp Timothy,low,0.2
137,KRN,8/14/2019 21:36,GG,4A,4A-2,8.684185028,,41605,Swamp Timothy,high,0.25
137,KRN,8/14/2019 21:36,GG,4A,4A-2,8.684185028,,502210,Watergrass,low,0.25
137,KRN,8/14/2019 21:36,GG,4A,4A-2,8.684185028,,41605,Swamp Timothy,medium,0.35
138,KRN,8/14/2019 21:40,GG,4A,4A-2,10.60793018,,41605,Swamp Timothy,low,0.05
138,KRN,8/14/2019 21:40,GG,4A,4A-2,10.60793018,,NA,Other Cover,NA,0.15
138,KRN,8/14/2019 21:40,GG,4A,4A-2,10.60793018,,41605,Swamp Timothy,high,0.2
138,KRN,8/14/2019 21:40,GG,4A,4A-2,10.60793018,,502210,Watergrass,low,0.2
138,KRN,8/14/2019 21:40,GG,4A,4A-2,10.60793018,,41605,Swamp Timothy,medium,0.5
139,KRN,8/14/2019 21:42,GG,4A,4A-2,7.27458477,,41605,Swamp Timothy,low,0.1
139,KRN,8/14/2019 21:42,GG,4A,4A-2,7.27458477,,NA,Other Cover,NA,0.1
139,KRN,8/14/2019 21:42,GG,4A,4A-2,7.27458477,,502210,Watergrass,low,0.15
139,KRN,8/14/2019 21:42,GG,4A,4A-2,7.27458477,,41605,Swamp Timothy,high,0.35
139,KRN,8/14/2019 21:42,GG,4A,4A-2,7.27458477,,41605,Swamp Timothy,medium,0.4
140,KRN,8/14/2019 21:45,GG,4A,4A-1,17.58425713,,41605,Swamp Timothy,low,0.35
140,KRN,8/14/2019 21:45,GG,4A,4A-1,17.58425713,,NA,Other Cover,NA,0.65
141,KRN,8/14/2019 21:47,GG,4A,4A-1,14.15048313,,41605,Swamp Timothy,low,0.35
141,KRN,8/14/2019 21:47,GG,4A,4A-1,14.15048313,,NA,Other Cover,NA,0.65
142,KRN,8/14/2019 21:54,GG,5A,5A-1,8.680081367,,41605,Swamp Timothy,medium,0.1
142,KRN,8/14/2019 21:54,GG,5A,5A-1,8.680081367,,41605,Swamp Timothy,low,0.4
142,KRN,8/14/2019 21:54,GG,5A,5A-1,8.680081367,,NA,Other Cover,NA,0.5
143,KRN,8/14/2019 21:56,GG,5A,5A-4,8.101575851,,41605,Swamp Timothy,medium,0.1
143,KRN,8/14/2019 21:56,GG,5A,5A-4,8.101575851,,41605,Swamp Timothy,low,0.25
143,KRN,8/14/2019 21:56,GG,5A,5A-4,8.101575851,,NA,Other Cover,NA,0.65
144,KRN,8/14/2019 21:58,GG,5A,5A-4,8.853618622,,41605,Swamp Timothy,low,0.25
144,KRN,8/14/2019 21:58,GG,5A,5A-4,8.853618622,,NA,Other Cover,NA,0.75
145,KRN,8/14/2019 22:00,GG,5A,5A-1,18.70485115,,41605,Swamp Timothy,low,0.35
145,KRN,8/14/2019 22:00,GG,5A,5A-1,18.70485115,,NA,Other Cover,NA,0.65
146,KRN,8/14/2019 22:04,GG,5A,5A-4,9.409807205,,41605,Swamp Timothy,medium,0.05
146,KRN,8/14/2019 22:04,GG,5A,5A-4,9.409807205,,41605,Swamp Timothy,low,0.3
146,KRN,8/14/2019 22:04,GG,5A,5A-4,9.409807205,,NA,Other Cover,NA,0.65
147,KRN,8/14/2019 22:07,GG,4A,4A-3,12.86744308,,41605,Swamp Timothy,low,0.15
147,KRN,8/14/2019 22:07,GG,4A,4A-3,12.86744308,,NA,Other Cover,NA,0.2
147,KRN,8/14/2019 22:07,GG,4A,4A-3,12.86744308,,41605,Swamp Timothy,medium,0.3
147,KRN,8/14/2019 22:07,GG,4A,4A-3,12.86744308,,41605,Swamp Timothy,high,0.35
148,KRN,8/14/2019 22:09,GG,5A,5A-7,10.66877651,,41605,Swamp Timothy,medium,0.1
148,KRN,8/14/2019 22:09,GG,5A,5A-7,10.66877651,,NA,Other Cover,NA,0.35
148,KRN,8/14/2019 22:09,GG,5A,5A-7,10.66877651,,41605,Swamp Timothy,low,0.55
149,KRN,8/14/2019 22:11,GG,4A,4A-6,11.49403667,,41605,Swamp Timothy,high,0.05
149,KRN,8/14/2019 22:11,GG,4A,4A-6,11.49403667,,41605,Swamp Timothy,medium,0.15
149,KRN,8/14/2019 22:11,GG,4A,4A-6,11.49403667,,41605,Swamp Timothy,low,0.2
149,KRN,8/14/2019 22:11,GG,4A,4A-6,11.49403667,,NA,Other Cover,NA,0.6
150,KRN,8/14/2019 22:17,GG,4A,4A-6,16.82620621,,41605,Swamp Timothy,low,0.2
150,KRN,8/14/2019 22:17,GG,4A,4A-6,16.82620621,,NA,Other Cover,NA,0.2
150,KRN,8/14/2019 22:17,GG,4A,4A-6,16.82620621,,41605,Swamp Timothy,high,0.25
150,KRN,8/14/2019 22:17,GG,4A,4A-6,16.82620621,,41605,Swamp Timothy,medium,0.35
151,KRN,8/14/2019 22:20,GG,5A,5A-7,13.32591343,,41605,Swamp Timothy,medium,0.15
151,KRN,8/14/2019 22:20,GG,5A,5A-7,13.32591343,,NA,Other Cover,NA,0.35
151,KRN,8/14/2019 22:20,GG,5A,5A-7,13.32591343,,41605,Swamp Timothy,low,0.5
152,KRN,8/14/2019 22:22,GG,5A,5A-5,11.70796204,,41605,Swamp Timothy,medium,0.05
152,KRN,8/14/2019 22:22,GG,5A,5A-5,11.70796204,,41605,Swamp Timothy,low,0.15
152,KRN,8/14/2019 22:22,GG,5A,5A-5,11.70796204,,NA,Other Cover,NA,0.8
153,CLS,8/20/2019 16:23,TB,T17,T17,3.7886374,,41605,Swamp Timothy,low,0.15
153,CLS,8/20/2019 16:23,TB,T17,T17,3.7886374,,41605,Swamp Timothy,high,0.3
153,CLS,8/20/2019 16:23,TB,T17,T17,3.7886374,,41605,Swamp Timothy,medium,0.45
154,CLS,8/20/2019 16:23,JM,T17,T17,7.570234299,,NA,Other Cover,NA,0.05
154,CLS,8/20/2019 16:23,JM,T17,T17,7.570234299,,41605,Swamp Timothy,low,0.2
154,CLS,8/20/2019 16:23,JM,T17,T17,7.570234299,,41605,Swamp Timothy,medium,0.35
154,CLS,8/20/2019 16:23,JM,T17,T17,7.570234299,,41605,Swamp Timothy,high,0.4
155,CLS,8/20/2019 17:03,JM,T17,T17,4.518969536,,41605,Swamp Timothy,low,0.1
155,CLS,8/20/2019 17:03,JM,T17,T17,4.518969536,,NA,Other Cover,NA,0.1
155,CLS,8/20/2019 17:03,JM,T17,T17,4.518969536,,41605,Swamp Timothy,medium,0.2
155,CLS,8/20/2019 17:03,JM,T17,T17,4.518969536,,41605,Swamp Timothy,high,0.6
156,CLS,8/20/2019 17:09,Tb,T17,T17,10.8303566,,41605,Swamp Timothy,low,0.1
156,CLS,8/20/2019 17:09,Tb,T17,T17,10.8303566,,41605,Swamp Timothy,high,0.35
156,CLS,8/20/2019 17:09,Tb,T17,T17,10.8303566,,41605,Swamp Timothy,medium,0.45
157,CLS,8/20/2019 17:20,JM,T17,T17,3.775424004,,41605,Swamp Timothy,high,0.1
157,CLS,8/20/2019 17:20,JM,T17,T17,3.775424004,,NA,Other Cover,NA,0.9
158,CLS,8/20/2019 17:22,JM,T17,T17,8.264586449,,NA,Other Cover,NA,0.1
158,CLS,8/20/2019 17:22,JM,T17,T17,8.264586449,,41605,Swamp Timothy,low,0.15
158,CLS,8/20/2019 17:22,JM,T17,T17,8.264586449,,41605,Swamp Timothy,medium,0.15
158,CLS,8/20/2019 17:22,JM,T17,T17,8.264586449,,41605,Swamp Timothy,high,0.6
159,CLS,8/20/2019 17:33,TB,T15,T15:1,5.214948654,,41605,Swamp Timothy,medium,0.4
159,CLS,8/20/2019 17:33,TB,T15,T15:1,5.214948654,,41605,Swamp Timothy,high,0.6
160,CLS,8/20/2019 18:04,JM,T15,T15:1,3.601205349,,41605,Swamp Timothy,low,0.15
160,CLS,8/20/2019 18:04,JM,T15,T15:1,3.601205349,,41605,Swamp Timothy,high,0.35
160,CLS,8/20/2019 18:04,JM,T15,T15:1,3.601205349,,41605,Swamp Timothy,medium,0.6
161,CLS,8/20/2019 18:09,JM,T15,T15:1,2.946712732,,41605,Swamp Timothy,low,0.3
161,CLS,8/20/2019 18:09,JM,T15,T15:1,2.946712732,,NA,Other Cover,NA,0.7
162,CLS,8/20/2019 18:33,JM,T13A,T13A,13.50134754,,41605,Swamp Timothy,medium,0.1
162,CLS,8/20/2019 18:33,JM,T13A,T13A,13.50134754,,NA,Other Cover,NA,0.1
162,CLS,8/20/2019 18:33,JM,T13A,T13A,13.50134754,,41605,Swamp Timothy,high,0.8
163,CLS,8/20/2019 18:54,JM,T13A,T13A,5.481983185,,NA,Other Cover,NA,0.025
163,CLS,8/20/2019 18:54,JM,T13A,T13A,5.481983185,,41605,Swamp Timothy,high,0.3
163,CLS,8/20/2019 18:54,JM,T13A,T13A,5.481983185,,41605,Swamp Timothy,medium,0.7
164,CLS,8/20/2019 7:22,JM,T13A,T13A,1.338256121,,41605,Swamp Timothy,low,0.05
164,CLS,8/20/2019 7:22,JM,T13A,T13A,1.338256121,,41605,Swamp Timothy,medium,0.05
164,CLS,8/20/2019 7:22,JM,T13A,T13A,1.338256121,,NA,Other Cover,NA,0.3
164,CLS,8/20/2019 7:22,JM,T13A,T13A,1.338256121,,41605,Swamp Timothy,high,0.6
165,CLS,8/20/2019 19:31,TB,T13A,T13A,10.64714622,,41605,Swamp Timothy,low,0.05
165,CLS,8/20/2019 19:31,TB,T13A,T13A,10.64714622,,41605,Swamp Timothy,medium,0.1
165,CLS,8/20/2019 19:31,TB,T13A,T13A,10.64714622,,41605,Swamp Timothy,high,0.7
166,CLS,8/20/2019 19:46,JM,T13A,T13A,20.24507141,,NA,Other Cover,NA,0.05
166,CLS,8/20/2019 19:46,JM,T13A,T13A,20.24507141,,41605,Swamp Timothy,low,0.1
166,CLS,8/20/2019 19:46,JM,T13A,T13A,20.24507141,,41605,Swamp Timothy,medium,0.2
166,CLS,8/20/2019 19:46,JM,T13A,T13A,20.24507141,,41605,Swamp Timothy,high,0.65
167,CLS,8/21/2019 17:13,JM,T6,T6:2,1.039758205,,502210,Watergrass,low,0.05
167,CLS,8/21/2019 17:13,JM,T6,T6:2,1.039758205,,NA,Other Cover,NA,0.15
167,CLS,8/21/2019 17:13,JM,T6,T6:2,1.039758205,,502210,Watergrass,medium,0.4
167,CLS,8/21/2019 17:13,JM,T6,T6:2,1.039758205,,502210,Watergrass,high,0.4
168,CLS,8/21/2019 17:15,JM,T6,T6:2,2.265851974,,NA,Other Cover,NA,0.1
168,CLS,8/21/2019 17:15,JM,T6,T6:2,2.265851974,,502210,Watergrass,low,0.2
168,CLS,8/21/2019 17:15,JM,T6,T6:2,2.265851974,,502210,Watergrass,medium,0.35
168,CLS,8/21/2019 17:15,JM,T6,T6:2,2.265851974,,502210,Watergrass,high,0.35
169,CLS,8/21/2019 17:18,JM,T6,T6:2,2.049947023,,502210,Watergrass,low,0.25
169,CLS,8/21/2019 17:18,JM,T6,T6:2,2.049947023,,502210,Watergrass,medium,0.25
169,CLS,8/21/2019 17:18,JM,T6,T6:2,2.049947023,,502210,Watergrass,high,0.25
169,CLS,8/21/2019 17:18,JM,T6,T6:2,2.049947023,,NA,Other Cover,NA,0.25
170,CLS,8/21/2019 17:21,JM,T6,T6:2,6.312904835,,502210,Watergrass,low,0.1
170,CLS,8/21/2019 17:21,JM,T6,T6:2,6.312904835,,NA,Other Cover,NA,0.1
170,CLS,8/21/2019 17:21,JM,T6,T6:2,6.312904835,,502210,Watergrass,medium,0.4
170,CLS,8/21/2019 17:21,JM,T6,T6:2,6.312904835,,502210,Watergrass,high,0.4
171,CLS,8/21/2019 17:29,JM,T6,T6:2,14.07838058,,502210,Watergrass,medium,0.3
171,CLS,8/21/2019 17:29,JM,T6,T6:2,14.07838058,,502210,Watergrass,high,0.3
171,CLS,8/21/2019 17:29,JM,T6,T6:2,14.07838058,,NA,Other Cover,NA,0.3
171,CLS,8/21/2019 17:29,JM,T6,T6:2,14.07838058,,502210,Watergrass,low,0.4
172,CLS,8/21/2019 17:31,JM,T6,T6:3,8.612990379,,502210,Watergrass,low,0.1
172,CLS,8/21/2019 17:31,JM,T6,T6:3,8.612990379,,NA,Other Cover,NA,0.15
172,CLS,8/21/2019 17:31,JM,T6,T6:3,8.612990379,,502210,Watergrass,high,0.2
172,CLS,8/21/2019 17:31,JM,T6,T6:3,8.612990379,,502210,Watergrass,medium,0.55
173,CLS,8/21/2019 17:40,JM,T6,T6:1,6.256122112,,NA,Other Cover,NA,0.05
173,CLS,8/21/2019 17:40,JM,T6,T6:1,6.256122112,,502210,Watergrass,low,0.15
173,CLS,8/21/2019 17:40,JM,T6,T6:1,6.256122112,,502210,Watergrass,high,0.35
173,CLS,8/21/2019 17:40,JM,T6,T6:1,6.256122112,,502210,Watergrass,medium,0.45
174,CLS,8/21/2019 17:50,JM,T6,T6:3,5.086357594,,502210,Watergrass,low,0.15
174,CLS,8/21/2019 17:50,JM,T6,T6:3,5.086357594,,NA,Other Cover,NA,0.25
174,CLS,8/21/2019 17:50,JM,T6,T6:3,5.086357594,,502210,Watergrass,medium,0.6
175,CLS,8/21/2019 17:52,JM,T6,T6:3,8.973484039,,NA,Other Cover,NA,0.05
175,CLS,8/21/2019 17:52,JM,T6,T6:3,8.973484039,,502210,Watergrass,low,0.2
175,CLS,8/21/2019 17:52,JM,T6,T6:3,8.973484039,,502210,Watergrass,high,0.35
175,CLS,8/21/2019 17:52,JM,T6,T6:3,8.973484039,,502210,Watergrass,medium,0.4
176,CLS,8/21/2019 17:54,JM,T6,T6:4,14.92187214,,502210,Watergrass,low,0.2
176,CLS,8/21/2019 17:54,JM,T6,T6:4,14.92187214,,502210,Watergrass,high,0.2
176,CLS,8/21/2019 17:54,JM,T6,T6:4,14.92187214,,502210,Watergrass,medium,0.6
177,CLS,8/21/2019 18:11,JM,T10,T10:3,6.792581081,New Timothy not developed,41605,Swamp Timothy,high,0.3
177,CLS,8/21/2019 18:11,JM,T10,T10:3,6.792581081,New Timothy not developed,NA,Other Cover,NA,0.7
178,CLS,8/21/2019 18:14,JM,T10,T10:3,10.08717918,,502210,Watergrass,low,0.1
179,CLS,8/21/2019 18:39,JM,T24,T24:5,6.152636528,,NA,Other Cover,NA,0.35
179,CLS,8/21/2019 18:39,JM,T24,T24:5,6.152636528,,502210,Watergrass,high,0.65
180,CLS,8/21/2019 18:41,JM,T24,T24:5,3.990771294,,NA,Other Cover,NA,0.2
180,CLS,8/21/2019 18:41,JM,T24,T24:5,3.990771294,,502210,Watergrass,medium,0.4
180,CLS,8/21/2019 18:41,JM,T24,T24:5,3.990771294,,502210,Watergrass,high,0.4
181,CLS,,JM,T24,T24:5,0.965075791,Cattail,502210,Watergrass,medium,0.2
181,CLS,,JM,T24,T24:5,0.965075791,Cattail,NA,Other Cover,NA,0.8
182,CLS,8/21/2019 18:44,JM,T24,T24:5,8.570900917,,502210,Watergrass,high,0.2
182,CLS,8/21/2019 18:44,JM,T24,T24:5,8.570900917,,502210,Watergrass,low,0.25
182,CLS,8/21/2019 18:44,JM,T24,T24:5,8.570900917,,502210,Watergrass,medium,0.25
182,CLS,8/21/2019 18:44,JM,T24,T24:5,8.570900917,,NA,Other Cover,NA,0.3
183,CLS,8/21/2019 18:49,JM,T24,T24:4,6.664330959,,502210,Watergrass,low,0.2
183,CLS,8/21/2019 18:49,JM,T24,T24:4,6.664330959,,502210,Watergrass,medium,0.25
183,CLS,8/21/2019 18:49,JM,T24,T24:4,6.664330959,,502210,Watergrass,high,0.25
183,CLS,8/21/2019 18:49,JM,T24,T24:4,6.664330959,,NA,Other Cover,NA,0.3
184,CLS,8/21/2019 18:51,JM,T24,T24:4,4.230801105,,502210,Watergrass,low,0.1
184,CLS,8/21/2019 18:51,JM,T24,T24:4,4.230801105,,NA,Other Cover,NA,0.2
184,CLS,8/21/2019 18:51,JM,T24,T24:4,4.230801105,,502210,Watergrass,medium,0.35
184,CLS,8/21/2019 18:51,JM,T24,T24:4,4.230801105,,502210,Watergrass,high,0.35
185,CLS,8/21/2019 18:54,JM,T24,T24:4,3.621953487,,NA,Other Cover,NA,0.2
185,CLS,8/21/2019 18:54,JM,T24,T24:4,3.621953487,,502210,Watergrass,medium,0.4
185,CLS,8/21/2019 18:54,JM,T24,T24:4,3.621953487,,502210,Watergrass,high,0.4
186,KRN,8/23/2019 14:52,GG,5A,5A-5,6.728562832,,41605,Swamp Timothy,medium,0.1
186,KRN,8/23/2019 14:52,GG,5A,5A-5,6.728562832,,41605,Swamp Timothy,low,0.15
186,KRN,8/23/2019 14:52,GG,5A,5A-5,6.728562832,,NA,Other Cover,NA,0.75
187,KRN,8/23/2019 14:54,GG,5A,5A-3,4.503788471,,41605,Swamp Timothy,medium,0.15
187,KRN,8/23/2019 14:54,GG,5A,5A-3,4.503788471,,41605,Swamp Timothy,low,0.2
187,KRN,8/23/2019 14:54,GG,5A,5A-3,4.503788471,,NA,Other Cover,NA,0.65
188,KRN,8/23/2019 14:55,GG,5B,5B-3,15.52163887,,41605,Swamp Timothy,medium,0.1
188,KRN,8/23/2019 14:55,GG,5B,5B-3,15.52163887,,41605,Swamp Timothy,low,0.2
188,KRN,8/23/2019 14:55,GG,5B,5B-3,15.52163887,,NA,Other Cover,NA,0.7
189,KRN,8/23/2019 14:57,GG,5B,5B-5,8.693989754,,41605,Swamp Timothy,medium,0.15
189,KRN,8/23/2019 14:57,GG,5B,5B-5,8.693989754,,41605,Swamp Timothy,low,0.3
189,KRN,8/23/2019 14:57,GG,5B,5B-5,8.693989754,,NA,Other Cover,NA,0.55
190,KRN,8/23/2019 15:03,GG,5A,5A-3,6.489806175,,41605,Swamp Timothy,low,0.05
190,KRN,8/23/2019 15:03,GG,5A,5A-3,6.489806175,,NA,Other Cover,NA,0.95
191,KRN,8/23/2019 15:06,GG,5B,5B-2,8.626984596,,41605,Swamp Timothy,low,0.2
191,KRN,8/23/2019 15:06,GG,5B,5B-2,8.626984596,,41605,Swamp Timothy,medium,0.4
191,KRN,8/23/2019 15:06,GG,5B,5B-2,8.626984596,,NA,Other Cover,NA,0.4
192,KRN,8/23/2019 15:09,GG,5B,5B-2,3.762302399,,41605,Swamp Timothy,low,0.2
192,KRN,8/23/2019 15:09,GG,5B,5B-2,3.762302399,,41605,Swamp Timothy,medium,0.3
192,KRN,8/23/2019 15:09,GG,5B,5B-2,3.762302399,,NA,Other Cover,NA,0.5
193,KRN,8/23/2019 15:10,GG,5A,5A-3,5.359841347,,41605,Swamp Timothy,medium,0.05
193,KRN,8/23/2019 15:10,GG,5A,5A-3,5.359841347,,41605,Swamp Timothy,low,0.1
193,KRN,8/23/2019 15:10,GG,5A,5A-3,5.359841347,,NA,Other Cover,NA,0.85
194,KRN,8/23/2019 15:13,GG,5A,5A-3,14.65578938,,41605,Swamp Timothy,medium,0.15
194,KRN,8/23/2019 15:13,GG,5A,5A-3,14.65578938,,NA,Other Cover,NA,0.2
194,KRN,8/23/2019 15:13,GG,5A,5A-3,14.65578938,,41605,Swamp Timothy,low,0.65
195,KRN,8/23/2019 15:16,GG,5B,5B-3,3.911406755,,41605,Swamp Timothy,low,0.05
195,KRN,8/23/2019 15:16,GG,5B,5B-3,3.911406755,,NA,Other Cover,NA,0.95
196,KRN,8/23/2019 15:24,GG,5B,5B-2,6.272199154,,41605,Swamp Timothy,low,0.1
196,KRN,8/23/2019 15:24,GG,5B,5B-2,6.272199154,,41605,Swamp Timothy,medium,0.1
196,KRN,8/23/2019 15:24,GG,5B,5B-2,6.272199154,,NA,Other Cover,NA,0.8
197,KRN,8/23/2019 15:25,GG,5B,5B-1,5.41338253,,41605,Swamp Timothy,high,0.15
197,KRN,8/23/2019 15:25,GG,5B,5B-1,5.41338253,,41605,Swamp Timothy,low,0.25
197,KRN,8/23/2019 15:25,GG,5B,5B-1,5.41338253,,NA,Other Cover,NA,0.25
197,KRN,8/23/2019 15:25,GG,5B,5B-1,5.41338253,,41605,Swamp Timothy,medium,0.35
198,KRN,8/23/2019 15:29,GG,5B,5B-3,14.43426228,,41605,Swamp Timothy,low,0.15
198,KRN,8/23/2019 15:29,GG,5B,5B-3,14.43426228,,NA,Other Cover,NA,0.15
198,KRN,8/23/2019 15:29,GG,5B,5B-3,14.43426228,,41605,Swamp Timothy,high,0.2
198,KRN,8/23/2019 15:29,GG,5B,5B-3,14.43426228,,41605,Swamp Timothy,medium,0.5
199,KRN,8/23/2019 15:30,GG,6A,6A-1,10.09331131,,41605,Swamp Timothy,low,0.15
199,KRN,8/23/2019 15:30,GG,6A,6A-1,10.09331131,,41605,Swamp Timothy,high,0.2
199,KRN,8/23/2019 15:30,GG,6A,6A-1,10.09331131,,NA,Other Cover,NA,0.2
199,KRN,8/23/2019 15:30,GG,6A,6A-1,10.09331131,,41605,Swamp Timothy,medium,0.45
200,KRN,8/23/2019 15:38,GG,5B,5B-5,10.92983246,,41605,Swamp Timothy,low,0.05
200,KRN,8/23/2019 15:38,GG,5B,5B-5,10.92983246,,41605,Swamp Timothy,medium,0.05
200,KRN,8/23/2019 15:38,GG,5B,5B-5,10.92983246,,NA,Other Cover,NA,0.9
201,KRN,8/23/2019 15:39,GG,6A,6A-1,4.995372772,,41605,Swamp Timothy,low,0.05
201,KRN,8/23/2019 15:39,GG,6A,6A-1,4.995372772,,NA,Other Cover,NA,0.95
202,KRN,8/23/2019 15:41,GG,5B,5B-6,9.02883625,,41605,Swamp Timothy,high,0.05
202,KRN,8/23/2019 15:41,GG,5B,5B-6,9.02883625,,41605,Swamp Timothy,low,0.15
202,KRN,8/23/2019 15:41,GG,5B,5B-6,9.02883625,,41605,Swamp Timothy,medium,0.25
202,KRN,8/23/2019 15:41,GG,5B,5B-6,9.02883625,,NA,Other Cover,NA,0.45
203,KRN,8/23/2019 15:42,GG,6A,6A-2,6.182388306,,41605,Swamp Timothy,medium,0.05
203,KRN,8/23/2019 15:42,GG,6A,6A-2,6.182388306,,41605,Swamp Timothy,low,0.1
203,KRN,8/23/2019 15:42,GG,6A,6A-2,6.182388306,,NA,Other Cover,NA,0.85
204,KRN,8/23/2019 15:46,GG,6A,6A-5,6.849243641,,41605,Swamp Timothy,high,0.15
204,KRN,8/23/2019 15:46,GG,6A,6A-5,6.849243641,,41605,Swamp Timothy,low,0.2
204,KRN,8/23/2019 15:46,GG,6A,6A-5,6.849243641,,41605,Swamp Timothy,medium,0.25
204,KRN,8/23/2019 15:46,GG,6A,6A-5,6.849243641,,NA,Other Cover,NA,0.4
205,KRN,8/23/2019 15:48,GG,6A,6A-4,10.27067947,,41605,Swamp Timothy,low,0.1
205,KRN,8/23/2019 15:48,GG,6A,6A-4,10.27067947,,41605,Swamp Timothy,medium,0.15
205,KRN,8/23/2019 15:48,GG,6A,6A-4,10.27067947,,41605,Swamp Timothy,high,0.15
205,KRN,8/23/2019 15:48,GG,6A,6A-4,10.27067947,,NA,Other Cover,NA,0.6
206,KRN,8/23/2019 15:49,GG,6A,6A-5,7.910684586,,41605,Swamp Timothy,high,0.05
206,KRN,8/23/2019 15:49,GG,6A,6A-5,7.910684586,,41605,Swamp Timothy,medium,0.2
206,KRN,8/23/2019 15:49,GG,6A,6A-5,7.910684586,,41605,Swamp Timothy,low,0.3
206,KRN,8/23/2019 15:49,GG,6A,6A-5,7.910684586,,NA,Other Cover,NA,0.45
207,KRN,8/23/2019 15:51,GG,6A,6A-5,6.007472992,,41605,Swamp Timothy,high,0.1
207,KRN,8/23/2019 15:51,GG,6A,6A-5,6.007472992,,41605,Swamp Timothy,low,0.25
207,KRN,8/23/2019 15:51,GG,6A,6A-5,6.007472992,,41605,Swamp Timothy,medium,0.25
207,KRN,8/23/2019 15:51,GG,6A,6A-5,6.007472992,,NA,Other Cover,NA,0.4
208,KRN,8/23/2019 15:55,GG,5B,5B-6,6.182972431,,41605,Swamp Timothy,high,0.05
208,KRN,8/23/2019 15:55,GG,5B,5B-6,6.182972431,,41605,Swamp Timothy,medium,0.1
208,KRN,8/23/2019 15:55,GG,5B,5B-6,6.182972431,,41605,Swamp Timothy,low,0.15
208,KRN,8/23/2019 15:55,GG,5B,5B-6,6.182972431,,NA,Other Cover,NA,0.7
209,KRN,8/23/2019 15:58,GG,5B,5B-6,5.994095325,,41605,Swamp Timothy,low,0.15
209,KRN,8/23/2019 15:58,GG,5B,5B-6,5.994095325,,41605,Swamp Timothy,high,0.2
209,KRN,8/23/2019 15:58,GG,5B,5B-6,5.994095325,,NA,Other Cover,NA,0.3
209,KRN,8/23/2019 15:58,GG,5B,5B-6,5.994095325,,41605,Swamp Timothy,medium,0.35
210,KRN,8/23/2019 16:05,GG,5B,5B-7,22.95151138,,NA,Other Cover,NA,0.15
210,KRN,8/23/2019 16:05,GG,5B,5B-7,22.95151138,,41605,Swamp Timothy,low,0.2
210,KRN,8/23/2019 16:05,GG,5B,5B-7,22.95151138,,41605,Swamp Timothy,high,0.3
210,KRN,8/23/2019 16:05,GG,5B,5B-7,22.95151138,,41605,Swamp Timothy,medium,0.35
211,KRN,8/23/2019 16:13,GG,6A,6A-2,14.18937016,,41605,Swamp Timothy,high,0.1
211,KRN,8/23/2019 16:13,GG,6A,6A-2,14.18937016,,41605,Swamp Timothy,low,0.2
211,KRN,8/23/2019 16:13,GG,6A,6A-2,14.18937016,,41605,Swamp Timothy,medium,0.2
211,KRN,8/23/2019 16:13,GG,6A,6A-2,14.18937016,,NA,Other Cover,NA,0.5
212,KRN,8/23/2019 16:17,GG,6A,6A-1,16.87229538,,41605,Swamp Timothy,low,0.05
212,KRN,8/23/2019 16:17,GG,6A,6A-1,16.87229538,,41605,Swamp Timothy,high,0.05
212,KRN,8/23/2019 16:17,GG,6A,6A-1,16.87229538,,41605,Swamp Timothy,medium,0.15
212,KRN,8/23/2019 16:17,GG,6A,6A-1,16.87229538,,NA,Other Cover,NA,0.85
213,SAC,7/16/2019 16:17,KMO,T14,T14:2,9.752919197,20% non strata,502210,Watergrass,low,0.1
213,SAC,7/16/2019 16:17,KMO,T14,T14:2,9.752919197,20% non strata,502210,Watergrass,high,0.1
213,SAC,7/16/2019 16:17,KMO,T14,T14:2,9.752919197,20% non strata,502210,Watergrass,medium,0.6
214,SAC,7/16/2019 20:23,KMO,T14,T14:2,5.287425995,25% non strata,502210,Watergrass,low,0.35
214,SAC,7/16/2019 20:23,KMO,T14,T14:2,5.287425995,25% non strata,502210,Watergrass,medium,0.4
215,SAC,7/22/2019 1:04,JM,T36,T36:2,9.993406296,,NA,Other Cover,NA,0.15
215,SAC,7/22/2019 1:04,JM,T36,T36:2,9.993406296,,502210,Watergrass,high,0.85
216,PIX,8/8/2019 17:29,GG,1,1,16.0736866,,NA,Other Cover,NA,1
217,KRN,8/9/2019 15:25,TB,14,14D-1,5.331403255,,NA,Other Cover,NA,1
218,KRN,8/9/2019 15:27,GG,14,14D-1,3.471039534,,41605,Swamp Timothy,medium,0.05
218,KRN,8/9/2019 15:27,GG,14,14D-1,3.471039534,,41605,Swamp Timothy,low,0.2
219,KRN,8/9/2019 15:30,TB,14,1.40E+00,1.61192584,,NA,Other Cover,NA,1
220,KRN,8/9/2019 15:32,TB,14,1.40E+00,1.959394097,,NA,Other Cover,NA,1
221,KRN,8/9/2019 15:46,TB,14,1.40E+00,3.627985239,,NA,Other Cover,NA,1
222,KRN,8/9/2019 15:49,GG,14,14D-1,5.215457439,"Overgrown, mostly upland plants, walked through unit",41605,Swamp Timothy,low,0.05
222,KRN,8/9/2019 15:49,GG,14,14D-1,5.215457439,"Overgrown, mostly upland plants, walked through unit",NA,Other Cover,NA,0.95
223,KRN,8/9/2019 15:50,Tb,14,1.40E+00,4.656580925,,NA,Other Cover,NA,1
224,KRN,8/9/2019 15:50,JM,14,14D-1,2.285282373,,NA,Other Cover,NA,1
225,KRN,8/9/2019 15:50,TB,14,1.40E+00,3.259020329,,NA,Other Cover,NA,1
226,KRN,8/9/2019 15:53,TB,14,1.40E+00,2.217983246,,NA,Other Cover,NA,1
227,KRN,8/9/2019 15:54,TB,14,1.40E+00,3.735956907,,NA,Other Cover,NA,1
228,KRN,8/9/2019 16:02,TB,14,1.40E+00,0.901947856,,NA,Other Cover,NA,1
229,KRN,8/9/2019 16:04,LD,14,1.40E+00,4.245035172,,41605,Swamp Timothy,low,0.05
229,KRN,8/9/2019 16:04,LD,14,1.40E+00,4.245035172,,NA,Other Cover,NA,0.95
230,KRN,8/9/2019 16:13,tB,14,1.40E+00,4.557623863,,41605,Swamp Timothy,medium,0.05
230,KRN,8/9/2019 16:13,tB,14,1.40E+00,4.557623863,,41605,Swamp Timothy,low,0.4
230,KRN,8/9/2019 16:13,tB,14,1.40E+00,4.557623863,,NA,Other Cover,NA,0.55
231,KRN,8/9/2019 16:22,GG,14,14D-1,0.936816514,,41605,Swamp Timothy,low,0.05
231,KRN,8/9/2019 16:22,GG,14,14D-1,0.936816514,,NA,Other Cover,NA,0.95
232,KRN,8/9/2019 16:28,LD,14,14G-1,5.538655281,,41605,Swamp Timothy,medium,0.3
232,KRN,8/9/2019 16:28,LD,14,14G-1,5.538655281,,NA,Other Cover,NA,0.3
232,KRN,8/9/2019 16:28,LD,14,14G-1,5.538655281,,41605,Swamp Timothy,low,0.4
233,KRN,8/9/2019 16:29,Tb,14,14G-1,10.4106102,,41605,Swamp Timothy,low,0.05
233,KRN,8/9/2019 16:29,Tb,14,14G-1,10.4106102,,41605,Swamp Timothy,high,0.2
233,KRN,8/9/2019 16:29,Tb,14,14G-1,10.4106102,,41605,Swamp Timothy,medium,0.7
234,KRN,8/9/2019 16:42,TB,14,14G-1,5.193842888,,41605,Swamp Timothy,medium,0.05
234,KRN,8/9/2019 16:42,TB,14,14G-1,5.193842888,,41605,Swamp Timothy,low,0.75
235,KRN,8/9/2019 16:45,TB,14,14G-1,4.038114548,,NA,Other Cover,NA,1
236,KRN,8/9/2019 16:47,LD,14,14G-1,4.784558773,,NA,Other Cover,NA,1
237,KRN,8/9/2019 17:07,GG,14,14B-2,0.833550632,,NA,Other Cover,NA,0.95
238,KRN,8/9/2019 17:14,JM,14,14A-1,8.28677845,"Drove along levee and looked, not possible to see Enough from just one point ",NA,Other Cover,NA,1
239,KRN,8/9/2019 17:19,TB,14,14C-1,3.975389719,,41605,Swamp Timothy,low,0.1
239,KRN,8/9/2019 17:19,TB,14,14C-1,3.975389719,,41605,Swamp Timothy,high,0.2
239,KRN,8/9/2019 17:19,TB,14,14C-1,3.975389719,,41605,Swamp Timothy,medium,0.5
240,KRN,8/9/2019 17:21,LD,14,14C-1,1.217613935,,NA,Other Cover,NA,1
241,KRN,8/9/2019 17:23,GG,14,14B-2,2.561131716,,41605,Swamp Timothy,low,0.3
241,KRN,8/9/2019 17:23,GG,14,14B-2,2.561131716,,NA,Other Cover,NA,0.7
242,KRN,8/9/2019 17:23,JM,14,14B-2,0.83733803,,41605,Swamp Timothy,low,0.35
242,KRN,8/9/2019 17:23,JM,14,14B-2,0.83733803,,NA,Other Cover,NA,0.55
243,KRN,8/9/2019 17:28,GG,14,14B-2,3.084201097,,41605,Swamp Timothy,medium,0.15
243,KRN,8/9/2019 17:28,GG,14,14B-2,3.084201097,,NA,Other Cover,NA,0.2
243,KRN,8/9/2019 17:28,GG,14,14B-2,3.084201097,,41605,Swamp Timothy,low,0.65
244,KRN,8/9/2019 17:28,JM,14,14B-2,3.382569551,,41605,Swamp Timothy,low,0.25
245,KRN,8/9/2019 17:37,GG,14,14B-2,3.663755417,,41605,Swamp Timothy,low,0.15
245,KRN,8/9/2019 17:37,GG,14,14B-2,3.663755417,,NA,Other Cover,NA,0.85
246,KRN,8/9/2019 17:44,GG,14,14D-1,3.50616622,,41605,Swamp Timothy,low,0.15
246,KRN,8/9/2019 17:44,GG,14,14D-1,3.50616622,,NA,Other Cover,NA,0.85
247,KRN,8/9/2019 17:50,GG,14,14A-1,2.364560127,,41605,Swamp Timothy,low,0.05
247,KRN,8/9/2019 17:50,GG,14,14A-1,2.364560127,,NA,Other Cover,NA,0.95
248,SLW,8/12/2019 15:01,JM,Lewis 1,22,3.618768215,,502210,Watergrass,high,0.05
248,SLW,8/12/2019 15:01,JM,Lewis 1,22,3.618768215,,502210,Watergrass,low,0.1
248,SLW,8/12/2019 15:01,JM,Lewis 1,22,3.618768215,,502210,Watergrass,medium,0.25
249,SLW,8/12/2019 16:16,LD,Lewis 1,22,2.04197526,,NA,Other Cover,NA,0.3
249,SLW,8/12/2019 16:16,LD,Lewis 1,22,2.04197526,,41605,Swamp Timothy,high,0.7
250,SLW,8/12/2019 16:21,LD,Lewis 1,22,3.504798174,,502210,Watergrass,medium,0.1
250,SLW,8/12/2019 16:21,LD,Lewis 1,22,3.504798174,,NA,Other Cover,NA,0.3
250,SLW,8/12/2019 16:21,LD,Lewis 1,22,3.504798174,,41605,Swamp Timothy,medium,0.6
251,SLW,8/12/2019 16:25,LD,Lewis 1,22,6.612397671,,502210,Watergrass,medium,0.15
251,SLW,8/12/2019 16:25,LD,Lewis 1,22,6.612397671,,41605,Swamp Timothy,high,0.7
252,KRN,8/13/2019 22:18,GG,14,14G-1,2.321613312,,41605,Swamp Timothy,low,0.2
252,KRN,8/13/2019 22:18,GG,14,14G-1,2.321613312,,NA,Other Cover,NA,0.8
253,KRN,8/13/2019 22:23,GG,14,1.40E+00,2.850664139,,41605,Swamp Timothy,medium,0.05
253,KRN,8/13/2019 22:23,GG,14,1.40E+00,2.850664139,,41605,Swamp Timothy,low,0.25
253,KRN,8/13/2019 22:23,GG,14,1.40E+00,2.850664139,,NA,Other Cover,NA,0.7
254,KRN,8/13/2019 22:28,GG,14,1.40E+00,3.426958561,,41605,Swamp Timothy,low,0.25
254,KRN,8/13/2019 22:28,GG,14,1.40E+00,3.426958561,,NA,Other Cover,NA,0.85
255,KRN,8/13/2019 22:32,Gag,14,1.40E+00,3.298545361,,41605,Swamp Timothy,low,0.15
255,KRN,8/13/2019 22:32,Gag,14,1.40E+00,3.298545361,,NA,Other Cover,NA,0.85
256,KRN,8/13/2019 22:44,GG,14,1.40E+00,4.238016605,,41605,Swamp Timothy,low,0.1
256,KRN,8/13/2019 22:44,GG,14,1.40E+00,4.238016605,,NA,Other Cover,NA,0.9
257,KRN,8/13/2019 22:45,GG,14,1.40E+00,3.02752471,,41605,Swamp Timothy,low,0.05
257,KRN,8/13/2019 22:45,GG,14,1.40E+00,3.02752471,,NA,Other Cover,NA,0.95
258,PIX,8/14/2019 16:49,GG,9A,9A,21.71475983,,502210,Watergrass,low,0.05
258,PIX,8/14/2019 16:49,GG,9A,9A,21.71475983,,41605,Swamp Timothy,high,0.25
258,PIX,8/14/2019 16:49,GG,9A,9A,21.71475983,,41605,Swamp Timothy,medium,0.3
258,PIX,8/14/2019 16:49,GG,9A,9A,21.71475983,,41605,Swamp Timothy,low,0.4
259,PIX,8/14/2019 17:16,GG,7A,7A,23.97863197,,41605,Swamp Timothy,high,0.05
259,PIX,8/14/2019 17:16,GG,7A,7A,23.97863197,,41605,Swamp Timothy,medium,0.2
259,PIX,8/14/2019 17:16,GG,7A,7A,23.97863197,,NA,Other Cover,NA,0.3
259,PIX,8/14/2019 17:16,GG,7A,7A,23.97863197,,41605,Swamp Timothy,low,0.45
260,PIX,8/14/2019 17:25,GG,1,1,28.46151161,,41605,Swamp Timothy,medium,0.025
260,PIX,8/14/2019 17:25,GG,1,1,28.46151161,,41605,Swamp Timothy,low,0.05
260,PIX,8/14/2019 17:25,GG,1,1,28.46151161,,NA,Other Cover,NA,0.9
261,PIX,8/14/2019 17:55,GG,1,1,9.650115967,,41605,Swamp Timothy,high,0.1
261,PIX,8/14/2019 17:55,GG,1,1,9.650115967,,NA,Other Cover,NA,0.15
261,PIX,8/14/2019 17:55,GG,1,1,9.650115967,,41605,Swamp Timothy,low,0.3
261,PIX,8/14/2019 17:55,GG,1,1,9.650115967,,41605,Swamp Timothy,medium,0.45
262,PIX,8/14/2019 18:00,GG,3,3,6.317080975,,NA,Other Cover,NA,0.05
262,PIX,8/14/2019 18:00,GG,3,3,6.317080975,,502210,Watergrass,medium,0.15
262,PIX,8/14/2019 18:00,GG,3,3,6.317080975,,41605,Swamp Timothy,high,0.25
262,PIX,8/14/2019 18:00,GG,3,3,6.317080975,,41605,Swamp Timothy,low,0.3
262,PIX,8/14/2019 18:00,GG,3,3,6.317080975,,41605,Swamp Timothy,medium,0.35
263,PIX,8/14/2019 18:04,GG,3,3,6.894491673,,502210,Watergrass,medium,0.1
263,PIX,8/14/2019 18:04,GG,3,3,6.894491673,,502210,Watergrass,high,0.2
263,PIX,8/14/2019 18:04,GG,3,3,6.894491673,,41605,Swamp Timothy,low,0.25
263,PIX,8/14/2019 18:04,GG,3,3,6.894491673,,41605,Swamp Timothy,medium,0.3
263,PIX,8/14/2019 18:04,GG,3,3,6.894491673,,41605,Swamp Timothy,high,0.3
264,PIX,8/14/2019 18:08,GG,3A,3A,14.10991859,,502210,Watergrass,high,0.1
264,PIX,8/14/2019 18:08,GG,3A,3A,14.10991859,,41605,Swamp Timothy,low,0.15
264,PIX,8/14/2019 18:08,GG,3A,3A,14.10991859,,502210,Watergrass,medium,0.15
264,PIX,8/14/2019 18:08,GG,3A,3A,14.10991859,,41605,Swamp Timothy,medium,0.25
264,PIX,8/14/2019 18:08,GG,3A,3A,14.10991859,,41605,Swamp Timothy,high,0.5
265,PIX,8/14/2019 18:14,GG,4A,4A,28.40533257,,41605,Swamp Timothy,high,0.1
265,PIX,8/14/2019 18:14,GG,4A,4A,28.40533257,,502210,Watergrass,medium,0.1
265,PIX,8/14/2019 18:14,GG,4A,4A,28.40533257,,502210,Watergrass,high,0.1
265,PIX,8/14/2019 18:14,GG,4A,4A,28.40533257,,41605,Swamp Timothy,medium,0.2
265,PIX,8/14/2019 18:14,GG,4A,4A,28.40533257,,41605,Swamp Timothy,low,0.55
266,PIX,8/14/2019 18:23,GG,4A,4A,6.991313457,,502210,Watergrass,high,0.01
266,PIX,8/14/2019 18:23,GG,4A,4A,6.991313457,,502210,Watergrass,medium,0.025
266,PIX,8/14/2019 18:23,GG,4A,4A,6.991313457,,41605,Swamp Timothy,high,0.05
266,PIX,8/14/2019 18:23,GG,4A,4A,6.991313457,,41605,Swamp Timothy,medium,0.1
266,PIX,8/14/2019 18:23,GG,4A,4A,6.991313457,,41605,Swamp Timothy,low,0.8
267,KRN,8/14/2019 21:17,GG,4A,4A-6,9.434633255,,41605,Swamp Timothy,low,0.15
267,KRN,8/14/2019 21:17,GG,4A,4A-6,9.434633255,,41605,Swamp Timothy,medium,0.2
267,KRN,8/14/2019 21:17,GG,4A,4A-6,9.434633255,,NA,Other Cover,NA,0.65
268,CLS,8/20/2019 18:11,JM,T15,T15:1,5.433368683,,41605,Swamp Timothy,low,0.05
268,CLS,8/20/2019 18:11,JM,T15,T15:1,5.433368683,,NA,Other Cover,NA,0.05
268,CLS,8/20/2019 18:11,JM,T15,T15:1,5.433368683,,41605,Swamp Timothy,medium,0.25
268,CLS,8/20/2019 18:11,JM,T15,T15:1,5.433368683,,41605,Swamp Timothy,high,0.65
269,CLS,8/20/2019 20:18,JM,T10,T10:3,4.161006927,,502210,Watergrass,low,0.1
269,CLS,8/20/2019 20:18,JM,T10,T10:3,4.161006927,,NA,Other Cover,NA,0.9
270,CLS,8/20/2019 20:36,TB,T10,T10:3,3.391677141,,502210,Watergrass,low,0.1
270,CLS,8/20/2019 20:36,TB,T10,T10:3,3.391677141,,502210,Watergrass,medium,0.2
271,CLS,8/21/2019 17:23,JM,T6,T6:2,7.065124035,,NA,Other Cover,NA,0.1
271,CLS,8/21/2019 17:23,JM,T6,T6:2,7.065124035,,502210,Watergrass,medium,0.45
271,CLS,8/21/2019 17:23,JM,T6,T6:2,7.065124035,,502210,Watergrass,high,0.45
272,CLS,8/21/2019 17:25,JM,T6,T6:2,5.263703346,,NA,Other Cover,NA,0.05
272,CLS,8/21/2019 17:25,JM,T6,T6:2,5.263703346,,502210,Watergrass,high,0.1
272,CLS,8/21/2019 17:25,JM,T6,T6:2,5.263703346,,502210,Watergrass,low,0.2
272,CLS,8/21/2019 17:25,JM,T6,T6:2,5.263703346,,502210,Watergrass,medium,0.65
273,CLS,8/21/2019 17:27,JM,T6,T6:2,14.07800198,,502210,Watergrass,low,0.1
273,CLS,8/21/2019 17:27,JM,T6,T6:2,14.07800198,,502210,Watergrass,high,0.1
273,CLS,8/21/2019 17:27,JM,T6,T6:2,14.07800198,,502210,Watergrass,medium,0.8
274,CLS,8/21/2019 17:34,JM,T6,T6:2,6.894100666,,502210,Watergrass,low,0.2
274,CLS,8/21/2019 17:34,JM,T6,T6:2,6.894100666,,502210,Watergrass,medium,0.25
274,CLS,8/21/2019 17:34,JM,T6,T6:2,6.894100666,,NA,Other Cover,NA,0.25
274,CLS,8/21/2019 17:34,JM,T6,T6:2,6.894100666,,502210,Watergrass,high,0.3
275,CLS,8/21/2019 17:36,JM,T6,T6:1,9.754308701,,502210,Watergrass,low,0.1
275,CLS,8/21/2019 17:36,JM,T6,T6:1,9.754308701,,502210,Watergrass,medium,0.1
275,CLS,8/21/2019 17:36,JM,T6,T6:1,9.754308701,,NA,Other Cover,NA,0.1
275,CLS,8/21/2019 17:36,JM,T6,T6:1,9.754308701,,502210,Watergrass,high,0.65
276,CLS,8/21/2019 17:47,JM,T6,T6:3,5.364780426,,NA,Other Cover,NA,0.15
276,CLS,8/21/2019 17:47,JM,T6,T6:3,5.364780426,,502210,Watergrass,low,0.2
276,CLS,8/21/2019 17:47,JM,T6,T6:3,5.364780426,,502210,Watergrass,high,0.25
276,CLS,8/21/2019 17:47,JM,T6,T6:3,5.364780426,,502210,Watergrass,medium,0.4
277,CLS,8/21/2019 17:55,JM,T6,T6:4,4.105535984,,502210,Watergrass,low,0.25
277,CLS,8/21/2019 17:55,JM,T6,T6:4,4.105535984,,502210,Watergrass,medium,0.25
277,CLS,8/21/2019 17:55,JM,T6,T6:4,4.105535984,,502210,Watergrass,high,0.25
277,CLS,8/21/2019 17:55,JM,T6,T6:4,4.105535984,,NA,Other Cover,NA,0.25
278,CLS,8/21/2019 18:07,JM,T6,T6:4,4.473228455,,NA,Other Cover,NA,0.05
278,CLS,8/21/2019 18:07,JM,T6,T6:4,4.473228455,,502210,Watergrass,low,0.1
278,CLS,8/21/2019 18:07,JM,T6,T6:4,4.473228455,,502210,Watergrass,high,0.85
279,CLS,8/21/2019 18:09,JM,T6,T6:4,8.415415764,,502210,Watergrass,low,0.1
279,CLS,8/21/2019 18:09,JM,T6,T6:4,8.415415764,,NA,Other Cover,NA,0.1
279,CLS,8/21/2019 18:09,JM,T6,T6:4,8.415415764,,502210,Watergrass,medium,0.4
279,CLS,8/21/2019 18:09,JM,T6,T6:4,8.415415764,,502210,Watergrass,high,0.4
280,CLS,8/21/2019 18:17,JM,T10,T10:3,15.00015545,Timothy not developed,NA,Other Cover,NA,0.3
280,CLS,8/21/2019 18:17,JM,T10,T10:3,15.00015545,Timothy not developed,41605,Swamp Timothy,medium,0.35
280,CLS,8/21/2019 18:17,JM,T10,T10:3,15.00015545,Timothy not developed,41605,Swamp Timothy,high,0.35
281,CLS,8/21/2019 18:46,JM,T24,T24:5,2.68156743,,502210,Watergrass,medium,0.25
281,CLS,8/21/2019 18:46,JM,T24,T24:5,2.68156743,,502210,Watergrass,high,0.25
281,CLS,8/21/2019 18:46,JM,T24,T24:5,2.68156743,,NA,Other Cover,NA,0.4
282,KRN,8/23/2019 15:22,GG,5B,5B-1,4.841569901,,41605,Swamp Timothy,high,0.15
282,KRN,8/23/2019 15:22,GG,5B,5B-1,4.841569901,,NA,Other Cover,NA,0.2
282,KRN,8/23/2019 15:22,GG,5B,5B-1,4.841569901,,41605,Swamp Timothy,low,0.25
282,KRN,8/23/2019 15:22,GG,5B,5B-1,4.841569901,,41605,Swamp Timothy,medium,0.4
283,KRN,8/23/2019 15:32,GG,5B,5B-3,5.845774174,,41605,Swamp Timothy,low,0.05
283,KRN,8/23/2019 15:32,GG,5B,5B-3,5.845774174,,41605,Swamp Timothy,medium,0.05
283,KRN,8/23/2019 15:32,GG,5B,5B-3,5.845774174,,NA,Other Cover,NA,0.9
284,KRN,8/23/2019 15:52,GG,6A,6A-4,10.96675014,,41605,Swamp Timothy,high,0.1
284,KRN,8/23/2019 15:52,GG,6A,6A-4,10.96675014,,41605,Swamp Timothy,medium,0.15
284,KRN,8/23/2019 15:52,GG,6A,6A-4,10.96675014,,41605,Swamp Timothy,low,0.2
284,KRN,8/23/2019 15:52,GG,6A,6A-4,10.96675014,,NA,Other Cover,NA,0.55
