"","OBJECTID","LIT","Date","Observer","Unit_Name","Subunit_Name","ManagementAction","CommonName","ScientificName","ITIS_TSN","Stratum","PlantHeight","n_seed_heads","Quadrat_Size","seed_head1_F2TLength","seed_head1_Length","seed_head2_F2TLength","seed_head2_Length","seed_head3_F2TLength","seed_head3_Length","seed_head4_F2TLength","seed_head4_Length","seed_head5_F2TLength","seed_head5_Length","Comments","X","Y"
"1",330,"MDC","8/24/20 15:37","JS ","Duck Ponds","Duck Ponds","None","Smartweed","Polygonum L.",20847,"Low",0,0,"30x30",0,0,0,0,0,0,0,0,0,0,"100% smartweed ",-13417113.4,5082063.053
"2",331,"MDC","8/24/20 15:40","JS ","Duck Ponds","Duck Ponds","","Smartweed","Polygonum L.",20847,"Low",0,0,"30x30",0,0,0,0,0,0,0,0,0,0,"100% smartweed no other food species",-13417108.37,5082070.6
"3",342,"MDC","8/24/20 18:31","JS ","Flournoy Pond","Flournoy Pond","None","Smartweed","Polygonum L.",20847,"Low",0,0,"30x30",0,0,0,0,0,0,0,0,0,0,"100% smartweed no other food species ",-13416125.87,5082509.186
"4",343,"MDC","8/24/20 18:33","JS ","Flournoy Pond","Flournoy Pond","None","Smartweed","Polygonum L.",20847,"Low",0,0,"30x0",0,0,0,0,0,0,0,0,0,0,"100% smartweed no other food species ",-13416141.63,5082504.726
"5",328,"MDC","8/24/20 15:05","JS ","Duck Ponds","Duck Ponds","None","Smartweed","Polygonum L.",20847,"Low",0,0,"30x30",0,0,0,0,0,0,0,0,0,0,"100% smartweed no other species",-13417130.69,5081869.233
"6",329,"MDC","8/24/20 15:11","JS ","Duck Ponds","Duck Ponds","None","Smartweed","Polygonum L.",20847,"Low",0,0,"30x30",0,0,0,0,0,0,0,0,0,0,"100% smartweed no other species",-13417146.71,5081882.388
"7",452,"MDC","9/1/20 19:33","JS ","Matney 6","Matney 6","None","Watergrass","Echinochloa crus-galli",502210,"Low",55.8,5,"30x30",13.4,5,10.6,4.2,6,2.4,6.8,2.2,3.2,1,"Smartweed present ",-13417373.03,5078220.436
"8",157,"KRN","8/27/20 18:04","GG","5A","5A-3","None","Timothy","Crypsis schoenoides",41605,"Med",5.4,36,"5x5",NA,0.9,0,0.7,0,1,0,0.9,0,1.2,"",-13315899.9,4264510.242
"9",158,"KRN","8/27/20 18:07","GG","5A","5A-3","None","Timothy","Crypsis schoenoides",41605,"Low",3.6,10,"5x5",NA,0.8,0,0.8,0,0.8,0,0.8,0,0.9,"",-13315908.54,4264495.781
"10",159,"KRN","8/27/20 18:18","GG","5A","5A-3","None","Timothy","Crypsis schoenoides",41605,"High",5.4,27,"5x5",NA,1.8,0,1,0,1.3,0,1.1,0,1.4,"",-13315617.3,4264462.566
"11",160,"KRN","8/27/20 18:24","GG","5A","5A-3","None","Timothy","Crypsis schoenoides",41605,"Low",3.6,69,"15x15",NA,0.7,0,0.7,0,1,0,0.7,0,0.8,"",-13315622.36,4264452.554
"12",161,"KRN","8/31/20 15:01","GG","5A","5A-3","None","Timothy","Crypsis schoenoides",41605,"High",5.3,32,"5x5",NA,0.9,0,1.1,0,1.2,0,1.3,0,1.1,"",-13315720.78,4264694.689
"13",162,"KRN","8/31/20 15:06","GG","5A","5A-3","None","Timothy","Crypsis schoenoides",41605,"Low",1.8,43,"15x15",NA,0.9,0,0.7,0,0.9,0,1,0,0.9,"",-13315715.33,4264676.312
"14",163,"KRN","8/31/20 15:17","GG","5B","5B-8","None","Timothy","Crypsis schoenoides",41605,"Low",4.6,59,"15x15",NA,1.2,0,1.1,0,1.1,0,1.2,0,2,"",-13314638.38,4265132.43
"15",164,"KRN","8/31/20 15:22","GG","5B","5B-8","None","Timothy","Crypsis schoenoides",41605,"Med",5.4,16,"5x5",NA,2.3,0,2.2,0,1.7,0,0.9,0,0.8,"",-13314641.43,4265121.658
"16",166,"KRN","8/31/20 15:29","GG","5B","5B-8","None","Timothy","Crypsis schoenoides",41605,"Low",5.8,45,"15x15",NA,1.4,0,1.2,0,1.1,0,1.3,0,0.8,"",-13314488.39,4265487.37
"17",168,"KRN","8/31/20 15:48","GG","5B","5B-8","None","Timothy","Crypsis schoenoides",41605,"Med",5.6,98,"15x15",NA,1.7,0,0.5,0,1.5,0,1.5,0,0.8,"",-13314479.53,4265500.29
"18",169,"KRN","8/31/20 15:50","GG","5B","5B-8","","Timothy","Crypsis schoenoides",41605,"High",15.3,28,"5x5",NA,0.9,0,0.9,0,1.4,0,1.3,0,1.4,"",-13314581.04,4265456.418
"19",170,"KRN","8/31/20 15:51","GG","5B","5B-8","","Timothy","Crypsis schoenoides",41605,"Med",8.6,16,"5x5",NA,1.4,0,1.7,0,0.8,0,1.3,0,1.4,"",-13314589.65,4265457.64
"20",173,"KRN","8/31/20 16:00","GG","5B","5B-7","None","Timothy","Crypsis schoenoides",41605,"High",14.3,30,"5x5",NA,1.4,0,1.7,0,1.2,0,1.2,0,1.2,"",-13315015.17,4264817.076
"21",174,"KRN","8/31/20 16:05","GG","5B","5B-7","None","Timothy","Crypsis schoenoides",41605,"Med",4.6,18,"5x5",NA,1.3,0,0.8,0,1,0,0.7,0,0.8,"",-13315020.4,4264810.608
"22",176,"KRN","8/31/20 16:12","GG","5B","5B-7","None","Timothy","Crypsis schoenoides",41605,"Med",6.1,22,"5x5",NA,1,0,1,0,1.2,0,0.8,0,1,"",-13315078.96,4265083.596
"23",177,"KRN","8/31/20 16:19","GG","5B","5B-7","None","Timothy","Crypsis schoenoides",41605,"High",8.8,44,"5x5",NA,0.7,0,1.1,0,1.1,0,1.2,0,1.2,"",-13315094.93,4265057.802
"24",179,"KRN","8/31/20 16:23","GG","5B","5B-7","None","Timothy","Crypsis schoenoides",41605,"Low",19.5,11,"15x15",NA,0.9,0,1.8,0,1.6,0,1.7,0,1.5,"",-13314946.96,4265284.418
"25",181,"KRN","8/31/20 16:25","GG","5B","5B-7","None","Timothy","Crypsis schoenoides",41605,"High",13,35,"5x5",NA,1.5,0,0.7,0,1.7,0,1.2,0,1.1,"",-13314959.11,4265282.854
"26",183,"KRN","8/31/20 16:46","GG","5B","5B-5","Mowed","Timothy","Crypsis schoenoides",41605,"High",19.4,24,"5x5",NA,1.7,0,1.8,0,1.6,0,1.6,0,1.4,"",-13315341.15,4265147.616
"27",184,"KRN","8/31/20 16:50","GG","5B","5B-5","Mowed","Timothy","Crypsis schoenoides",41605,"Low",11.8,15,"15x15",NA,1.5,0,0.7,0,0.9,0,0.8,0,0.7,"",-13315333.22,4265162.13
"28",185,"KRN","8/31/20 16:57","GG","5B","5B-5","Mowed","Timothy","Crypsis schoenoides",41605,"Med",13.7,65,"15x15",NA,1.1,0,1,0,1.7,0,1.2,0,1.2,"",-13315349.73,4265464.504
"29",186,"KRN","8/31/20 17:00","GG","5B","5B-5","Mowed","Timothy","Crypsis schoenoides",41605,"Low",11.3,23,"15x15",NA,1,0,1.1,0,1,0,1.3,0,1.3,"",-13315356.3,4265446.162
"30",187,"KRN","8/31/20 17:10","GG","5B","5B-5","Mowed","Timothy","Crypsis schoenoides",41605,"Med",26.4,48,"15x15",NA,1.5,0,2.3,0,1.9,0,1.6,0,1.3,"",-13315346.5,4265785.419
"31",188,"KRN","8/31/20 17:12","GG","5B","5B-5","Mowed","Timothy","Crypsis schoenoides",41605,"Low",7.5,33,"15x15",NA,1,0,1.3,0,0.6,0,1.5,0,1.1,"",-13315355.33,4265779.308
"32",189,"KRN","8/31/20 17:37","GG","5B","5B-3","Mowed","Timothy","Crypsis schoenoides",41605,"High",11.2,72,"5x5",NA,1.3,0,1.2,0,0.9,0,1.1,0,1,"",-13315773.89,4265642.334
"33",190,"KRN","8/31/20 17:46","GG","5B","5B-3","Mowed","Timothy","Crypsis schoenoides",41605,"Med",9.7,44,"15x15",NA,0.9,0,1.1,0,1.1,0,0.9,0,0.9,"",-13315749.1,4265643.558
"34",191,"KRN","8/31/20 17:50","GG","5B","5B-3","Mowed","Timothy","Crypsis schoenoides",41605,"High",5.8,48,"5x5",NA,0.9,0,1.4,0,1.3,0,1,0,0.9,"",-13315701.72,4265449.961
"35",192,"KRN","8/31/20 17:52","GG","5B","5B-3","Mowed","Timothy","Crypsis schoenoides",41605,"Low",6.8,26,"15x15",NA,1.2,0,0.6,0,0.6,0,0.9,0,1,"",-13315700.8,4265463.969
"36",193,"KRN","8/31/20 18:06","GG","5B","5B-3","Mowed","Timothy","Crypsis schoenoides",41605,"Low",7.5,9,"15x15",NA,2,0,1.1,0,1.8,0,1.7,0,1.2,"",-13315904.72,4265278.767
"37",194,"KRN","8/31/20 18:10","GG","5B","5B-3","Mowed","Timothy","Crypsis schoenoides",41605,"Low",16.3,28,"15x15",NA,1.2,0,0.9,0,1.3,0,1.7,0,1.4,"",-13315902.66,4265281.67
"38",195,"KRN","8/31/20 18:20","GG","5B","5B-2","None","Timothy","Crypsis schoenoides",41605,"Low",2.7,8,"15x15",NA,0.7,0,0.6,0,0.8,0,0.7,0,0.7,"",-13316102.84,4265029.578
"39",196,"KRN","8/31/20 18:23","GG","5B","5B-2","None","Timothy","Crypsis schoenoides",41605,"Low",5.6,10,"15x15",NA,0.7,0,0.7,0,1,0,1,0,1,"",-13316114.72,4265034.55
"40",197,"KRN","8/31/20 18:35","GG","5B","5B-2","None","Timothy","Crypsis schoenoides",41605,"High",5.2,54,"5x5",NA,0.9,0,0.7,0,0.8,0,1.3,0,1.2,"",-13316217.48,4265171.544
"41",198,"KRN","8/31/20 18:36","GG","5B","5B-2","None","Timothy","Crypsis schoenoides",41605,"Med",3.8,42,"5x5",NA,0.9,0,0.8,0,0.8,0,0.8,0,0.8,"",-13316225.8,4265191.138
"42",199,"KRN","8/31/20 18:42","GG","5B","5B-2","","Timothy","Crypsis schoenoides",41605,"Low",2.5,3,"30x30",NA,0.9,0,0.4,0,0.4,0,0,0,0,"",-13316016.45,4265357.987
"43",200,"KRN","8/31/20 18:46","GG","5B","5B-2","None","Timothy","Crypsis schoenoides",41605,"Low",7,1,"15x15",NA,0.8,0,0.7,0,2,0,0.8,0,0.8,"",-13316030.33,4265340.058
"44",201,"KRN","8/31/20 22:09","GG","4A","4A-5","Mowed","Timothy","Crypsis schoenoides",41605,"Med",3.7,21,"5x5",NA,1,0,1,0,1.1,0,0.7,0,1.1,"",-13316542.52,4262693.392
"45",202,"KRN","8/31/20 23:02","GG","4A","4A-6","None","Timothy","Crypsis schoenoides",41605,"Med",3.1,37,"5x5",NA,0.6,0,0.6,0,0.8,0,0.8,0,0.9,"",-13315300.83,4263746.334
"46",203,"KRN","9/1/20 14:54","GG","5B","5B-1","None","Timothy","Crypsis schoenoides",41605,"Low",18.4,63,"15x15",NA,1.7,0,1.4,0,2.4,0,1.7,0,1.8,"",-13316207.76,4265433.953
"47",204,"KRN","9/1/20 14:57","GG","5B","5B-1","None","Timothy","Crypsis schoenoides",41605,"Low",10.4,2,"15x15",NA,1.2,0,1.3,0,0,0,0,0,0,"",-13316211.81,4265447.961
"48",205,"KRN","9/1/20 15:21","GG","5B","5B-1","None","Timothy","Crypsis schoenoides",41605,"Med",2.9,29,"5x5",NA,0.9,0,0.7,0,1.1,0,0.9,0,1,"",-13316035.8,4265590.48
"49",206,"KRN","9/1/20 15:25","GG","5B","5B-1","None","Timothy","Crypsis schoenoides",41605,"High",5.4,32,"5x5",NA,1.1,0,1,0,1,0,1,0,1.1,"",-13316018.77,4265575.506
"50",207,"KRN","9/1/20 15:33","GG","5B","5B-1","None","Timothy","Crypsis schoenoides",41605,"High",4.5,39,"5x5",NA,0.9,0,1,0,1,0,0.9,0,1,"",-13316193.38,4265708.214
"51",208,"KRN","9/1/20 15:35","GG","5B","5B-1","","Timothy","Crypsis schoenoides",41605,"Med",9,62,"15x15",NA,1.4,0,1.1,0,1.4,0,1.3,0,1.3,"",-13316202.79,4265704.857
"52",209,"KRN","9/1/20 15:50","GG","5B","5B-6","None","Timothy","Crypsis schoenoides",41605,"Low",19.4,21,"15x15",NA,2,0,1.4,0,1.4,0,2,0,1.5,"",-13314945.5,4265502.97
"53",210,"KRN","9/1/20 15:52","GG","5B","5B-6","None","Timothy","Crypsis schoenoides",41605,"High",21.1,32,"5x5",NA,2,0,2.1,0,1.6,0,1.7,0,1.9,"",-13314950.14,4265509.718
"54",211,"KRN","9/1/20 16:02","GG","5B","5B-6","None","Timothy","Crypsis schoenoides",41605,"Med",8.1,16,"5x5",NA,1.2,0,1.5,0,1.1,0,1.6,0,0.7,"",-13314850.79,4265608.19
"55",212,"KRN","9/1/20 16:04","GG","5B","5B-6","None","Timothy","Crypsis schoenoides",41605,"Low",27.7,29,"15x15",NA,1.6,0,2.7,0,2,0,2.2,0,2.1,"",-13314831.93,4265616.042
"56",213,"KRN","9/1/20 16:32","GG","5B","5B-6","None","Timothy","Crypsis schoenoides",41605,"Med",20.8,60,"15x15",NA,1.4,0,2.2,0,1.1,0,1.7,0,1.3,"",-13314573.04,4265762.259
"57",214,"KRN","9/1/20 16:34","GG","5B","5B-6","None","Timothy","Crypsis schoenoides",41605,"Low",22.7,9,"15x15",NA,1.8,0,2,0,1.7,0,1.7,0,1.6,"",-13314578.63,4265756.493
"58",215,"KRN","9/1/20 16:44","GG","6A","6A-5","None","Timothy","Crypsis schoenoides",41605,"High",14.2,29,"5x5",NA,1.7,0,2.1,0,1.4,0,1,0,1.5,"",-13314422.93,4265945.583
"59",216,"KRN","9/1/20 16:47","GG","6A","6A-5","None","Timothy","Crypsis schoenoides",41605,"Med",9,12,"5x5",NA,0.9,0,0.9,0,1,0,1.1,0,1,"",-13314423.5,4265929.028
"60",217,"KRN","9/1/20 16:56","GG","6A","6A-5","None","Timothy","Crypsis schoenoides",41605,"Low",15.5,46,"15x15",NA,1.6,0,1.8,0,1.7,0,1.7,0,1.4,"",-13314238.11,4265966.312
"61",219,"KRN","9/1/20 16:59","GG","6A","6A-5","None","Timothy","Crypsis schoenoides",41605,"High",18.3,27,"5x5",NA,1.4,0,1,0,1.2,0,1.2,0,1.3,"",-13314223.5,4265964.639
"62",222,"KRN","9/1/20 17:08","GG","6A","6A-5","None","Timothy","Crypsis schoenoides",41605,"Med",4.5,29,"5x5",NA,0.9,0,1,0,0.9,0,0.8,0,0.7,"",-13313993.48,4266171.007
"63",223,"KRN","9/1/20 17:12","GG","6A","6A-5","None","Timothy","Crypsis schoenoides",41605,"Low",1.7,37,"15x15",NA,1.1,0,0.8,0,1,0,0.8,0,0.7,"",-13314012.04,4266172.886
"64",225,"KRN","9/1/20 17:21","GG","6A","6A-4","None","Timothy","Crypsis schoenoides",41605,"High",7.8,30,"5x5",NA,0.9,0,1,0,1.2,0,0.9,0,1.4,"",-13313925.7,4266318.646
"65",226,"KRN","9/1/20 17:24","GG","6A","6A-4","None","Timothy","Crypsis schoenoides",41605,"Low",20.6,16,"15x15",NA,2.2,0,1.7,0,2.1,0,1.8,0,2.8,"",-13313938.57,4266326.653
"66",227,"KRN","9/1/20 17:31","GG","6A","6A-4","None","Timothy","Crypsis schoenoides",41605,"High",14.3,19,"5x5",NA,1.6,0,2,0,1,0,1.6,0,1.3,"",-13314152.66,4266393.578
"67",228,"KRN","9/1/20 17:34","GG","6A","6A-4","None","Timothy","Crypsis schoenoides",41605,"Med",25.3,69,"15x15",NA,1.9,0,1.7,0,1.7,0,1.4,0,1.7,"",-13314149.91,4266410.571
"68",229,"KRN","9/1/20 17:45","GG","6A","6A-4","None","Timothy","Crypsis schoenoides",41605,"High",14.4,28,"5x5",NA,1,0,1.4,0,1.4,0,1.7,0,1.3,"",-13314291.54,4266401.161
"69",230,"KRN","9/1/20 17:48","GG","6A","6A-4","None","Timothy","Crypsis schoenoides",41605,"Low",2.1,9,"15x15",NA,0.8,0,0.9,0,0.8,0,0.8,0,0.7,"",-13314301.57,4266415.969
"70",231,"KRN","9/1/20 17:58","GG","6A","6A-2","None","Timothy","Crypsis schoenoides",41605,"High",9.7,32,"5x5",NA,0.9,0,0.9,0,0.9,0,1.4,0,0.9,"",-13314837.68,4266626.915
"71",232,"KRN","9/1/20 18:02","GG","6A","6A-2","None","Timothy","Crypsis schoenoides",41605,"Low",4.6,7,"5x5",NA,0.8,0,1,0,1.1,0,1.1,0,1.2,"",-13314849.18,4266609.54
"72",233,"KRN","9/1/20 18:08","GG","6A","6A-2","None","Timothy","Crypsis schoenoides",41605,"Low",3.1,68,"15x15",NA,0.8,0,0.7,0,0.9,0,1.2,0,0.6,"",-13315032.66,4266449.851
"73",234,"KRN","9/1/20 18:11","GG","6A","6A-2","None","Timothy","Crypsis schoenoides",41605,"Low",3.3,37,"15x15",NA,0.8,0,0.8,0,1.2,0,1.4,0,0.6,"",-13315024.37,4266429.006
"74",235,"KRN","9/1/20 18:24","GG","6A","6A-2","None","Timothy","Crypsis schoenoides",41605,"Low",5.5,21,"15x15",NA,0.8,0,1.4,0,0.8,0,0.5,0,0.7,"",-13315082.71,4265866.929
"75",236,"KRN","9/1/20 18:26","GG","6A","6A-2","None","Timothy","Crypsis schoenoides",41605,"Low",2.3,5,"15x15",NA,0.8,0,0.7,0,0.6,0,0.7,0,0.7,"",-13315080.8,4265876.845
"76",237,"KRN","9/2/20 15:09","GG","6A","6A-1","None","Timothy","Crypsis schoenoides",41605,"Low",3,82,"15x15",NA,0.8,0,0.7,0,0.9,0,1.1,0,0.8,"",-13315510.54,4266017.898
"77",238,"KRN","9/2/20 15:17","GG","6A","6A-1","None","Timothy","Crypsis schoenoides",41605,"High",4.5,31,"5x5",NA,0.5,0,1,0,0.7,0,0.9,0,0.7,"",-13315533.68,4266016.327
"78",239,"KRN","9/2/20 15:19","GG","6A","6A-1","None","Timothy","Crypsis schoenoides",41605,"Low",3.7,86,"15x15",NA,0.7,0,0.7,0,1,0,0.8,0,0.8,"",-13315411.36,4266238.161
"79",240,"KRN","9/2/20 15:21","GG","6A","6A-1","None","Timothy","Crypsis schoenoides",41605,"Med",4.3,26,"5x5",NA,0.4,0,0.8,0,0.9,0,0.8,0,0.7,"",-13315419.58,4266220.375
"80",241,"KRN","9/2/20 15:27","GG","6A","6A-1","None","Timothy","Crypsis schoenoides",41605,"Med",5.8,64,"15x15",NA,0.9,0,0.8,0,0.6,0,1,0,1.5,"",-13315212.66,4266480.991
"81",242,"KRN","9/2/20 15:30","GG","6A","6A-1","None","Timothy","Crypsis schoenoides",41605,"Low",12.4,20,"15x15",NA,0.7,0,0.9,0,1,0,0.6,0,0.9,"",-13315221.25,4266477.715
"82",61,"KRN","8/13/29 18:50","GG","4B","4B-2","Mowed","Timothy","Crypsis schoenoides",41605,"Low",12,8,"15x15",NA,0.6,0,0.6,0,0.7,0,1.1,0,1,"",-13315767.98,4262413.508
"83",140,"KRN","8/27/20 15:21","GG","5A","5A-6","","Timothy","Crypsis schoenoides",41605,"Med",3.7,71,"15x15",NA,1,0,1.2,0,1.4,0,1.3,0,2.7,"Herbicide",-13315649.35,4263941.947
"84",143,"KRN","8/27/20 15:59","GG","5A","5A-6","","Timothy","Crypsis schoenoides",41605,"Low",2.4,31,"15x15",NA,1.5,0,1.7,0,0.9,0,1.8,0,1.1,"Herbicide",-13315527.01,4263966.614
"85",144,"KRN","8/27/20 16:04","GG","5A","5A-6","","Timothy","Crypsis schoenoides",41605,"High",15,12,"5x5",NA,1.3,0,2.4,0,2.4,0,2.3,0,1.3,"Herbicide",-13315525.39,4263974.753
"86",137,"KRN","8/27/20 15:19","GG","5A","5A-6","","Timothy","Crypsis schoenoides",41605,"Low",2.7,17,"15x15",NA,1.3,0,1.8,0,1.9,0,2.4,0,1.1,"Herbicide ",-13315637.77,4263939.849
"87",62,"KRN","8/24/20 15:42","GG","4B","4B-3","","Timothy","Crypsis schoenoides",41605,"High",24.3,19,"5x5",NA,1.3,0,1.9,0,2,0,1.3,0,1.3,"Transline herbicide",-13315101.51,4262719.987
"88",63,"KRN","8/24/20 15:50","GG","4B","4B-3","","Timothy","Crypsis schoenoides",41605,"Med",28.2,53,"15x15",NA,2.7,0,2.2,0,2.5,0,1.3,0,2.2,"Transline herbicide",-13315088.46,4262731.641
"89",64,"KRN","8/24/20 16:03","GG","4B","4B-3","","Timothy","Crypsis schoenoides",41605,"High",7.2,24,"5x5",NA,1.5,0,1.5,0,1.3,0,1.4,0,1,"Transline Herbicide",-13315235.72,4262437.204
"90",66,"KRN","8/24/20 16:07","GG","4B","4B-3","","Timothy","Crypsis schoenoides",41605,"Med",13.3,23,"5x5",NA,1,0,1.5,0,1.5,0,1.7,0,2.2,"Transline herbicide",-13315250.1,4262453.811
"91",68,"KRN","8/24/20 16:16","GG","4B","4B-3","","Timothy","Crypsis schoenoides",41605,"High",27.6,27,"5x5",NA,1.4,0,2.2,0,1.5,0,2,0,2.5,"Transline herbicide",-13315177.31,4262361.77
"92",69,"KRN","8/24/20 16:20","GG","4B","4B-3","","Timothy","Crypsis schoenoides",41605,"High",20.4,39,"5x5",NA,1.8,0,2,0,1.5,0,0.9,0,1.7,"Transline herbicide",-13315163.77,4262371.78
"93",94,"KRN","8/24/20 22:34","GG","4A","4A-3","Mowed","Timothy","Crypsis schoenoides",41605,"High",12.3,32,"5x5",NA,0.8,0,1.3,0,1.4,0,1.1,0,0.9,"Transline herbicide",-13315743.24,4263763.214
"94",95,"KRN","8/24/20 22:39","GG","4A","4A-3","Mowed","Timothy","Crypsis schoenoides",41605,"High",7.4,52,"5x5",NA,0.6,0,0.6,0,1,0,1.3,0,0.5,"Transline herbicide",-13315752.75,4263747.932
"95",96,"KRN","8/25/20 14:58","GG","4A","4A-3","Mowed","Timothy","Crypsis schoenoides",41605,"High",16.2,58,"5x5",NA,1.8,0,1.6,0,1.5,0,1.3,0,1.5,"Transline herbicide",-13315458.86,4263774.461
"96",97,"KRN","8/25/20 15:01","GG","4A","4A-3","Mowed","Timothy","Crypsis schoenoides",41605,"High",23.6,24,"5x5",NA,0.9,0,1.5,0,1.7,0,1.4,0,1.4,"Transline herbicide",-13315448.77,4263782.846
"97",133,"KRN","8/27/20 15:03","GG","5A","5A-6","","Timothy","Crypsis schoenoides",41605,"High",8.7,96,"15x15",NA,1.8,0,2.2,0,2.2,0,1.9,0,2,"Transline herbicide",-13315589.01,4264050.089
"98",135,"KRN","8/27/20 15:10","GG","5A","5A-6","","Timothy","Crypsis schoenoides",41605,"Med",3.2,61,"15x15",NA,0.9,0,1.5,0,0.9,0,2,0,2.6,"Transline herbicide",-13315591.21,4264043.271
"99",98,"KRN","8/25/20 15:12","GG","4A","4A-3","Mowed","Timothy","Crypsis schoenoides",41605,"High",15.4,33,"5x5",NA,1.5,0,1.9,0,1.9,0,1.5,0,1.3,"Transline herbicide ",-13315634.07,4263669.937
"100",99,"KRN","8/25/20 15:17","GG","4A","4A-3","Mowed","Timothy","Crypsis schoenoides",41605,"High",12.3,50,"5x5",NA,1.6,0,1.7,0,1.6,0,1.4,0,1.7,"Transline herbicide ",-13315647.31,4263676.891
"101",48,"KRN","8/13/20 16:23","GG","4B","4B-1","Mowed","Timothy","Crypsis schoenoides",41605,"High",6,25,"5x5",NA,0.9,0,0.8,0,1.2,0,0.7,0,1.1,"",-13316452.96,4262437.503
"102",49,"KRN","8/13/20 16:51","MJ","4B","4B-1","Mowed","Timothy","Crypsis schoenoides",41605,"High",6,9,"5x5",NA,1.5,0,1.2,0,0.9,0,0.9,0,1.5,"",-13316447.6,4262442.956
"103",50,"KRN","8/13/20 17:10","MJ","4B","4B-1","Mowed","Timothy","Crypsis schoenoides",41605,"High",3.5,41,"5x5",NA,1,0,1,0,1.3,0,1.2,0,0.9,"",-13316538.88,4262132.426
"104",51,"KRN","8/13/20 17:15","GG","4B","4B-1","Mowed","Timothy","Crypsis schoenoides",41605,"Med",12.7,27,"15x15",NA,2,0,1.1,0,1,0,1.5,0,1.9,"",-13316537.9,4262145.625
"105",52,"KRN","8/13/20 17:20","MJ","4B","4B-1","Mowed","Timothy","Crypsis schoenoides",41605,"Low",7,19,"15x15",NA,2.5,0,1.4,0,2.4,0,2.3,0,1.6,"",-13316558.3,4262157.428
"106",53,"KRN","8/13/20 17:37","GG","4B","4B-1","Mowed","Timothy","Crypsis schoenoides",41605,"Low",6.3,21,"15x15",NA,2,0,2,0,1,0,0.7,0,2,"",-13316200.62,4262250.33
"107",54,"KRN","8/13/20 17:40","MJ","4B","4B-1","Mowed","Timothy","Crypsis schoenoides",41605,"High",11.5,34,"5x5",NA,1.5,0,1.5,0,1.8,0,1,0,1.3,"",-13316225.97,4262243.509
"108",55,"KRN","8/13/20 17:47","GG","4B","4B-1","Mowed","Timothy","Crypsis schoenoides",41605,"Med",12.8,53,"15x15",NA,1.3,0,1.5,0,1.4,0,1,0,1.3,"",-13316221.08,4262265.351
"109",56,"KRN","8/13/20 18:17","GG","4B","4B-2","Mowed","Timothy","Crypsis schoenoides",41605,"High",10,56,"5x5",NA,0.9,0,1,0,0.6,0,0.7,0,0.7,"",-13315920.79,4262214.523
"110",57,"KRN","8/13/20 18:18","GG","4B","4B-2","Mowed","Timothy","Crypsis schoenoides",41605,"Low",11,24,"15x15",NA,0.6,0,0.7,0,0.9,0,1.5,0,1.7,"",-13315916.13,4262199.466
"111",58,"KRN","8/13/20 18:26","GG","4B","4B-2","Mowed","Timothy","Crypsis schoenoides",41605,"Low",6,17,"5x5",NA,0.8,0,1.1,0,0.9,0,0.8,0,1,"",-13315858.68,4262000.318
"112",59,"KRN","8/13/20 18:30","GG","4B","4B-2","Mowed","Timothy","Crypsis schoenoides",41605,"Med",6,108,"15x15",NA,1.2,0,1,0,1.8,0,1.1,0,0.7,"",-13315838.62,4262015.804
"113",60,"KRN","8/13/20 18:43","GG","4B","4B-2","Mowed","Timothy","Crypsis schoenoides",41605,"Med",10,35,"15x15",NA,0.6,0,1.7,0,1.3,0,0.8,0,0.9,"",-13315765.01,4262429.119
"114",74,"KRN","8/24/20 16:52","GG","4A","4A-5","Mowed","Timothy","Crypsis schoenoides",41605,"High",14.3,39,"5x5",NA,1.7,0,2.2,0,1.3,0,1,0,1.6,"",-13316091.9,4262608.916
"115",75,"KRN","8/24/20 16:56","GG","4A","4A-5","Mowed","Timothy","Crypsis schoenoides",41605,"High",9.7,35,"5x5",NA,0.9,0,1.4,0,1.3,0,1.8,0,1.4,"",-13316087.28,4262624.737
"116",76,"KRN","8/24/20 17:10","GG","4A","4A-5","Mowed","Timothy","Crypsis schoenoides",41605,"Low",7.6,17,"5x5",NA,0.6,0,1.6,0,0.8,0,0.9,0,1.7,"",-13315847.5,4262782.942
"117",77,"KRN","8/24/20 17:13","GG","4A","4A-5","Mowed","Timothy","Crypsis schoenoides",41605,"High",8.4,74,"5x5",NA,1,0,1,0,1.2,0,1.2,0,0.9,"",-13315860.11,4262797.619
"118",78,"KRN","8/24/20 17:27","GG","4A","4A-5","Mowed","Timothy","Crypsis schoenoides",41605,"High",11,46,"5x5",NA,1.1,0,1.2,0,0.8,0,1,0,1.4,"",-13315642,4262834.116
"119",79,"KRN","8/24/20 17:30","GG","4A","4A-5","Mowed","Timothy","Crypsis schoenoides",41605,"High",7.8,47,"5x5",NA,1,0,1.2,0,1.2,0,1.5,0,1.2,"",-13315623.52,4262820.422
"120",80,"KRN","8/24/20 17:50","GG","4A","4A-2","Mowed","Timothy","Crypsis schoenoides",41605,"Med",13.6,32,"5x5",NA,1.2,0,1.2,0,1,0,1.5,0,1,"",-13316120.53,4262856.683
"121",81,"KRN","8/24/20 17:56","GG","4A","4A-2","Mowed","Timothy","Crypsis schoenoides",41605,"High",15,45,"5x5",NA,1.7,0,0.9,0,1.3,0,1.4,0,0.8,"",-13316095.9,4262844.449
"122",82,"KRN","8/24/20 18:05","GG","4A","4A-2","Mowed","Timothy","Crypsis schoenoides",41605,"Low",7,19,"15x15",NA,0.9,0,1.9,0,1,0,0.7,0,1.1,"",-13316117.95,4263027.057
"123",83,"KRN","8/24/20 18:08","GG","4A","4A-2","Mowed","Timothy","Crypsis schoenoides",41605,"High",13.6,48,"5x5",NA,1.2,0,1.9,0,1,0,1.7,0,0.9,"",-13316106.34,4263026.253
"124",86,"KRN","8/24/20 18:28","GG","4A","4A-2","Mowed","Timothy","Crypsis schoenoides",41605,"Low",7,19,"15x15",NA,1.3,0,1.5,0,1.5,0,0.8,0,0.8,"",-13316255.88,4263097.261
"125",87,"KRN","8/24/20 18:30","GG","4A","4A-2","Mowed","Timothy","Crypsis schoenoides",41605,"High",16.5,36,"5x5",NA,1.6,0,1,0,1,0,0.9,0,1.3,"",-13316241.34,4263106.272
"126",88,"KRN","8/24/20 20:58","GG","4A","4A-6","Mowed","Timothy","Crypsis schoenoides",41605,"High",11.8,34,"5x5",NA,1,0,1.3,0,1,0,1,0,1,"",-13314799.4,4263487.415
"127",89,"KRN","8/24/20 21:06","GG","4A","4A-6","Mowed","Timothy","Crypsis schoenoides",41605,"Low",3.5,67,"15x15",NA,0.8,0,0.8,0,1.4,0,0.9,0,1,"",-13314811.19,4263505.794
"128",90,"KRN","8/24/20 21:20","GG","4A","4A-6","None","Timothy","Crypsis schoenoides",41605,"High",16.2,34,"5x5",NA,1,0,1.4,0,1.6,0,1.5,0,1.4,"",-13315064.3,4263346.596
"129",91,"KRN","8/24/20 21:25","GG","4A","4A-6","None","Timothy","Crypsis schoenoides",41605,"Low",15,64,"15x15",NA,1,0,0.4,0,0.5,0,0.5,0,0.4,"",-13315060.93,4263358.422
"130",92,"KRN","8/24/20 21:59","GG","4A","4A-6","Mowed","Timothy","Crypsis schoenoides",41605,"Low",11.7,7,"15x15",NA,2.2,0,0.8,0,1.2,0,0.8,0,1,"",-13315308.76,4263445.944
"131",93,"KRN","8/24/20 22:07","GG","4A","4A-6","Mowed","Timothy","Crypsis schoenoides",41605,"Low",11,6,"15x15",NA,2.2,0,1,0,1.2,0,0.8,0,1.7,"",-13315315.81,4263448.379
"132",100,"KRN","8/25/20 15:35","GG","4A","4A-4","Mowed","Timothy","Crypsis schoenoides",41605,"Med",32.4,48,"15x15",NA,1.4,0,2.5,0,2.2,0,1.3,0,2.4,"",-13315628.2,4263162.758
"133",101,"KRN","8/25/20 15:39","GG","4A","4A-4","Mowed","Timothy","Crypsis schoenoides",41605,"High",24,10,"5x5",NA,2,0,1.4,0,1.3,0,2.6,0,1.7,"",-13315621.67,4263154.247
"134",102,"KRN","8/25/20 15:55","GG","4A","4A-4","Mowed","Timothy","Crypsis schoenoides",41605,"Low",14.8,18,"15x15",NA,1,0,1.5,0,1.9,0,1.5,0,1,"",-13315804.01,4263238.674
"135",103,"KRN","8/25/20 15:58","GG","4A","4A-4","Mowed","Timothy","Crypsis schoenoides",41605,"Med",17.3,41,"15x15",NA,1.6,0,1.7,0,1.5,0,2.4,0,1.8,"",-13315791.78,4263238.617
"136",104,"KRN","8/25/20 16:23","GG","4A","4A-4","Mowed","Timothy","Crypsis schoenoides",41605,"Med",9.4,76,"15x15",NA,1.7,0,1.5,0,1.4,0,1.6,0,1.5,"",-13315836.54,4263426.462
"137",105,"KRN","8/25/20 16:35","GG","4A","4A-4","Mowed","Timothy","Crypsis schoenoides",41605,"High",25,27,"5x5",NA,1.5,0,1.4,0,1.3,0,1.3,0,1.5,"",-13315836.77,4263424.502
"138",106,"KRN","8/25/20 16:46","GG","4A","4A-1","Mowed","Timothy","Crypsis schoenoides",41605,"Med",14.5,48,"15x15",NA,1.5,0,1,0,1.5,0,1,0,1.3,"",-13316192.28,4263825.864
"139",107,"KRN","8/25/20 16:49","GG","4A","4A-1","Mowed","Timothy","Crypsis schoenoides",41605,"Low",6,50,"15x15",NA,0.7,0,1.1,0,0.5,0,1,0,0.8,"",-13316193.03,4263808.341
"140",108,"KRN","8/25/20 16:58","GG","4A","4A-1","Mowed","Timothy","Crypsis schoenoides",41605,"High",6.4,47,"5x5",NA,0.9,0,1.2,0,1,0,1.2,0,0.9,"",-13316242.63,4263590.552
"141",109,"KRN","8/25/20 17:02","GG","4A","4A-1","Mowed","Timothy","Crypsis schoenoides",41605,"Low",6,21,"5x5",NA,0.7,0,0.9,0,0.7,0,0.9,0,0.8,"",-13316231.62,4263584.915
"142",110,"KRN","8/25/20 17:10","GG","4A","4A-1","None","Timothy","Crypsis schoenoides",41605,"High",4.8,29,"5x5",NA,0.7,0,0.8,0,0.7,0,0.8,0,1,"",-13316436.23,4263191.814
"143",111,"KRN","8/25/20 17:13","GG","4A","4A-1","None","Timothy","Crypsis schoenoides",41605,"Low",10.7,1,"15x15",NA,0.8,0,0.5,0,0.5,0,0.7,0,0.7,"",-13316448.58,4263185.354
"144",112,"KRN","8/25/20 17:49","GG","5A","5A-4","Mowed","Timothy","Crypsis schoenoides",41605,"Low",6.4,13,"5x5",NA,1,0,1,0,1.6,0,1.4,0,1,"",-13316082.22,4264030.599
"145",113,"KRN","8/25/20 17:51","GG","5A","5A-4","Mowed","Timothy","Crypsis schoenoides",41605,"Med",3,28,"5x5",NA,0.9,0,1.2,0,1,0,0.9,0,0.9,"",-13316074.38,4264022.829
"146",114,"KRN","8/25/20 18:09","GG","5A","5A-4","Mowed","Timothy","Crypsis schoenoides",41605,"Low",6.2,10,"15x15",NA,1,0,1.3,0,0.8,0,0.7,0,1.2,"",-13315884.93,4264136.322
"147",115,"KRN","8/25/20 18:12","GG","5A","5A-4","Mowed","Timothy","Crypsis schoenoides",41605,"High",8.8,18,"5x5",NA,1.3,0,0.9,0,1.2,0,1.1,0,1.3,"",-13315893.14,4264125.735
"148",116,"KRN","8/25/20 18:24","GG","5A","5A-4","Mowed","Timothy","Crypsis schoenoides",41605,"High",11.3,33,"5x5",NA,1.3,0,0.9,0,1,0,1.1,0,1.3,"",-13315999.57,4264315.981
"149",117,"KRN","8/25/20 18:31","GG","5A","5A-4","Mowed","Timothy","Crypsis schoenoides",41605,"Low",10.6,5,"15x15",NA,0.9,0,0.4,0,0.6,0,0.7,0,0.9,"",-13315982.83,4264318.629
"150",145,"KRN","8/27/20 16:26","GG","5A","5A-7","None","Timothy","Crypsis schoenoides",41605,"Low",3.4,84,"15x15",NA,0.9,0,0.7,0,0.8,0,1,0,1.4,"",-13315322.41,4264265.294
"151",146,"KRN","8/27/20 16:34","GG","5A","5A-7","None","Timothy","Crypsis schoenoides",41605,"High",4,34,"5x5",NA,1.1,0,1,0,1,0,1.2,0,0.8,"",-13315333.08,4264261.809
"152",147,"KRN","8/27/20 16:50","GG","5A","5A-7","None","Timothy","Crypsis schoenoides",41605,"Med",4.7,32,"5x5",NA,0.8,0,1,0,1.4,0,0.8,0,0.9,"",-13315039.11,4264300.653
"153",148,"KRN","8/27/20 16:52","GG","5A","5A-7","None","Timothy","Crypsis schoenoides",41605,"High",5.7,38,"5x5",NA,0.8,0,0.7,0,0.9,0,1,0,1.4,"",-13315041.32,4264311.487
"154",149,"KRN","8/27/20 17:00","GG","5A","5A-7","None","Timothy","Crypsis schoenoides",41605,"High",5.4,26,"5x5",NA,1.1,0,1.4,0,1,0,1.1,0,0.8,"",-13315196.63,4263883.348
"155",150,"KRN","8/27/20 17:02","GG","5A","5A-7","None","Timothy","Crypsis schoenoides",41605,"Low",2.4,34,"15x15",NA,1,0,0.6,0,0.7,0,0.9,0,1,"",-13315199.59,4263889.233
"156",151,"KRN","8/27/20 17:23","GG","5A","5A-1","Mowed","Timothy","Crypsis schoenoides",41605,"High",8.4,25,"5x5",NA,1,0,0.9,0,0.7,0,1.2,0,1.4,"",-13316172.71,4264351.46
"157",152,"KRN","8/27/20 17:25","GG","5A","5A-1","None","Timothy","Crypsis schoenoides",41605,"Low",3,46,"15x15",NA,0.8,0,1.3,0,0.9,0,0.8,0,0.8,"",-13316163.01,4264369.117
"158",153,"KRN","8/27/20 17:37","GG","5A","5A-1","Mowed","Timothy","Crypsis schoenoides",41605,"Med",4,16,"5x5",NA,1,0,0.9,0,1.1,0,1.2,0,1.2,"",-13316198.97,4264726.555
"159",154,"KRN","8/27/20 17:39","GG","5A","5A-1","Mowed","Timothy","Crypsis schoenoides",41605,"High",6.8,33,"5x5",NA,1.3,0,0.8,0,1.3,0,1.2,0,1.2,"",-13316200.39,4264737.849
"160",155,"KRN","8/27/20 17:48","GG","5A","5A-1","Mowed","Timothy","Crypsis schoenoides",41605,"High",13.8,20,"5x5",NA,0.7,0,0.9,0,1,0,1,0,1,"",-13315969.15,4264878.427
"161",156,"KRN","8/27/20 17:51","GG","5A","5A-1","Mowed","Timothy","Crypsis schoenoides",41605,"Med",9.4,15,"5x5",NA,0.7,0,0.8,0,0.9,0,0,1.2,0,"",-13315979.52,4264871.806
"162",373,"MDC","44068.68542","JS ","Grandma Tract 4","Grandma Tract 4","None","Watergrass","Echinochloa crus-galli",502210,"Med",45,15,"30x30",10,2,16,3,6.6,1.8,5.4,2,2.6,1.4,"",-13415710.76,5084388.898
"163",345,"MDC","44067.80833","JS ","Grandma Tract 10","Grandma Tract 10","None","Watergrass","Echinochloa crus-galli",502210,"Low",61,7,"30x30",16,5.4,13,2.2,16.2,5.2,23,6,15.6,2.8,"",-13415553.51,5083723.601
"164",344,"MDC","44067.80417","JS ","Grandma Tract 10","Grandma Tract 10","None","Watergrass","Echinochloa crus-galli",502210,"Low",60,8,"30x30",22.8,3,19,1.8,11.2,2,15.8,3,23,3,"",-13415552.57,5083711.375
"165",308,"MDC","8/20/20 15:19","JS","Upper Goose Pond","Upper Goose Pond","None","Timothy","Crypsis schoenoides",41605,"Low",3,40,"30x30",NA,2,0,0,0,2,0,0,0,0,"",-13416197.17,5079685.496
"166",309,"MDC","8/20/20 15:27","JS","Upper Goose Pond","Upper Goose Pond","None","Timothy","Crypsis schoenoides",41605,"Low",4,85,"30x30",NA,2,0,0,0,1.5,0,1.5,0,0,"",-13416192.5,5079682.377
"167",310,"MDC","8/20/20 15:47","JS","Upper Goose Pond","Upper Goose Pond","None","Timothy","Crypsis schoenoides",41605,"High",12,125,"15x15",NA,4,0,3,0,1.5,0,1.5,0,1,"",-13416372.39,5079514.785
"168",311,"MDC","8/20/20 15:53","JS","Upper Goose Pond","Upper Goose Pond","None","Timothy","Crypsis schoenoides",41605,"High",5,26,"5x5",NA,3,0,2.5,0,1.5,0,4,0,2,"",-13416359.88,5079515.481
"169",312,"MDC","8/20/20 17:20","JS","Upper Goose Pond","Upper Goose Pond","None","Timothy","Crypsis schoenoides",41605,"Med",4.2,44,"30x30",NA,2,0,2,0,1.4,0,2.2,0,1,"",-13416625.83,5079093.876
"170",313,"MDC","8/20/20 17:25","JS","Upper Goose Pond","Upper Goose Pond","None","Timothy","Crypsis schoenoides",41605,"High",9.2,42,"5x5",NA,2,0,2.6,0,1.8,0,1.2,0,2.2,"",-13416627.95,5079085.784
"171",314,"MDC","8/20/20 17:39","JS","Upper Goose Pond","Upper Goose Pond","None","Timothy","Crypsis schoenoides",41605,"Low",0.8,47,"30x30",NA,1.2,0,1,0,1.4,0,0.2,0,0.8,"",-13416749.25,5079200.351
"172",315,"MDC","8/20/20 17:45","JS","Upper Goose Pond","Upper Goose Pond","None","Timothy","Crypsis schoenoides",41605,"High",7.8,25,"5x5",NA,0.6,0,0.6,0,0.6,0,0.6,0,1,"",-13416760.91,5079205.146
"173",316,"MDC","8/20/20 17:56","JS","Upper Goose Pond","Upper Goose Pond","None","Timothy","Crypsis schoenoides",41605,"Med",2,39,"15x15",NA,0.6,0,1,0,0.4,0,1.8,0,0,"",-13416625.43,5079306.538
"174",317,"MDC","8/20/20 17:59","JS","Upper Goose Pond","Upper Goose Pond","None","Timothy","Crypsis schoenoides",41605,"High",3.4,32,"5x5",NA,0.8,0,2.6,0,2.8,0,0.6,0,0.8,"",-13416613.22,5079300.252
"175",318,"MDC","8/20/20 18:07","JS","Upper Goose Pond","Upper Goose Pond","None","Timothy","Crypsis schoenoides",41605,"Low",2,9,"30x30",NA,0.4,0,0.1,0,0.2,0,0,0,0,"",-13416521.62,5079473.012
"176",319,"MDC","8/20/20 18:11","JS","Upper Goose Pond","Upper Goose Pond","None","Timothy","Crypsis schoenoides",41605,"Low",2.6,15,"30x30",NA,0.8,0,0.4,0,1,0,0,0,0,"",-13416525.49,5079451.991
"177",320,"MDC","8/20/20 18:15","JS","Upper Goose Pond","Upper Goose Pond","None","Timothy","Crypsis schoenoides",41605,"Low",2,47,"15x15",NA,0.2,0,0.4,0,0.2,0,0.4,0,0.6,"",-13416599.65,5079489.286
"178",321,"MDC","8/20/20 18:18","JS","Upper Goose Pond","Upper Goose Pond","None","Timothy","Crypsis schoenoides",41605,"High",4,39,"5x5",NA,0.6,0,1.4,0,2,0,1.2,0,0.4,"",-13416607.51,5079504.43
"179",322,"MDC","8/20/20 19:01","JS","Gadwall","Gadwall","None","Timothy","Crypsis schoenoides",41605,"Low",3.4,2,"30x30",NA,0.4,0,0,0,0,0,0.4,0,0,"",-13417803.88,5080101.552
"180",327,"MDC","8/20/20 20:25","JS","Gadwall","Gadwall","None","Timothy","Crypsis schoenoides",41605,"High",8,42,"5x5",NA,1.4,0,1.2,0,1,0,2.4,0,2.8,"",-13418059.37,5080243.422
"181",332,"MDC","8/24/20 16:00","JS ","Duck Ponds","Duck Ponds","None","Timothy","Crypsis schoenoides",41605,"Med",2.4,120,"15x15",NA,1.2,0,0.6,0,1,0,1.2,0,1.2,"",-13416590.07,5082225.66
"182",333,"MDC","8/24/20 16:08","JS ","Duck Ponds","Duck Ponds","None","Timothy","Crypsis schoenoides",41605,"Low",2.2,110,"30x30",NA,1.6,0,1.2,0,1.2,0,1,0,1.6,"",-13416591.52,5082224.771
"183",334,"MDC","8/24/20 16:25","JS ","Duck Ponds","Duck Ponds","None","Timothy","Crypsis schoenoides",41605,"High",6.4,38,"5x5",NA,1.4,0,1,0,0.8,0,1.8,0,0.8,"",-13416664.97,5081922.911
"184",335,"MDC","8/24/20 16:29","JS ","Duck Ponds","Duck Ponds","None","Timothy","Crypsis schoenoides",41605,"Med",8,69,"15x15",NA,1,0,0.6,0,2.8,0,0.4,0,0.8,"",-13416656.55,5081932.243
"185",336,"MDC","8/24/20 16:50","JS ","Duck Ponds","Duck Ponds","None","Timothy","Crypsis schoenoides",41605,"High",3.5,22,"5x5",NA,1.8,0,0.6,0,1.4,0,0.6,0,0.4,"",-13416313.08,5082094.967
"186",337,"MDC","8/24/20 16:59","JS ","Duck Ponds","Duck Ponds","None","Timothy","Crypsis schoenoides",41605,"Med",7.6,98,"30x30",NA,2.6,0,3.8,0,2.4,0,1,0,3,"",-13416303.55,5082106.417
"187",338,"MDC","8/24/20 17:25","JS ","Duck Ponds","Duck Ponds","None","Timothy","Crypsis schoenoides",41605,"Med",10,132,"30x30",NA,2.8,0,3,0,4,0,4.4,0,3.8,"",-13416419.39,5081712.155
"188",339,"MDC","8/24/20 17:28","JS ","Duck Ponds","Duck Ponds","None","Timothy","Crypsis schoenoides",41605,"Med",7,59,"30x30",NA,3.8,0,3,0,1.4,0,1,0,1.8,"",-13416424.75,5081733.828
"189",340,"MDC","8/24/20 18:11","JS ","Flournoy Pond","Flournoy Pond","None","Timothy","Crypsis schoenoides",41605,"Low",4,121,"30x30",NA,0.4,0,0.2,0,0.4,0,0.6,0,0.8,"",-13416304.75,5082641.858
"190",341,"MDC","8/24/20 18:15","JS ","Flournoy Pond","Flournoy Pond","None","Timothy","Crypsis schoenoides",41605,"High",8,42,"5x5",NA,1.4,0,2.6,0,1.8,0,0.6,0,2.6,"",-13416320.44,5082624.871
"191",397,"MDC","8/26/20 21:51","JS ","J Pond","J Pond","None","Timothy","Crypsis schoenoides",41605,"High",25,68,"15x15",NA,1,0,1,0,0.6,0,0.8,0,1,"Bidens present ",-13417954.13,5079306.287
"192",451,"MDC","9/1/20 19:27","JS ","Matney 6","Matney 6","None","Timothy","Crypsis schoenoides",41605,"Med",10,21,"5x5",NA,1.4,0,0.6,0,0.4,0,0.6,0,1,"JS ",-13417360.24,5078207.546
"193",382,"MDC","8/25/20 17:55","JS ","Grandma Tract 2","Grandma Tract 2","None","Timothy","Crypsis schoenoides",41605,"High",3,34,"5x5",NA,1.4,0,1,0,0.6,0,0.6,0,1.8,"Planted in water grass ",-13416470.71,5084046.552
"194",394,"MDC","8/26/20 21:08","JS ","J Pond","J Pond","None","Timothy","Crypsis schoenoides",41605,"High",6.2,57,"5x5",NA,0.6,0,0.4,0,2.8,0,0.6,0,1,"Smartweed and Bidenâ€™s present ",-13418096.57,5079393.459
"195",395,"MDC","8/26/20 21:23","JS ","J Pond","J Pond","None","Timothy","Crypsis schoenoides",41605,"High",7,40,"5x5",NA,1.2,0,0.8,0,2.8,0,1.6,0,0.4,"Smartweed and Bidens present ",-13418130.33,5079257.629
"196",392,"MDC","8/26/20 20:28","JS ","J Pond","J Pond","None","Timothy","Crypsis schoenoides",41605,"Med",16,61,"15x15",NA,3.8,0,4.6,0,4.6,0,6.6,0,4.8,"Smartweed and sagittaria present ",-13418242.2,5079742.985
"197",393,"MDC","8/26/20 20:52","JS ","J Pond","J Pond","None","Timothy","Crypsis schoenoides",41605,"High",6.6,62,"5x5",NA,0.4,0,0.4,0,0.8,0,0.6,0,0.6,"Smartweed present ",-13418092.97,5079412.963
"198",389,"MDC","8/26/20 19:57","JS ","J Pond","J Pond","None","Timothy","Crypsis schoenoides",41605,"High",11.2,35,"5x5",NA,0.8,0,0.6,0,0.6,0,1,0,2.4,"Some smartweed ",-13418054.83,5079854.317
"199",366,"MDC","44068.65694","JS ","Grandma Tract 4","Grandma Tract 4","None","Timothy","Crypsis schoenoides",41605,"Low",4.8,9,"30x30",NA,3.6,0,0,0,0,0,0,0,0,"Water grass and Timothy ",-13415880.27,5084204.133
"200",388,"MDC","8/25/20 18:49","JS ","Grandma Tract 2","Grandma Tract 2","None","Timothy","Crypsis schoenoides",41605,"High",9,29,"5x5",NA,4,0,1.2,0,1.6,0,4,0,3.8,"",-13416341.39,5084056.609
"201",398,"MDC","8/26/20 21:56","JS ","J Pond","J Pond","None","Timothy","Crypsis schoenoides",41605,"Med",23,20,"5x5",NA,0.6,0,0.8,0,0.8,0,0.6,0,0.8,"",-13417952.94,5079311.017
"202",399,"MDC","8/27/20 14:51","JS ","Matney 4 North","Matney 4 North","None","Timothy","Crypsis schoenoides",41605,"Med",6.2,25,"5x5",NA,0.6,0,1,0,3,0,0.6,0,1,"",-13417120.71,5078738.673
"203",401,"MDC","8/27/20 15:04","JS ","Matney 4 North","Matney 4 North","None","Timothy","Crypsis schoenoides",41605,"High",10,37,"30x30",NA,1,0,3.2,0,3.6,0,2,0,4.2,"",-13417032.74,5078651.923
"204",402,"MDC","8/27/20 15:09","JS ","Matney 4 North","Matney 4 North","None","Timothy","Crypsis schoenoides",41605,"High",7.6,54,"5x5",NA,2.6,0,0.4,0,2.6,0,2.8,0,0.6,"",-13417036.73,5078635.604
"205",403,"MDC","8/27/20 15:16","JS ","Matney 4 North","Matney 4 North","None","Timothy","Crypsis schoenoides",41605,"High",10.8,52,"5x5",NA,0.6,0,0.6,0,3,0,0.4,0,0.4,"",-13417058.48,5078580.06
"206",405,"MDC","8/27/20 15:30","JS ","Matney 4 North","Matney 4 North","None","Timothy","Crypsis schoenoides",41605,"Low",1.4,21,"30x30",NA,0.6,0,0.2,0,0.4,0,0.2,0,0.6,"",-13416979.22,5078490.151
"207",406,"MDC","8/27/20 15:34","JS ","Matney 4 North","Matney 4 North","None","Timothy","Crypsis schoenoides",41605,"Med",1.6,70,"15x15",NA,1,0,0.4,0,0.6,0,0.4,0,0.8,"",-13416966.33,5078502.351
"208",407,"MDC","8/27/20 15:41","JS ","Matney 4 North","Matney 4 North","None","Timothy","Crypsis schoenoides",41605,"High",10.8,55,"5x5",NA,3.6,0,1.2,0,1.2,0,2.4,0,3.6,"",-13417053.04,5078444.796
"209",409,"MDC","8/27/20 15:56","JS ","Matney 4 North","Matney 4 North","None","Timothy","Crypsis schoenoides",41605,"Med",7,23,"5x5",NA,0.6,0,2,0,0.2,0,2.2,0,1.8,"",-13417137.49,5078464.028
"210",410,"MDC","8/27/20 15:58","JS ","Matney 4 North","Matney 4 North","None","Timothy","Crypsis schoenoides",41605,"High",6,48,"5x5",NA,0.8,0,0.6,0,0.6,0,0.4,0,0.4,"",-13417145.84,5078466.204
"211",413,"MDC","8/27/20 17:15","JS ","Matney 3","Matney 3","None","Timothy","Crypsis schoenoides",41605,"High",4,49,"5x5",NA,0.2,0,0.2,0,0.4,0,0.2,0,0.2,"",-13417654.49,5078726.73
"212",414,"MDC","8/27/20 17:18","JS ","Matney 3","Matney 3","None","Timothy","Crypsis schoenoides",41605,"Med",3,51,"15x15",NA,0.6,0,0.4,0,0.2,0,0.2,0,0.2,"",-13417658.18,5078736.982
"213",415,"MDC","8/27/20 17:24","JS ","Matney 3","Matney 3","None","Timothy","Crypsis schoenoides",41605,"High",7,28,"5x5",NA,0.6,0,0.4,0,0.4,0,0.6,0,0.8,"",-13417541.56,5078735.401
"214",416,"MDC","8/27/20 17:27","JS ","Matney 3","Matney 3","None","Timothy","Crypsis schoenoides",41605,"High",11.6,46,"5x5",NA,0.6,0,0.8,0,0.6,0,0.8,0,1,"",-13417528.12,5078736.854
"215",417,"MDC","8/27/20 17:33","JS ","Matney 3","Matney 3","None","Timothy","Crypsis schoenoides",41605,"High",7.8,22,"5x5",NA,0.8,0,0.8,0,0.4,0,0.6,0,0.4,"",-13417420.64,5078670.643
"216",418,"MDC","8/27/20 17:36","JS ","Matney 3","Matney 3","None","Timothy","Crypsis schoenoides",41605,"High",8.2,19,"5x5",NA,0.6,0,0.4,0,0.6,0,0.6,0,0.2,"",-13417429.54,5078664.094
"217",419,"MDC","8/27/20 17:42","JS ","Matney 3","Matney 3","None","Timothy","Crypsis schoenoides",41605,"High",7.4,35,"5x5",NA,0.6,0,0.4,0,0.6,0,0.4,0,0.8,"",-13417456.67,5078515.358
"218",420,"MDC","8/27/20 17:44","JS ","Matney 3","Matney 3","None","Timothy","Crypsis schoenoides",41605,"High",10,35,"5x5",NA,1,0,0.4,0,0.4,0,0.6,0,0.8,"",-13417456.78,5078530.227
"219",421,"MDC","8/27/20 17:50","JS ","Matney 3","Matney 3","None","Timothy","Crypsis schoenoides",41605,"High",4,27,"5x5",NA,0.6,0,0.4,0,0.4,0,0.4,0,0.4,"",-13417315.53,5078532.41
"220",422,"MDC","8/27/20 17:52","JS ","Matney 3","Matney 3","None","Timothy","Crypsis schoenoides",41605,"High",4.2,23,"5x5",NA,1,0,0.8,0,0.4,0,0.4,0,0.4,"",-13417328.61,5078542.89
"221",423,"MDC","8/27/20 17:58","JS ","Matney 3","Matney 3","None","Timothy","Crypsis schoenoides",41605,"High",7,26,"5x5",NA,0.6,0,0.2,0,0.6,0,0.4,0,0.2,"",-13417534.57,5078579.996
"222",424,"MDC","8/27/20 18:02","JS ","Matney 3","Matney 3","None","Timothy","Crypsis schoenoides",41605,"High",10.2,41,"5x5",NA,0.6,0,0.6,0,0.6,0,0.8,0,0.4,"",-13417552.17,5078581.813
"223",444,"MDC","9/1/20 18:28","JS ","Matney 6","Matney 6","None","Timothy","Crypsis schoenoides",41605,"High",8,41,"5x5",NA,0.4,0,0.4,0,0.4,0,0.4,0,0.4,"",-13417488.94,5078253.986
"224",446,"MDC","9/1/20 18:43","JS ","Matney 6","Matney 6","None","Timothy","Crypsis schoenoides",41605,"High",10,22,"5x5",NA,0.6,0,0.6,0,0.8,0,1,0,0.6,"",-13417422.31,5078123.459
"225",447,"MDC","9/1/20 18:52","JS ","Matney 6","Matney 6","None","Timothy","Crypsis schoenoides",41605,"High",9,55,"5x5",NA,0.4,0,0.8,0,0.4,0,0.4,0,0.4,"",-13417327.16,5078061.723
"226",449,"MDC","9/1/20 19:11","JS ","Matney 6","Matney 6","None","Timothy","Crypsis schoenoides",41605,"High",14,52,"5x5",NA,4.8,0,6.2,0,2,0,4.2,0,4.6,"",-13417278.93,5078185.829
"227",454,"MDC","9/1/20 19:49","JS ","Matney 6","Matney 6","None","Timothy","Crypsis schoenoides",41605,"High",9,32,"5x5",NA,0.4,0,1,0,0.8,0,0.4,0,0.8,"",-13417412.77,5078326.023
"228",457,"MDC","9/2/20 16:03","JS ","Matney 4 South","Matney 4 South","None","Timothy","Crypsis schoenoides",41605,"High",3,62,"15x15",NA,2,0,1.6,0,0.6,0,1.4,0,2,"",-13417075.93,5078312.734
"229",459,"MDC","9/2/20 16:19","JS ","Matney 4 South","Matney 4 South","None","Timothy","Crypsis schoenoides",41605,"High",7,15,"5x5",NA,1.4,0,0.8,0,0.4,0,1.6,0,1,"",-13417017.07,5078181.715
"230",461,"MDC","9/2/20 16:35","JS ","Matney 4 South","Matney 4 South","None","Timothy","Crypsis schoenoides",41605,"High",10.8,34,"5x5",NA,1,0,0.8,0,0.8,0,0.6,0,0.6,"",-13417048.08,5078086.751
"231",465,"MDC","9/2/20 17:09","JS ","Matney 4 South","Matney 4 South","None","Timothy","Crypsis schoenoides",41605,"High",25,28,"5x5",NA,3,0,2,0,2.8,0,3.6,0,1.6,"",-13417196.63,5078022.268
"232",472,"MDC","9/2/20 18:47","JS ","Matney 8","Matney 8","None","Timothy","Crypsis schoenoides",41605,"Med",7.4,12,"5x5",NA,0.8,0,1,0,0.4,0,0.6,0,0.6,"",-13417038.79,5077620.627
"233",475,"MDC","9/3/20 16:09","JS ","Matney 8","Matney 8","None","Timothy","Crypsis schoenoides",41605,"Med",7,15,"5x5",NA,1,0,1.4,0,1.4,0,0.6,0,1.2,"",-13417143.14,5077483.918
"234",479,"MDC","9/3/20 17:31","JS ","South Dam Pond","South Dam Pond","None","Timothy","Crypsis schoenoides",41605,"Low",1.6,16,"30x30",NA,0.8,0,0.4,0,0.2,0,0.2,0,0.2,"",-13418158.78,5075105.972
"235",480,"MDC","9/3/20 17:34","JS ","South Dam Pond","South Dam Pond","None","Timothy","Crypsis schoenoides",41605,"Low",0.4,9,"30x30",NA,0.2,0,0.2,0,0.1,0,0.1,0,0.1,"",-13418150.76,5075107.696
"236",481,"MDC","9/3/20 17:50","JS ","South Dam Pond","South Dam Pond","None","Timothy","Crypsis schoenoides",41605,"Low",0.8,13,"30x30",NA,0.2,0,0.2,0,0.4,0,0.2,0,0.2,"",-13418244.64,5074932.509
"237",482,"MDC","9/3/20 18:07","JS ","South Dam Pond","South Dam Pond","None","Timothy","Crypsis schoenoides",41605,"Med",1,26,"5x5",NA,1.8,0,0.8,0,2,0,3.6,0,0.8,"",-13418037.28,5074974.027
"238",483,"MDC","9/3/20 18:12","JS ","South Dam Pond","South Dam Pond","None","Timothy","Crypsis schoenoides",41605,"Med",4.4,23,"5x5",NA,1.4,0,0.6,0,0.4,0,2.8,0,0.8,"",-13418034.67,5074978.666
"239",484,"MDC","9/3/20 18:31","JS ","South Dam Pond","South Dam Pond","None","Timothy","Crypsis schoenoides",41605,"Med",5,16,"5x5",NA,2.2,0,0.4,0,1.2,0,2.6,0,1.8,"",-13417980.72,5075039.942
"240",485,"MDC","9/3/20 18:35","JS ","South Dam Pond","South Dam Pond","None","Timothy","Crypsis schoenoides",41605,"Med",3.6,18,"5x5",NA,3.2,0,1.2,0,0.8,0,3,0,1.6,"",-13417977.42,5075044.446
"241",486,"MDC","9/3/20 18:46","JS ","South Dam Pond","South Dam Pond","None","Timothy","Crypsis schoenoides",41605,"High",1.2,37,"5x5",NA,1.8,0,0.6,0,1.6,0,0.8,0,0.4,"",-13418335.47,5075037.701
"242",487,"MDC","9/3/20 18:50","JS ","South Dam Pond","South Dam Pond","None","Timothy","Crypsis schoenoides",41605,"Med",4,27,"5x5",NA,0.4,0,0.4,0,0.2,0,0.2,0,0.2,"",-13418322.18,5075047.237
"243",282,"PIX","9/4/20 16:25","GG","6","6","","Timothy","Crypsis schoenoides",41605,"Med",11,73,"15x15",NA,1.1,0,2.1,0,2.4,0,1.7,0,1.8,"Herbicide",-13291485.77,4288235.186
"244",283,"PIX","9/4/20 16:28","GG","6","6","","Timothy","Crypsis schoenoides",41605,"Low",8.1,31,"15x15",NA,1,0,1.4,0,0.6,0,1.3,0,1.3,"Herbicide",-13291502.88,4288241.482
"245",289,"PIX","9/4/20 17:14","GG","2","2","","Timothy","Crypsis schoenoides",41605,"Med",23,55,"15x15",NA,2.4,0,2.6,0,3,0,2.9,0,3.2,"Herbicide",-13291017.9,4288961.33
"246",65,"PIX","8/24/20 16:01","MJ","4","4","None","Timothy","Crypsis schoenoides",41605,"High",4,42,"5x5",NA,1,0,1.3,0,1,0,0.9,0,0,"",-13289943.11,4289105.062
"247",70,"PIX","8/24/20 16:18","MJ","4","4","None","Timothy","Crypsis schoenoides",41605,"Med",12,173,"30x30",NA,0.9,0,1,0,1.3,0,1.2,0,0,"",-13289819.89,4289246.024
"248",72,"PIX","8/24/20 16:32","MJ","4","4","None","Timothy","Crypsis schoenoides",41605,"High",6.5,57,"5x5",NA,1.1,0,0.6,0,1.6,0,0.8,0,0,"",-13289961.17,4289589.819
"249",84,"PIX","8/24/20 18:18","MJ","9B","9B","None","Timothy","Crypsis schoenoides",41605,"High",13.5,45,"5x5",NA,1.7,0,1.2,0,1.8,0,0.6,0,0,"",-13289677.26,4288243.222
"250",118,"PIX","8/26/20 15:46","MJ","9B","9B","None","Timothy","Crypsis schoenoides",41605,"High",9.2,56,"5x5",NA,1.1,0,1,0,1.4,0,0.8,0,0,"",-13289608.97,4288088.817
"251",119,"PIX","8/26/20 15:49","MJ","9B","9B","None","Timothy","Crypsis schoenoides",41605,"High",7.2,51,"5x5",NA,1,0,1.5,0,0.9,0,0.6,0,0,"",-13289614.26,4288086.179
"252",120,"PIX","8/26/20 16:04","MJ","9B","9B","None","Timothy","Crypsis schoenoides",41605,"High",8.5,23,"5x5",NA,2.1,0,2.2,0,1.4,0,1.5,0,0,"",-13289352.03,4287873.509
"253",121,"PIX","8/26/20 16:07","MJ","9B","9B","None","Timothy","Crypsis schoenoides",41605,"Med",4.1,92,"15x15",NA,1.3,0,1.4,0,1.3,0,1.5,0,0,"",-13289349.89,4287887.834
"254",122,"PIX","8/26/20 16:20","MJ","9A","9A","None","Timothy","Crypsis schoenoides",41605,"High",11.8,28,"5x5",NA,1.9,0,1.4,0,1.4,0,1.5,0,0,"",-13289626.74,4288459.05
"255",123,"PIX","8/26/20 16:24","MJ","9A","9A","None","Timothy","Crypsis schoenoides",41605,"High",6,34,"5x5",NA,1.4,0,1.8,0,1.2,0,1.2,0,0,"",-13289640.66,4288457.99
"256",124,"PIX","8/26/20 16:30","MJ","9A","9A","None","Timothy","Crypsis schoenoides",41605,"High",18,61,"5x5",NA,1.9,0,1.8,0,2.3,0,2.2,0,0,"",-13289708.18,4288608.932
"257",126,"PIX","8/26/20 16:46","MJ","9A","9A","None","Timothy","Crypsis schoenoides",41605,"Med",5.6,87,"15x15",NA,1.7,0,1.3,0,1.9,0,1.2,0,0,"",-13289924.65,4288498.905
"258",127,"PIX","8/26/20 16:49","MJ","9A","9A","None","Timothy","Crypsis schoenoides",41605,"Med",4,95,"15x15",NA,1.1,0,1,0,1,0,1,0,0,"",-13289936.81,4288513.092
"259",128,"PIX","8/26/20 17:51","GG","4","4","None","Timothy","Crypsis schoenoides",41605,"Low",2.4,55,"15x15",NA,1.8,0,3.2,0,0.9,0,3.2,0,1.1,"",-13289893.27,4288782.405
"260",130,"PIX","8/26/20 19:07","GG","9B","9B","None","Timothy","Crypsis schoenoides",41605,"Low",9.4,57,"15x15",NA,1.4,0,1.7,0,0.9,0,0.9,0,1.2,"",-13289582.37,4287819.804
"261",131,"PIX","8/27/20 14:59","MJ","4A","4A","None","Timothy","Crypsis schoenoides",41605,"Low",13.5,105,"30x30",NA,1.8,0,1.7,0,2,0,2.2,0,0,"",-13290248.22,4289591.449
"262",132,"PIX","8/27/20 15:05","MJ","4A","4A","None","Timothy","Crypsis schoenoides",41605,"Med",8.5,38,"15x15",NA,1,0,1,0,1.1,0,1,0,0,"",-13290251.47,4289593.805
"263",134,"PIX","8/27/20 15:08","MJ","4A","4A","None","Timothy","Crypsis schoenoides",41605,"High",11.3,51,"15x15",NA,2.5,0,1.6,0,2.1,0,1.6,0,0,"",-13290256.06,4289613.836
"264",138,"PIX","8/27/20 15:24","MJ","4A","4A","None","Timothy","Crypsis schoenoides",41605,"High",5.6,30,"5x5",NA,1.2,0,0.7,0,1.5,0,1.1,0,0,"",-13290058.02,4289322.721
"265",141,"PIX","8/27/20 15:36","MJ","4A","4A","None","Timothy","Crypsis schoenoides",41605,"Med",7,83,"15x15",NA,1.8,0,1.1,0,1,0,2,0,0,"",-13290022.92,4288840.729
"266",142,"PIX","8/27/20 15:41","MJ","4A","4A","None","Timothy","Crypsis schoenoides",41605,"Med",18.6,26,"15x15",NA,2.9,0,2.5,0,2.3,0,2.5,0,0,"",-13290035.94,4288858.5
"267",165,"PIX","8/31/20 15:41","MJ","3A","3A","None","Timothy","Crypsis schoenoides",41605,"High",11,39,"5x5",NA,1.6,0,0.9,0,1.6,0,1.7,0,0,"",-13290548.88,4289567.847
"268",167,"PIX","8/31/20 15:45","MJ","3A","3A","None","Timothy","Crypsis schoenoides",41605,"High",7.5,30,"5x5",NA,2.2,0,1.3,0,0.7,0,2.5,0,0,"",-13290555.69,4289588.177
"269",172,"PIX","8/31/20 15:58","MJ","3A","3A","None","Timothy","Crypsis schoenoides",41605,"High",10.7,42,"5x5",NA,1.4,0,1.7,0,1.8,0,1.9,0,0,"",-13290679.78,4289352.487
"270",175,"PIX","8/31/20 16:09","MJ","3A","3A","None","Timothy","Crypsis schoenoides",41605,"Low",5.2,124,"30x30",NA,0.9,0,2.2,0,2.5,0,2.2,0,0,"",-13291136.07,4289556.631
"271",178,"PIX","8/31/20 16:21","MJ","3A","3A","None","Timothy","Crypsis schoenoides",41605,"High",6.2,72,"5x5",NA,1.5,0,0.5,0,0.9,0,2,0,0,"",-13291144.45,4289553.854
"272",218,"PIX","9/1/20 16:56","MJ","3","3","None","Timothy","Crypsis schoenoides",41605,"Med",3.8,91,"15x15",NA,1.7,0,1.2,0,1.3,0,1,0,0,"",-13290474.14,4288796.996
"273",220,"PIX","9/1/20 16:59","MJ","3","3","None","Timothy","Crypsis schoenoides",41605,"Med",18.5,34,"15x15",NA,1.9,0,1.3,0,1.9,0,2.9,0,0,"",-13290480.46,4288780.516
"274",221,"PIX","9/1/20 17:06","MJ","3","3","None","Timothy","Crypsis schoenoides",41605,"Med",20.5,38,"15x15",NA,4,0,2.9,0,2.8,0,3.6,0,0,"",-13290506.72,4289089.422
"275",244,"PIX","9/2/20 16:39","MJ","3","3","None","Timothy","Crypsis schoenoides",41605,"High",32,25,"5x5",NA,2.6,0,2.1,0,3.2,0,3.3,0,0,"",-13290758.5,4288988.14
"276",245,"PIX","9/2/20 16:57","MJ","8A","8A","None","Timothy","Crypsis schoenoides",41605,"High",24.2,25,"5x5",NA,2.9,0,2.5,0,2.4,0,2,0,0,"",-13290551.94,4288576.259
"277",246,"PIX","9/2/20 17:01","MJ","8A","8A","None","Timothy","Crypsis schoenoides",41605,"High",37.5,29,"5x5",NA,3.2,0,4.2,0,4.8,0,4.8,0,0,"",-13290558.73,4288576.513
"278",247,"PIX","9/2/20 17:08","MJ","8A","8A","None","Timothy","Crypsis schoenoides",41605,"Med",9.8,148,"15x15",NA,1,0,0.8,0,0.8,0,1.4,0,0,"",-13290303.18,4288444.246
"279",248,"PIX","9/2/20 17:13","MJ","8A","8A","None","Timothy","Crypsis schoenoides",41605,"Med",3.3,173,"15x15",NA,1.2,0,0.8,0,1.2,0,0.8,0,0,"",-13290303.61,4288463.33
"280",249,"PIX","9/2/20 17:22","MJ","8A","8A","None","Timothy","Crypsis schoenoides",41605,"Med",10.4,67,"15x15",NA,2,0,2,0,1.6,0,1.9,0,0,"",-13290113.53,4288333.754
"281",250,"PIX","9/2/20 17:24","MJ","8A","8A","None","Timothy","Crypsis schoenoides",41605,"High",19.5,22,"5x5",NA,2,0,1.7,0,1.9,0,3.2,0,0,"",-13290118.62,4288322.372
"282",251,"PIX","9/2/20 17:29","MJ","8B","8B","None","Timothy","Crypsis schoenoides",41605,"High",12.2,48,"5x5",NA,1.1,0,1.2,0,1.3,0,1.1,0,0,"",-13290266.87,4288220.769
"283",258,"PIX","9/3/20 16:48","GG","8A","8A","None","Timothy","Crypsis schoenoides",41605,"Low",6.5,16,"15x15",NA,1,0,1.4,0,1.4,0,1.2,0,2.1,"",-13290022.69,4288324.221
"284",259,"PIX","9/3/20 16:59","GG","8B","8B","None","Timothy","Crypsis schoenoides",41605,"High",5.3,56,"5x5",NA,1,0,1,0,0.8,0,1.2,0,1.3,"",-13289842.18,4288056.048
"285",260,"PIX","9/3/20 17:02","GG","8B","8B","None","Timothy","Crypsis schoenoides",41605,"Med",8.5,65,"15x15",NA,1.2,0,1.1,0,1.5,0,0.9,0,1.4,"",-13289841.86,4288063.438
"286",261,"PIX","9/3/20 17:07","GG","8B","8B","None","Timothy","Crypsis schoenoides",41605,"High",5.5,44,"5x5",NA,0.9,0,1.3,0,0.8,0,0.8,0,0.9,"",-13289884.02,4287849.755
"287",262,"PIX","9/3/20 17:09","G)","8B","8B","None","Timothy","Crypsis schoenoides",41605,"High",7.4,52,"5x5",NA,0.7,0,0.7,0,0.8,0,0.7,0,0.9,"",-13289885.74,4287838.224
"288",268,"PIX","9/3/20 18:12","GG","3","3","None","Timothy","Crypsis schoenoides",41605,"Low",2.3,24,"15x15",NA,3.4,0,2.7,0,1.5,0,0.8,0,2.9,"",-13290506.54,4289147.459
"289",270,"PIX","9/3/20 18:26","GG","7A","7A","None","Timothy","Crypsis schoenoides",41605,"Med",7.2,20,"5x5",NA,0.9,0,0.8,0,1.2,0,1.4,0,1.3,"",-13290740.89,4288608.258
"290",271,"PIX","9/3/20 18:29","GG","7A","7A","None","Timothy","Crypsis schoenoides",41605,"High",11.6,15,"5x5",NA,1.3,0,1.5,0,1.3,0,1.4,0,1.2,"",-13290746.59,4288609.151
"291",272,"PIX","9/4/20 15:02","GG","7A","7A","None","Timothy","Crypsis schoenoides",41605,"High",7.4,64,"5x5",NA,1.5,0,1,0,1.1,0,1.4,0,1.3,"",-13290526.69,4288355.539
"292",273,"PIX","9/4/20 15:05","GG","7A","7A","None","Timothy","Crypsis schoenoides",41605,"Low",14.8,7,"15x15",NA,0.5,0,0.3,0,0.5,0,1.6,0,0.7,"",-13290537.46,4288347.947
"293",274,"PIX","9/4/20 15:10","GG","7A","7A","None","Timothy","Crypsis schoenoides",41605,"Low",10,37,"15x15",NA,1.8,0,1,0,0.9,0,1.2,0,1.4,"",-13290786.26,4288461.158
"294",275,"PIX","9/4/20 15:13","GG","7A","7A","None","Timothy","Crypsis schoenoides",41605,"High",8.4,52,"5x5",NA,0.8,0,0.7,0,0.8,0,0.9,0,1.3,"",-13290773.8,4288465.386
"295",276,"PIX","9/4/20 15:20","GG","7B","7B","None","Timothy","Crypsis schoenoides",41605,"High",6.9,46,"5x5",NA,1.6,0,1.4,0,0.9,0,0.7,0,1,"",-13290599.68,4288157.097
"296",277,"PIX","9/4/20 15:23","GG","7B","7B","None","Timothy","Crypsis schoenoides",41605,"Low",16.3,15,"15x15",NA,1.1,0,1.1,0,1.2,0,0.9,0,0.9,"",-13290611.45,4288166.434
"297",278,"PIX","9/4/20 15:34","GG","7B","7B","None","Timothy","Crypsis schoenoides",41605,"High",9.3,63,"5x5",NA,0.9,0,0.7,0,0.9,0,0.8,0,2.3,"",-13290430.98,4287936.085
"298",279,"PIX","9/4/20 15:36","GG","7B","7B","None","Timothy","Crypsis schoenoides",41605,"High",7.8,64,"5x5",NA,1.5,0,1,0,1.3,0,0.9,0,0.7,"",-13290439.59,4287941.407
"299",280,"PIX","9/4/20 15:41","GG","7B","7B","None","Timothy","Crypsis schoenoides",41605,"Med",2.9,94,"15x15",NA,1.3,0,1.1,0,1.2,0,1.2,0,1,"",-13290280.16,4287968.122
"300",281,"PIX","9/4/20 15:44","GG","7B","7B","None","Timothy","Crypsis schoenoides",41605,"High",5.5,104,"5x5",NA,0.9,0,0.8,0,0.7,0,0.9,0,0.7,"",-13290291.31,4287965.588
"301",284,"PIX","9/4/20 16:34","GG","6","6","None","Timothy","Crypsis schoenoides",41605,"Low",3.4,54,"15x15",NA,1.5,0,0.7,0,0.9,0,1.4,0,1.3,"",-13291413.05,4288237.012
"302",285,"PIX","9/4/20 16:37","GG","6","6","None","Timothy","Crypsis schoenoides",41605,"High",19.9,17,"5x5",NA,2.2,0,4.3,0,2,0,1.3,0,1.4,"",-13291424.39,4288225.446
"303",286,"PIX","9/4/20 16:50","GG","6","6","None","Timothy","Crypsis schoenoides",41605,"High",6.8,33,"5x5",NA,0.9,0,1,0,1,0,0.9,0,1,"",-13291739.47,4288532.441
"304",287,"PIX","9/4/20 16:52","GG","6","6","None","Timothy","Crypsis schoenoides",41605,"Med",4.8,17,"5x5",NA,0.9,0,0.9,0,1.2,0,1,0,1,"",-13291747.82,4288539.077
"305",290,"PIX","9/4/20 17:22","GG","2","2","None","Timothy","Crypsis schoenoides",41605,"High",4.9,51,"5x5",NA,0.8,0,1,0,0.9,0,0.9,0,0.7,"",-13291415.38,4289335.481
"306",291,"PIX","9/4/20 17:25","GG","2","2","None","Timothy","Crypsis schoenoides",41605,"Low",2.8,46,"15x15",NA,1.2,0,1.4,0,0.7,0,1.4,0,1.1,"",-13291414.32,4289352.181
"307",292,"PIX","9/4/20 17:32","GG","2","2","None","Timothy","Crypsis schoenoides",41605,"High",5.2,52,"5x5",NA,0.6,0,0.7,0,0.7,0,1.5,0,0.9,"",-13291438.19,4289628.002
"308",293,"PIX","9/4/20 17:35","GG","2","2","None","Timothy","Crypsis schoenoides",41605,"Low",1.8,56,"15x15",NA,2.2,0,2.3,0,1.4,0,1.5,0,1.2,"",-13291447.42,4289642.917
"309",295,"PIX","9/4/20 17:52","GG","2A","2A","None","Timothy","Crypsis schoenoides",41605,"High",6.7,64,"5x5",NA,1.1,0,1.4,0,0.9,0,0.9,0,1.4,"",-13291685.67,4289346.265
"310",296,"PIX","9/4/20 17:55","GG","2A","2A","None","Timothy","Crypsis schoenoides",41605,"Med",5,30,"5x5",NA,1.1,0,0.8,0,1.1,0,1.3,0,0.9,"",-13291675.7,4289343.978
"311",297,"PIX","9/4/20 18:04","GG","2A","2A","None","Timothy","Crypsis schoenoides",41605,"High",8.3,73,"5x5",NA,0.9,0,1.7,0,0.9,0,0.9,0,1.5,"",-13291426.61,4288957.742
"312",298,"PIX","9/4/20 18:06","GG","2A","2A","None","Timothy","Crypsis schoenoides",41605,"Low",12.9,41,"15x15",NA,1,0,0.8,0,1.3,0,1.5,0,1.3,"",-13291427.32,4288964.418
"313",300,"PIX","9/4/20 18:17","GG","2A","2A","None","Timothy","Crypsis schoenoides",41605,"Low",27.6,17,"15x15",NA,2.3,0,1,0,2,0,2.5,0,1.7,"",-13291095.87,4288778.01
"314",302,"PIX","9/4/20 18:31","GG","1","1","None","Timothy","Crypsis schoenoides",41605,"Low",3,23,"15x15",NA,0.3,0,0.4,0,0.6,0,0.5,0,0.4,"",-13291368.75,4288766.455
"315",303,"PIX","9/4/20 18:32","GG","1","1","None","Timothy","Crypsis schoenoides",41605,"Low",1,11,"15x15",NA,0.4,0,0.4,0,0.6,0,0.5,0,0.6,"",-13291363.26,4288769.22
"316",304,"PIX","9/4/20 18:40","GG","1","1","None","Timothy","Crypsis schoenoides",41605,"High",7.3,26,"5x5",NA,2.4,0,1.8,0,1.8,0,1.1,0,1.6,"",-13292328.45,4289035.486
"317",305,"PIX","9/4/20 18:42","GG","1","1","None","Timothy","Crypsis schoenoides",41605,"Med",4.9,61,"15x15",NA,1.8,0,2.1,0,1.4,0,1.5,0,1.4,"",-13292316.4,4289029.719
"318",306,"PIX","9/4/20 18:56","GG","1","1","None","Timothy","Crypsis schoenoides",41605,"High",4.8,45,"5x5",NA,0.9,0,0.7,0,1.1,0,1,0,1.4,"",-13292629.16,4289590.758
"319",307,"PIX","9/4/20 18:58","GG","1","1","None","Timothy","Crypsis schoenoides",41605,"Low",2.5,65,"15x15",NA,1.9,0,1.1,0,1,0,0.8,0,0.7,"",-13292635.05,4289584.34
"320",3,"SLW","8/7/20 17:02","M. Kolwyck","LIC","57","Mowed","Timothy","Crypsis schoenoides",41605,"High",20,146,"5x5",0,1.8,0,1.3,0,0.9,0,1.2,0,1.2,"",-13525768.34,4628811.516
"321",4,"SLW","8/7/20 17:12","BT MK","LIC","57","Mowed","Timothy","Crypsis schoenoides",41605,"High",9,79,"5x5",0,0.7,0,0.6,0,1.3,0,1.2,0,1.1,"",-13525769.85,4628807.102
"322",5,"SLW","8/7/20 17:28","M. Kolwyck","LIC","57","Mowed","Timothy","Crypsis schoenoides",41605,"Low",7,18,"15x15",0,1.4,0,1.9,0,1.1,0,1.1,0,1.2,"",-13525929,4628630.977
"323",6,"SLW","8/7/20 17:31","BT MK","LIC","57","Mowed","Timothy","Crypsis schoenoides",41605,"Low",2,38,"15x15",0,0.6,0,0.7,0,1,0,0.9,0,0.8,"",-13525914.89,4628631.292
"324",7,"SLW","8/7/20 17:54","BT MK","LIC","57","Mowed","Timothy","Crypsis schoenoides",41605,"High",2.5,80,"5x5",0,0.8,0,0.6,0,0.6,0,0.5,0,0.7,"",-13525392.15,4628914.467
"325",8,"SLW","8/7/20 18:00","MK","LIC","57","Mowed","Timothy","Crypsis schoenoides",41605,"High",3,64,"5x5",0,0.6,0,0.5,0,0.6,0,0.7,0,0.6,"",-13525388.25,4628908.476
"326",9,"SLW","8/7/20 18:15","MK","LIC","57","Mowed","Timothy","Crypsis schoenoides",41605,"High",3,78,"5x5",0,0.7,0,0.7,0,0.8,0,0.6,0,1.1,"",-13525421.34,4628736.032
"327",10,"SLW","8/7/20 18:17","MK BT","LIC","57","Mowed","Timothy","Crypsis schoenoides",41605,"High",9.5,83,"5x5",0,2.2,0,1.4,0,0.4,0,2,0,0.5,"",-13525430.62,4628727.257
"328",11,"SLW","8/7/20 18:29","M. Kolwyck","LIC","57","Mowed","Timothy","Crypsis schoenoides",41605,"Med",2.5,250,"15x15",0,0.6,0,0.7,0,0.6,0,0.7,0,0.7,"",-13525395.96,4628608.051
"329",12,"SLW","8/7/20 18:35","M. Kolwyck","LIC","57","Mowed","Timothy","Crypsis schoenoides",41605,"Med",3,790,"30x30",0,0.7,0,0.9,0,0.8,0,0.8,0,0.8,"",-13525400.09,4628604.392
"330",14,"SLW","8/11/20 14:55","BT","Lewis 6","22","Mowed","Timothy","Crypsis schoenoides",41605,"Med",5,134,"30x30",0,1.4,0,1.6,0,1.6,0,1.9,0,3,"",-13524494.18,4638464.161
"331",15,"SLW","8/11/20 15:18","M. Kolwyck","Lewis 6","22","Mowed","Timothy","Crypsis schoenoides",41605,"Low",2,61,"15x15",0,0.9,0,0.6,0,0.7,0,0.5,0,0.6,"",-13524080.39,4638470.949
"332",16,"SLW","8/11/20 15:22","M. Kolwyck","Lewis 6","22","Mowed","Timothy","Crypsis schoenoides",41605,"Med",1.5,42,"15x15",0,0.4,0,0.7,0,0.9,0,0.8,0,0.6,"",-13524081.28,4638476.006
"333",17,"SLW","8/11/20 15:51","BT MK","Lewis 1","22","Mowed","Timothy","Crypsis schoenoides",41605,"High",5,35,"5x5",0,0.7,0,0.5,0,1.8,0,0.7,0,1.1,"",-13524837.05,4638405.808
"334",18,"SLW","8/11/20 16:01","BT MK","Lewis 1","22","Mowed","Timothy","Crypsis schoenoides",41605,"High",3.5,23,"5x5",0,1.4,0,0.9,0,0.9,0,1,0,1,"",-13524834.31,4638406.785
"335",19,"SLW","8/11/20 16:07","BT MK","Lewis 1","22","Mowed","Timothy","Crypsis schoenoides",41605,"High",5,31,"5x5",0,1.4,0,1.1,0,0.9,0,1,0,1,"",-13524848.6,4638516.495
"336",20,"SLW","8/11/20 16:27","BT MK","Lewis 1","22","Mowed","Timothy","Crypsis schoenoides",41605,"Med",3.5,31,"5x5",0,0.6,0,0.7,0,0.8,0,0.7,0,0.7,"",-13524840.5,4638508.367
"337",21,"SLW","8/11/20 17:44","BT MK","Lewis 1","22","None","Timothy","Crypsis schoenoides",41605,"Low",1.5,105,"15x15",0,0.7,0,0.8,0,0.8,0,0.9,0,0.7,"",-13524617.92,4638659.11
"338",22,"SLW","8/11/20 17:49","BT MK","Lewis 1","22","None","Timothy","Crypsis schoenoides",41605,"Low",1.5,83,"15x15",0,0.9,0,0.9,0,0.8,0,1,0,0.9,"",-13524624.32,4638659.509
"339",23,"SLW","8/11/20 17:56","BT MK ","Lewis 1","22","Mowed","Timothy","Crypsis schoenoides",41605,"High",10,41,"5x5",0,1.4,0,0.8,0,1.1,0,1.1,0,1.3,"",-13524446.48,4639079.549
"340",24,"SLW","8/11/20 18:00","BT MK ","Lewis 1","22","Mowed","Timothy","Crypsis schoenoides",41605,"Med",0,117,"15x15",0,0.9,0,1.3,0,1,0,1.2,0,1,"",-13524443.07,4639074.851
"341",25,"SLW","8/12/20 18:50","MK","Beach Lake 3","Beach Lake 3","Mowed","Timothy","Crypsis schoenoides",41605,"Med",6.5,60,"15x15",0,1,0,1,0,0.9,0,1,0,0.9,"",-13525007.04,4640550.331
"342",26,"SLW","8/12/20 18:58","MK","Beach Lake 3","Beach Lake 3","Mowed","Timothy","Crypsis schoenoides",41605,"Low",2.7,66,"15x15",0,1.1,0,1.1,0,0.9,0,0.8,0,1,"",-13524886.87,4640581.003
"343",27,"SLW","8/12/20 19:02","MK","Beach Lake 3","Beach Lake 3","Mowed","Timothy","Crypsis schoenoides",41605,"High",3,20,"5x5",0,0.9,0,0.6,0,0.7,0,0.9,0,0.7,"",-13524890.07,4640584.695
"344",28,"SLW","8/12/20 19:14","Mk","Beach Lake 3","Beach Lake 3","Mowed","Timothy","Crypsis schoenoides",41605,"High",4.5,70,"5x5",0,0.8,0,0.8,0,0.6,0,0.9,0,1,"",-13524777.46,4640555.149
"345",29,"SLW","8/12/20 19:18","Mk","Beach Lake 3","Beach Lake 3","Mowed","Timothy","Crypsis schoenoides",41605,"Med",6,40,"15x15",0,1.4,0,1.3,0,1.3,0,1.3,0,1.2,"",-13524773.11,4640533.257
"346",30,"SLW","8/12/20 19:28","Mk","Beach Lake 3","Beach Lake 3","Mowed","Timothy","Crypsis schoenoides",41605,"High",4,63,"5x5",0,1,0,0.9,0,0.9,0,0.9,0,0.2,"",-13524659.33,4640590.252
"347",36,"SLW","44055.84931","Mk","Beach Lake 1","Beach Lake 1","Mowed","Timothy","Crypsis schoenoides",41605,"Med",7.5,33,"15x15",0,0.9,0,1,0,0.9,0,1,0,1,"",-13524684.49,4641080.216
"348",37,"SLW","44055.85347","Mk","Beach Lake 1","Beach Lake 1","Mowed","Timothy","Crypsis schoenoides",41605,"Low",4.8,30,"30x30",0,1.1,0,1.5,0,1,0,1.2,0,1,"",-13524689.32,4641084.278
"349",40,"SLW","44055.85972","Mk","Beach Lake 1","Beach Lake 1","Mowed","Timothy","Crypsis schoenoides",41605,"Low",4.5,66,"15x15",0,1.2,0,1.4,0,0.9,0,1.4,0,1.3,"",-13524560.89,4641197.59
"350",41,"SLW","44055.86458","Mk","Beach Lake 1","Beach Lake 1","Mowed","Timothy","Crypsis schoenoides",41605,"High",4.4,294,"30x30",0,1.1,0,0.9,0,1.1,0,1.1,0,1.2,"",-13524568.44,4641190.181
"351",42,"SLW","44055.86806","Mk","Beach Lake 1","Beach Lake 1","Mowed","Timothy","Crypsis schoenoides",41605,"High",6.5,12,"5x5",0,1.1,0,1.1,0,1.4,0,1.1,0,1,"",-13524601.22,4641267.162
"352",43,"SLW","44055.87083","Mk","Beach Lake 1","Beach Lake 1","Mowed","Timothy","Crypsis schoenoides",41605,"Low",3,68,"30x30",0,0.9,0,0.9,0,0.7,0,0.6,0,0.7,"",-13524617.88,4641270.521
"353",46,"SLW","44055.88889","Mk","Beach Lake 1","Beach Lake 1","Mowed","Timothy","Crypsis schoenoides",41605,"Low",5.3,36,"30x30",0,0.9,0,1.1,0,1.4,0,0.9,0,0.8,"",-13524474.97,4641315.221
"354",2,"SLW","44415.69861","BT MK","LIC","57","Mowed","Timothy","Crypsis schoenoides",41605,"Med",4,263,"15x15",0,1.1,0,0.7,0,0.8,0,0.9,0,0.8,"",-13525945,4628881.558
"355",1,"SLW","8/7/20 16:10","M. Kolwyck","LIC","57","Mowed","Timothy","Crypsis schoenoides",41605,"High",5,60,"5x5",NA,0.8,NA,1,NA,1.1,NA,0.8,NA,0.8,"Swamp Timothy",-13525952.49,4628880.07
"356",34,"SLW","44055.82569","Mk","Beach Lake 3","Beach Lake 3","Mowed","Timothy","Crypsis schoenoides",41605,"Med",3,340,"30x30",NA,0.8,0,0.4,0,0.2,0,0.2,0,0.2,"",-13524691.16,4640641.411
"357",35,"SLW","44055.83264","Mk","Beach Lake 3","Beach Lake 3","Mowed","Timothy","Crypsis schoenoides",41605,"High",6,18,"5x5",NA,0.2,0,0.2,0,0.1,0,0.1,0,0.1,"",-13525003.63,4640556.055
"358",44,"SLW","44055.87431","Mk","Beach Lake 1","Beach Lake 1","Mowed","Timothy","Crypsis schoenoides",41605,"Low",3,68,"30x30",NA,0.8,0,0.4,0,0.2,0,0.2,0,0.2,"",-13524749.1,4641223.54
"359",45,"SLW","44055.87917","Mk","Beach Lake 1","Beach Lake 1","Mowed","Timothy","Crypsis schoenoides",41605,"Med",4,20,"15x15",NA,0.2,0,0.2,0,0.1,0,0.1,0,0.1,"",-13524776.41,4641233.296
"360",47,"SLW","44055.89236","Mk","Beach Lake 1","Beach Lake 1","Mowed","Timothy","Crypsis schoenoides",41605,"Low",5.3,36,"30x30",NA,0.2,0,0.2,0,0.1,0,0.1,0,0.1,"",-13524489.31,4641309.099
"361",375,"MDC","8/25/20 16:38","JS ","Grandma Tract 4","Grandma Tract 4","None","Watergrass","Echinochloa crus-galli",502210,"Low",20.4,0,"30x30",0,0,0,0,0,0,0,0,0,0,"100% of plot planted in water grass ",-13415710.79,5084301.78
"362",325,"MDC","8/20/20 19:31","JS","Gadwall","Gadwall","None","Watergrass","Echinochloa crus-galli",502210,"Low",0,0,"30x30",0,0,0,0,0,0,0,0,0,0,"",-13417866.58,5079993.668
"363",387,"MDC","8/25/20 18:45","JS ","Grandma Tract 2","Grandma Tract 2","None","Watergrass","Echinochloa crus-galli",502210,"High",49,20,"30x30",2,1,6,2.2,4,1.2,6,2.4,12,4,"Planted in water grass ",-13416341.07,5084053.997
"364",323,"MDC","8/20/20 19:07","JS","Gadwall","Gadwall","None","Watergrass","Echinochloa crus-galli",502210,"Low",26,4,"30x30",2,2.4,3,5,16.4,6,2.6,5.8,0,0,"",-13417815.02,5080116.735
"365",396,"MDC","8/26/20 21:27","JS ","J Pond","J Pond","None","Watergrass","Echinochloa crus-galli",502210,"Med",7,55,"30x30",2.6,1.2,4.2,1.2,10.2,2,0.4,1.4,2.8,1.4,"Smartweed and bidens present ",-13418136.53,5079278.949
"366",404,"MDC","8/27/20 15:18","JS ","Matney 4 North","Matney 4 North","None","Watergrass","Echinochloa crus-galli",502210,"Low",33,5,"30x30",2.8,1.6,5,2.4,2.2,1,2.6,1,11.8,3.4,"",-13417060.61,5078588.917
"367",326,"MDC","44063.84653","JS","Gadwall","Gadwall","None","Timothy","Crypsis schoenoides",41605,"High",11,50,"5x5",3,0,2.6,0,1.2,0,2.8,0,1.4,0,"",-13418067.58,5080244.017
"368",384,"MDC","8/25/20 18:19","JS ","Grandma Tract 2","Grandma Tract 2","None","Watergrass","Echinochloa crus-galli",502210,"Low",32,3,"30x30",3.4,1.2,7.8,3,3.4,1,0,0,0,0,"Smartweed ",-13416491.86,5084163.783
"369",433,"MDC","9/1/20 16:26","JS ","Grandma Tract 3","Grandma Tract 3","None","Watergrass","Echinochloa crus-galli",502210,"High",59,23,"30x30",3.6,1,3.4,1.4,7.6,2.6,7.2,3.4,14.8,4,"Planted ",-13416098.01,5083943.317
"370",426,"MDC","9/1/20 15:07","JS ","Grandma Tract 9","Grandma Tract 9","None","Watergrass","Echinochloa crus-galli",502210,"Med",37,17,"30x30",3.6,1.6,3.2,1,15,2,8.4,2.8,2.2,1,"Smartweed present ",-13415914.86,5083813.815
"371",448,"MDC","9/1/20 18:59","JS ","Matney 6","Matney 6","None","Watergrass","Echinochloa crus-galli",502210,"Low",5,6,"30x30",3.6,1.4,2.6,1.4,5.2,1,10.6,4.8,3.4,1,"Smartweed present ",-13417335.38,5078064.804
"372",463,"MDC","9/2/20 16:51","JS ","Matney 4 South","Matney 4 South","None","Watergrass","Echinochloa crus-galli",502210,"Med",25,30,"30x30",3.6,2.6,5.2,2.4,4.8,1.2,3.4,2.4,8,3.4,"",-13417085.61,5078003.992
"373",456,"MDC","9/2/20 15:52","JS ","Matney 4 South","Matney 4 South","None","Watergrass","Echinochloa crus-galli",502210,"Low",16,6,"30x30",3.8,1.8,7.4,4.8,8,5,1.6,0,2,0,"",-13417118.35,5078232.906
"374",348,"MDC","8/24/20 23:12","JS ","Grandma Tract 8","Grandma Tract 8","None","Watergrass","Echinochloa crus-galli",502210,"Low",21,4,"30x30",4,0,4.6,0,2,0,8,3.2,0,0,"",-13416097.36,5083660.131
"375",360,"MDC","8/25/20 0:47","JS ","Grandma Tract 8","Grandma Tract 8","None","Watergrass","Echinochloa crus-galli",502210,"Low",14,1,"30x30",4,1.2,0,0,0,0,0,0,0,0,"",-13416141.88,5083837.451
"376",390,"MDC","8/26/20 20:02","JS ","J Pond","J Pond","None","Watergrass","Echinochloa crus-galli",502210,"Med",7,17,"30x30",4,2.2,4,2,5,2.2,1.4,0.4,0,0,"",-13418065.68,5079871.205
"377",464,"MDC","9/2/20 16:58","JS ","Matney 4 South","Matney 4 South","None","Watergrass","Echinochloa crus-galli",502210,"Low",15,3,"30x30",4,2,8.6,2.8,5.8,2.8,0,0,0,0,"",-13417123.12,5078016.444
"378",473,"MDC","9/3/20 15:40","JS ","Matney 8","Matney 8","None","Watergrass","Echinochloa crus-galli",502210,"Low",68,9,"30x30",4,1,6.2,3,7,4,10,5,22,7,"",-13417268.91,5077562.923
"379",385,"MDC","8/25/20 18:24","JS ","Grandma Tract 2","Grandma Tract 2","None","Watergrass","Echinochloa crus-galli",502210,"Low",14,1,"30x30",4.6,1.2,0,0,0,0,0,0,0,0,"",-13416484.67,5084174.109
"380",466,"MDC","9/2/20 17:12","JS ","Matney 4 South","Matney 4 South","None","Watergrass","Echinochloa crus-galli",502210,"High",47,22,"30x30",4.6,2,13.6,2,13.6,4.6,12.4,3.2,13,5,"",-13417195.07,5078015.748
"381",359,"MDC","8/25/20 0:41","JS ","Grandma Tract 8","Grandma Tract 8","None","Watergrass","Echinochloa crus-galli",502210,"Low",12,6,"30x30",5,2.4,4.2,2.4,5,2,2.2,1,1.4,0.8,"",-13416214.88,5083788.707
"382",430,"MDC","9/1/20 15:42","JS ","Grandma Tract 9","Grandma Tract 9","None","Watergrass","Echinochloa crus-galli",502210,"Low",30,6,"30x30",5,2.6,4.4,1.6,4.4,1,2.8,1.2,6.2,1.4,"",-13415916.07,5083565.897
"383",357,"MDC","8/25/20 0:26","JS ","Grandma Tract 8","Grandma Tract 8","None","Watergrass","Echinochloa crus-galli",502210,"Low",15,6,"30x30",5.4,2.2,6,1.8,2,1,2,1,0.8,0,"",-13416352.49,5083852.922
"384",368,"MDC","8/25/20 15:57","JS ","Grandma Tract 4","Grandma Tract 4","None","Watergrass","Echinochloa crus-galli",502210,"Low",30,2,"30x30",5.6,2.4,2.6,1.8,0,0,0,0,0,0,"",-13415874.83,5084303.432
"385",436,"MDC","9/1/20 16:48","JS ","Grandma Tract 3","Grandma Tract 3","None","Watergrass","Echinochloa crus-galli",502210,"High",85,15,"30x30",6,1.6,9.6,4.8,19.6,4.2,7,4,19,3.6,"Planted ",-13416227.09,5084001.606
"386",324,"MDC","8/20/20 19:24","JS","Gadwall","Gadwall","None","Watergrass","Echinochloa crus-galli",502210,"Med",80,5,"30x30",6,6,8.8,8.8,4,4,16,8,0,0,"",-13417872.83,5080000.397
"387",349,"MDC","8/24/20 23:17","JS ","Grandma Tract 8","Grandma Tract 8","None","Watergrass","Echinochloa crus-galli",502210,"Low",20,6,"30x30",6,2.8,6,2.8,4.6,1.8,8,3,7.8,3,"",-13416084.47,5083666.275
"388",386,"MDC","8/25/20 18:34","JS ","Grandma Tract 2","Grandma Tract 2","None","Watergrass","Echinochloa crus-galli",502210,"Low",56,10,"30x30",6.2,2,14.4,6.8,5,2.4,6,2,12,3.8,"",-13416362.19,5084225.145
"389",352,"MDC","8/24/20 23:52","JS ","Grandma Tract 8","Grandma Tract 8","None","Watergrass","Echinochloa crus-galli",502210,"Med",30,18,"30x30",6.8,1.8,7.6,1.6,6.2,1.6,7,1.8,3,1,"",-13416267.88,5083586.972
"390",427,"MDC","9/1/20 15:20","JS ","Grandma Tract 9","Grandma Tract 9","None","Watergrass","Echinochloa crus-galli",502210,"Low",18,2,"30x30",6.8,1.8,7.6,2,0,0,0,0,0,0,"",-13415840.34,5083720.622
"391",443,"MDC","9/1/20 18:21","JS ","Matney 6","Matney 6","None","Watergrass","Echinochloa crus-galli",502210,"Low",41,2,"30x30",7,3.4,19,4.4,0,0,0,0,0,0,"Smartweed ",-13417500.44,5078260.578
"392",381,"MDC","8/25/20 17:45","JS ","Grandma Tract 2","Grandma Tract 2","None","Watergrass","Echinochloa crus-galli",502210,"High",64,35,"30x30",7,2.2,10.6,2.4,10.6,2.4,19.8,4,6.2,1.4,"",-13416508.23,5083953.238
"393",412,"MDC","8/27/20 16:41","JS ","House Field","House Field","None","Watergrass","Echinochloa crus-galli",502210,"Low",14,2,"30x30",7,3,5,4,0,0,0,0,0,0,"",-13417592.49,5079084.017
"394",374,"MDC","8/25/20 16:35","JS ","Grandma Tract 4","Grandma Tract 4","None","Watergrass","Echinochloa crus-galli",502210,"Low",24,2,"30x30",7.4,1.8,5.6,2.6,0,0,0,0,0,0,"100% of plot planted in water grass ",-13415698.94,5084305.369
"395",460,"MDC","9/2/20 16:25","JS ","Matney 4 South","Matney 4 South","None","Watergrass","Echinochloa crus-galli",502210,"Low",15,3,"30x30",7.4,2.8,5,2.2,10,6.8,0,0,0,0,"",-13417024.77,5078193.764
"396",372,"MDC","8/25/20 16:25","JS ","Grandma Tract 4","Grandma Tract 4","None","Watergrass","Echinochloa crus-galli",502210,"Low",49,1,"30x30",7.8,1.8,0,0,0,0,0,0,0,0,"",-13415707.21,5084401.562
"397",425,"MDC","9/1/20 15:00","JS ","Grandma Tract 9","Grandma Tract 9","None","Watergrass","Echinochloa crus-galli",502210,"Med",50,12,"30x30",8,2.8,11,2.6,3.8,1.6,4,1.2,21,3,"",-13415938.3,5083815.479
"398",476,"MDC","9/3/20 16:12","JS ","Matney 8","Matney 8","None","Watergrass","Echinochloa crus-galli",502210,"Med",40,17,"30x30",8,2,14,2.8,10.2,2,9,3,13.8,3.8,"",-13417140.48,5077479.698
"399",346,"MDC","8/24/20 19:34","JS ","Grandma Tract 10","Grandma Tract 10","None","Watergrass","Echinochloa crus-galli",502210,"Med",51,22,"30x30",8.2,1,14.4,2.8,10.2,2,10.8,2.2,20.2,2.2,"",-13415539.23,5083576.442
"400",411,"MDC","8/27/20 16:35","JS ","House Field","House Field","None","Watergrass","Echinochloa crus-galli",502210,"Low",14,7,"30x30",8.4,4.4,10,5,11,4.4,6.2,3,20,4,"Sagittaria present",-13417602.35,5079100.052
"401",455,"MDC","9/2/20 15:46","JS ","Matney 4 South","Matney 4 South","None","Watergrass","Echinochloa crus-galli",502210,"Med",36,9,"30x30",8.4,4,5.8,2,5,1,9.2,4.2,8.8,2.8,"",-13417110.78,5078245.041
"402",378,"MDC","8/25/20 16:59","JS ","Grandma Tract 4","Grandma Tract 4","None","Watergrass","Echinochloa crus-galli",502210,"High",27,7,"30x30",8.6,2.4,6,2,5.6,1.8,9.8,2.6,0,0,"Planted in water grass ",-13415758.67,5084104.426
"403",431,"MDC","9/1/20 15:50","JS ","Grandma Tract 9","Grandma Tract 9","None","Watergrass","Echinochloa crus-galli",502210,"Low",77,5,"30x30",8.6,2.8,3,0.8,1.6,1,7.2,2.6,18,8,"",-13415817.32,5083519.894
"404",478,"MDC","9/3/20 16:38","JS ","Matney 8","Matney 8","None","Watergrass","Echinochloa crus-galli",502210,"High",70,36,"30x30",8.6,2.2,22.4,5.2,17,5,22,3.2,19,4.2,"",-13417273.85,5077421.637
"405",380,"MDC","8/25/20 17:37","JS ","Grandma Tract 2","Grandma Tract 2","None","Watergrass","Echinochloa crus-galli",502210,"High",67,61,"30x30",8.9,1.8,12,2.8,9,2,15.6,3.6,10.6,2.4,"",-13416495.4,5083942.715
"406",438,"MDC","9/1/20 17:00","JS ","Grandma Tract 3","Grandma Tract 3","None","Watergrass","Echinochloa crus-galli",502210,"High",68,10,"30x30",9,3.4,13.6,4.8,24,6.2,13,4,3.2,2,"Planted ",-13416234.96,5084120.53
"407",391,"MDC","8/26/20 20:21","JS ","J Pond","J Pond","None","Watergrass","Echinochloa crus-galli",502210,"Med",56,7,"30x30",9,3.6,7,3,11.4,4,3,1,13.6,4.8,"Smartweed and sagittaria present",-13418236.12,5079736.769
"408",408,"MDC","8/27/20 15:46","JS ","Matney 4 North","Matney 4 North","None","Watergrass","Echinochloa crus-galli",502210,"High",21,42,"30x30",9,3.4,4.4,2.2,3.4,1.8,6.6,4.4,2,0.4,"Smartweed present ",-13417062.53,5078446.504
"409",351,"MDC","8/24/20 23:42","JS ","Grandma Tract 8","Grandma Tract 8","None","Watergrass","Echinochloa crus-galli",502210,"Low",15,3,"30x30",9,2.6,2.4,1.2,0,0,0,0,1.4,0,"",-13416088.94,5083543.888
"410",353,"MDC","8/24/20 23:56","JS ","Grandma Tract 8","Grandma Tract 8","None","Watergrass","Echinochloa crus-galli",502210,"Low",19,2,"30x30",9,2.4,6.4,1.8,0,0,0,0,0,0,"",-13416267.1,5083600.712
"411",361,"MDC","8/25/20 0:50","JS ","Grandma Tract 8","Grandma Tract 8","None","Watergrass","Echinochloa crus-galli",502210,"Low",26,6,"30x30",9,2,6,2.2,5,2,0,0,0,0,"",-13416146.64,5083842.26
"412",371,"MDC","8/25/20 16:16","JS ","Grandma Tract 4","Grandma Tract 4","None","Watergrass","Echinochloa crus-galli",502210,"Low",40,1,"30x30",9,3,0,0,0,0,0,0,0,0,"",-13415853.43,5084420.702
"413",428,"MDC","9/1/20 15:24","JS ","Grandma Tract 9","Grandma Tract 9","None","Watergrass","Echinochloa crus-galli",502210,"Low",15.4,3,"30x30",9,2.6,12.6,2,4.2,1.4,0,0,0,0,"",-13415832.7,5083725.484
"414",477,"MDC","9/3/20 16:29","JS ","Matney 8","Matney 8","None","Watergrass","Echinochloa crus-galli",502210,"High",81,54,"30x30",9,3,14.6,3.4,18,3,15,2.4,32,7,"",-13417270.43,5077418.303
"415",445,"MDC","9/1/20 18:37","JS ","Matney 6","Matney 6","None","Watergrass","Echinochloa crus-galli",502210,"Med",45,12,"30x30",9.2,1.8,12,1.8,12.6,1.8,8.8,1,12.6,1,"",-13417416.85,5078124.154
"416",453,"MDC","9/1/20 19:43","JS ","Matney 6","Matney 6","None","Watergrass","Echinochloa crus-galli",502210,"Med",54,25,"30x30",9.4,2,5,1.6,15,3,6.4,2,23.2,3.6,"Smartweed present ",-13417418.71,5078313.58
"417",400,"MDC","8/27/20 14:55","JS ","Matney 4 North","Matney 4 North","None","Watergrass","Echinochloa crus-galli",502210,"Low",35,11,"30x30",10,3.4,6,1.4,6.2,2.6,6.4,2.4,2.4,1,"",-13417111.05,5078743.564
"418",379,"MDC","8/25/20 17:04","JS ","Grandma Tract 4","Grandma Tract 4","None","Watergrass","Echinochloa crus-galli",502210,"High",40,9,"30x30",10.2,2.2,11,4,5,2.8,4,1.2,7,3,"Planted in water grass ",-13415744.69,5084128.87
"419",363,"MDC","8/25/20 15:11","JS ","Grandma Tract 4","Grandma Tract 4","None","Watergrass","Echinochloa crus-galli",502210,"Low",78,4,"30x30",10.4,2.8,5.2,1.4,7.4,2.2,4,1,0,0,"Lots of smartweed ",-13415743.67,5083986.841
"420",364,"MDC","8/25/20 15:29","JS ","Grandma Tract 4","Grandma Tract 4","None","Watergrass","Echinochloa crus-galli",502210,"Low",31,1,"30x30",11,4.6,0,0,0,0,0,0,0,0,"Some smartweed ",-13415926.75,5083982.39
"421",450,"MDC","9/1/20 19:16","JS ","Matney 6","Matney 6","None","Watergrass","Echinochloa crus-galli",502210,"Med",49,16,"30x30",11.2,4,9,3.4,8.8,4.2,12.6,2.6,8,3,"",-13417290.31,5078186.789
"422",434,"MDC","9/1/20 16:34","JS ","Grandma Tract 3","Grandma Tract 3","None","Watergrass","Echinochloa crus-galli",502210,"High",69,27,"30x30",11.4,2.4,11.4,2,7.4,2.2,18.4,4.6,12.6,4,"Planted ",-13416094.29,5083940.32
"423",462,"MDC","9/2/20 16:38","JS ","Matney 4 South","Matney 4 South","None","Watergrass","Echinochloa crus-galli",502210,"Med",27,27,"30x30",11.4,4.4,14.4,3.6,5.6,2,6.8,2,7,1.8,"",-13417051.72,5078079.35
"424",468,"MDC","9/2/20 18:03","JS ","Matney 8","Matney 8","None","Watergrass","Echinochloa crus-galli",502210,"High",64,20,"30x30",11.4,5.6,7,3.4,5.6,3.8,15,7.1,4.8,1.2,"",-13417107.06,5077818.829
"425",432,"MDC","9/1/20 15:56","JS ","Grandma Tract 9","Grandma Tract 9","None","Watergrass","Echinochloa crus-galli",502210,"Low",10,2,"30x30",11.6,3.8,11.6,2.6,0,0,0,0,0,0,"",-13415825.36,5083520.808
"426",437,"MDC","9/1/20 16:56","JS ","Grandma Tract 3","Grandma Tract 3","None","Watergrass","Echinochloa crus-galli",502210,"High",74,14,"30x30",11.8,4,21.2,8,7.6,6.4,8.8,2,16,5.8,"Planted ",-13416221.04,5084124.588
"427",369,"MDC","8/25/20 16:01","JS ","Grandma Tract 4","Grandma Tract 4","None","Watergrass","Echinochloa crus-galli",502210,"Low",40,4,"30x30",12,3,1.4,0.6,8.8,1.6,0,0,0,0,"Some smartweed ",-13415871.73,5084315.633
"428",440,"MDC","9/1/20 17:20","JS ","Grandma Tract 3","Grandma Tract 3","None","Watergrass","Echinochloa crus-galli",502210,"High",85,38,"30x30",12.4,4.6,17.4,4.6,8.6,2.4,13.6,3,27,5.2,"Planted ",-13416141.02,5084235.007
"429",442,"MDC","9/1/20 17:32","JS ","Grandma Tract 3","Grandma Tract 3","None","Watergrass","Echinochloa crus-galli",502210,"High",77,17,"30x30",13,5,8,2.2,25,4.2,16.8,3.8,5,1.6,"Planted ",-13416113.44,5084044.627
"430",435,"MDC","9/1/20 16:44","JS ","Grandma Tract 3","Grandma Tract 3","None","Watergrass","Echinochloa crus-galli",502210,"High",73,19,"30x30",13.2,4.8,17,8,10,2.6,4.8,2.4,10,3,"Planted ",-13416231.38,5083993.089
"431",354,"MDC","8/25/20 0:06","JS ","Grandma Tract 8","Grandma Tract 8","None","Watergrass","Echinochloa crus-galli",502210,"Low",15,1,"30x30",13.4,4.8,0,0,0,0,0,0,0,0,"",-13416275.38,5083673.377
"432",383,"MDC","8/25/20 18:00","JS ","Grandma Tract 2","Grandma Tract 2","None","Watergrass","Echinochloa crus-galli",502210,"Med",52,6,"30x30",14,6,7,4.6,9,6.2,3,3,2.8,1.8,"Planted in water grass ",-13416458.45,5084040.568
"433",362,"MDC","8/25/20 15:05","JS ","Grandma Tract 4","Grandma Tract 4","None","Watergrass","Echinochloa crus-galli",502210,"Low",60,2,"30x30",14.2,3.6,7.4,1.8,0,0,0,0,0,0,"Also smartweed ",-13415735.13,5083989.409
"434",347,"MDC","8/24/20 19:42","JS ","Grandma Tract 10","Grandma Tract 10","None","Watergrass","Echinochloa crus-galli",502210,"Med",58,32,"30x30",14.2,3.6,18,2.4,20.2,2.8,17.6,2.4,14.4,2.8,"",-13415541.42,5083588.218
"435",458,"MDC","9/2/20 16:07","JS ","Matney 4 South","Matney 4 South","None","Watergrass","Echinochloa crus-galli",502210,"Low",38,3,"30x30",14.4,6.4,6.4,2.4,5.2,2.4,0,0,0,0,"",-13417052.28,5078310.664
"436",355,"MDC","8/25/20 0:12","JS ","Grandma Tract 8","Grandma Tract 8","None","Watergrass","Echinochloa crus-galli",502210,"Med",29,11,"30x30",14.6,2.4,10.6,2.8,4.6,1.2,9,1.4,6,1.6,"",-13416279.06,5083673.281
"437",470,"MDC","9/2/20 18:27","JS ","Matney 8","Matney 8","None","Watergrass","Echinochloa crus-galli",502210,"High",62,30,"30x30",14.6,4.4,15.6,2.8,9.4,3.8,19,6,4.6,1.8,"",-13417181.31,5077719.787
"438",356,"MDC","8/25/20 0:21","JS ","Grandma Tract 8","Grandma Tract 8","None","Watergrass","Echinochloa crus-galli",502210,"Low",34,12,"30x30",15,3,7,2,3.6,1.8,2.6,1.6,1.6,1,"",-13416350.28,5083838.892
"439",367,"MDC","8/25/20 15:49","JS ","Grandma Tract 4","Grandma Tract 4","None","Watergrass","Echinochloa crus-galli",502210,"Low",42,2,"30x30",15.2,3.4,2.6,1,0,0,0,0,0,0,"",-13415867.61,5084193.233
"440",377,"MDC","8/25/20 16:50","JS ","Grandma Tract 4","Grandma Tract 4","None","Watergrass","Echinochloa crus-galli",502210,"Med",39,5,"30x30",15.4,2.2,3.4,2.2,4,1.2,0,0,0,0,"",-13415664.75,5084196.391
"441",474,"MDC","9/3/20 15:47","JS ","Matney 8","Matney 8","None","Watergrass","Echinochloa crus-galli",502210,"High",55,46,"30x30",16.4,4.2,14.2,3.6,10,2.2,10.4,2.6,13.6,4.2,"",-13417263.12,5077558.877
"442",439,"MDC","9/1/20 17:13","JS ","Grandma Tract 3","Grandma Tract 3","None","Watergrass","Echinochloa crus-galli",502210,"High",73,33,"30x30",16.6,5,10.4,2.6,8.8,3.8,18.4,4,32,4,"Planted ",-13416131.7,5084227.911
"443",441,"MDC","9/1/20 17:27","JS ","Grandma Tract 3","Grandma Tract 3","None","Watergrass","Echinochloa crus-galli",502210,"High",79,21,"30x30",18,3.4,14,4.8,10,2.8,7.6,3,18,4.2,"Planted ",-13416105.42,5084051.567
"444",429,"MDC","9/1/20 15:36","JS ","Grandma Tract 9","Grandma Tract 9","None","Watergrass","Echinochloa crus-galli",502210,"Low",33.4,3,"30x30",18,2.2,7.2,2,5.4,1.2,0,0,0,0,"",-13415900.51,5083566.147
"445",471,"MDC","9/2/20 18:42","JS ","Matney 8","Matney 8","None","Watergrass","Echinochloa crus-galli",502210,"High",49,33,"30x30",19,4.4,14.2,4,11.8,4.2,6.6,2,12.4,3.8,"",-13417056.26,5077617.071
"446",469,"MDC","9/2/20 18:16","JS ","Matney 8","Matney 8","None","Watergrass","Echinochloa crus-galli",502210,"High",59,29,"30x30",21,8.2,8.8,3,13.2,4.4,12.4,4.6,14,7.2,"",-13417171.89,5077702.613
"447",467,"MDC","9/2/20 17:54","JS ","Matney 8","Matney 8","None","Watergrass","Echinochloa crus-galli",502210,"High",77,25,"30x30",21.8,8.4,4,2,12.2,5,7.4,2.8,4.2,1.4,"",-13417120.34,5077818.836
"448",365,"MDC","8/25/20 15:32","JS ","Grandma Tract 4","Grandma Tract 4","None","Watergrass","Echinochloa crus-galli",502210,"Low",81,4,"30x30",22,3.8,2,2,4.8,1.2,3,1.4,0,0,"Some smartweed ",-13415937.02,5083980.473
"449",350,"MDC","8/24/20 23:36","JS ","Grandma Tract 8","Grandma Tract 8","None","Watergrass","Echinochloa crus-galli",502210,"Med",34,11,"30x30",22,3,8,2,10,2.4,8.4,2.2,7,2,"",-13416104.34,5083555.147
"450",376,"MDC","8/25/20 16:44","JS ","Grandma Tract 4","Grandma Tract 4","None","Watergrass","Echinochloa crus-galli",502210,"Med",67,10,"30x30",22,4,9,3,3.6,1.2,3.8,1,4.8,2,"",-13415670.33,5084201.609
"451",358,"MDC","8/25/20 0:37","JS ","Grandma Tract 8","Grandma Tract 8","None","Watergrass","Echinochloa crus-galli",502210,"Low",39,8,"30x30",25,3.2,21,2.2,5.6,2.6,13,3.2,15,3,"",-13416216.86,5083778.318
"452",370,"MDC","8/25/20 16:10","JS ","Grandma Tract 4","Grandma Tract 4","None","Watergrass","Echinochloa crus-galli",502210,"Low",140,9,"30x30",35,7.2,14.8,5,8.4,4.4,2,1,2,0.4,"",-13415853.12,5084444.04
"453",71,"PIX","8/24/20 16:23","MJ","4","4","None","Watergrass","Echinochloa crus-galli",502210,"Low",27,9,"30x30",2.277616134,9,2.932629254,14,3.050696152,15,2.554692639,11,0,0,"",-13289825.63,4289252.712
"454",73,"PIX","8/24/20 16:35","MJ","4","4","None","Watergrass","Echinochloa crus-galli",502210,"Low",26.5,24,"30x30",2.487599226,10.5,2.487599226,10.5,1.94015945,6.8,1.472723337,4.2,0,0,"",-13289968.46,4289585.418
"455",171,"PIX","8/31/20 15:53","MJ","3A","3A","None","Watergrass","Echinochloa crus-galli",502210,"Low",43,19,"30x30",2.685080312,12,4.448293471,29,3.418258705,18.3,3.544747511,19.5,0,0,"",-13290663.31,4289360.16
"456",182,"PIX","8/31/20 16:38","MJ","3A","3A","None","Watergrass","Echinochloa crus-galli",502210,"High",179,36,"30x30",2.872244132,13.5,3.596463887,20,3.895835381,23,3.905516757,23.1,0,0,"Representative sample of high density water grass",-13290673.41,4289399.932
"457",180,"PIX","8/31/20 16:24","MJ","3A","3A","None","Watergrass","Echinochloa crus-galli",502210,"Low",43,18,"30x30",2.99209833,14.5,4.132734331,25.5,3.596463887,20,3.386086907,18,0,0,"",-13291154.06,4289563.792
"458",85,"PIX","8/24/20 18:21","MJ","9B","9B","None","Watergrass","Echinochloa crus-galli",502210,"Low",77.5,9,"30x30",3.073900668,15.2,3.050696152,15,2.144385822,8.1,2.487599226,10.5,0,0,"",-13289675.1,4288240.595
"459",67,"PIX","8/24/20 16:07","MJ","4","4","None","Watergrass","Echinochloa crus-galli",502210,"Med",79,16,"30x30",3.10846391,15.5,3.050696152,15,3.55513577,19.6,3.10846391,15.5,0,0,"",-13289962.59,4289103.777
"460",139,"PIX","8/27/20 15:27","MJ","4A","4A","None","Watergrass","Echinochloa crus-galli",502210,"Low",16,11,"30x30",3.165439589,16,3.6476299,20.5,3.331952769,17.5,3.085453916,15.3,0,0,"",-13290045.34,4289315.768
"461",136,"PIX","8/27/20 15:12","MJ","4A","4A","None","Watergrass","Echinochloa crus-galli",502210,"High",86,55,"30x30",3.331952769,17.5,3.10846391,15.5,3.807877947,22.1,3.492460505,19,0,0,"GG: Check food species, height and length too high for Timothy",-13290264.21,4289579.933
"462",125,"PIX","8/26/20 16:34","MJ","9A","9A","None","Watergrass","Echinochloa crus-galli",502210,"High",62.5,38,"15x15",3.616995242,20.2,2.446686039,10.2,3.188016035,16.2,3.69826462,21,0,0,"",-13289695.05,4288612.849
"463",301,"PIX","9/4/20 18:21","GG","2A","2A","None","Watergrass","Echinochloa crus-galli",502210,"Med",89,30,"30x30",3.8,4.9,18.4,10,17.5,11.5,7.4,6.8,10.2,10.7,"",-13290932.88,4288735.66
"464",224,"PIX","9/1/20 17:12","MJ","3","3","None","Watergrass","Echinochloa crus-galli",502210,"High",112,32,"30x30",3.895835381,23,3.596463887,20,3.418258705,18.3,2.932629254,14,0,0,"",-13290498.22,4289112.176
"465",254,"PIX","9/3/20 15:54","GG","4A","4A","None","Watergrass","Echinochloa crus-galli",502210,"Low",25.2,3,"30x30",3.9,8.9,2.4,7.4,16,8.9,1.4,7.3,1.3,7.5,"",-13290045.1,4289312.202
"466",243,"PIX","9/2/20 16:35","MJ","3","3","None","Watergrass","Echinochloa crus-galli",502210,"Low",68,21,"30x30",4.039223321,24.5,4.509407092,29.7,3.982331857,23.9,3.6476299,20.5,0,0,"",-13290761.53,4288973.86
"467",267,"PIX","9/3/20 18:06","GG","3","3","None","Watergrass","Echinochloa crus-galli",502210,"Low",74,17,"30x30",4.3,7,9.7,10,2.4,5.6,6.5,7.1,26.1,13.4,"",-13290543.06,4289196.217
"468",288,"PIX","9/4/20 17:10","GG","2","2","None","Watergrass","Echinochloa crus-galli",502210,"Low",86,26,"30x30",4.6,7.4,14.8,9.5,6.9,8.9,12.3,8.7,13.5,8.4,"Herbicide",-13291016.34,4288962.264
"469",299,"PIX","9/4/20 18:14","GG","2A","2A","None","Watergrass","Echinochloa crus-galli",502210,"Low",32.8,22,"30x30",6,7,9.3,8.2,11.7,10.3,6,7,17.1,9.4,"",-13291096.83,4288778.344
"470",253,"PIX","9/3/20 15:34","GG","4","4","None","Watergrass","Echinochloa crus-galli",502210,"Low",73.1,24,"30x30",8.9,8.4,13.4,10.4,14.7,9.6,11,8.8,14.2,9.5,"",-13289677.72,4289092.204
"471",264,"PIX","9/3/20 17:18","GG","8B","8B","None","Watergrass","Echinochloa crus-galli",502210,"Med",86.5,34,"30x30",10.1,5.2,6.8,5.7,36.2,15.7,10.6,10.3,12.7,9.7,"",-13290008.69,4287798.204
"472",252,"PIX","9/3/20 15:29","GG","4","4","None","Watergrass","Echinochloa crus-galli",502210,"Med",102,38,"30x30",10.7,10.1,16,10.4,9.9,8.5,14.8,9.4,10.4,9.3,"",-13289682.67,4289110.223
"473",256,"PIX","9/3/20 16:21","GG","9A","9A","None","Watergrass","Echinochloa crus-galli",502210,"High",124.6,79,"30x30",12.5,13.4,12.6,8.4,17.6,9.3,12.6,7.8,10.5,7.4,"",-13289687.52,4288613.644
"474",294,"PIX","9/4/20 17:38","GG","2","2","None","Watergrass","Echinochloa crus-galli",502210,"Med",65,48,"30x30",12.6,8.6,5.5,5.2,30.4,10.5,25.3,10.8,7,5.5,"",-13291375.74,4289556.965
"475",255,"PIX","9/3/20 16:04","GG","4A","4A","None","Watergrass","Echinochloa crus-galli",502210,"Med",69.4,47,"30x30",13.5,15,9.4,6.2,12.5,4.7,20.1,10.3,4.3,5,"",-13290178.74,4289607.182
"476",257,"PIX","9/3/20 16:34","GG","9B","9B","None","Watergrass","Echinochloa crus-galli",502210,"Low",49.5,44,"30x30",14,5.9,23.2,8.5,23.6,8.5,17.3,7.6,15.6,6.5,"",-13289660.69,4288280.098
"477",265,"PIX","9/3/20 17:35","GG","3A","3A","None","Watergrass","Echinochloa crus-galli",502210,"High",156,59,"30x30",15.5,7.9,32,14.2,26,15.7,8.6,11.3,14.5,10,"",-13290673.49,4289404.345
"478",263,"PIX","9/3/20 17:14","GG","8B","8B","None","Watergrass","Echinochloa crus-galli",502210,"Low",118,28,"30x30",20.4,11.6,14.4,9.6,17.2,11.4,19.6,10.7,18.4,12,"",-13289899.6,4287789.991
"479",129,"PIX","8/26/20 18:46","GG","9A","9A","None","Watergrass","Echinochloa crus-galli",502210,"Low",66.5,37,"30x30",20.5,8,18.4,6.5,11.9,7,19.2,7,20.3,8.4,"",-13289991.03,4288568.84
"480",269,"PIX","9/3/20 18:15","GG","3","3","None","Watergrass","Echinochloa crus-galli",502210,"High",114.2,46,"30x30",21.2,15.3,16.4,10.2,17,14.7,16,8,8.3,9.8,"",-13290500.97,4289160.738
"481",266,"PIX","9/3/20 17:43","GG","3A","3A","None","Watergrass","Echinochloa crus-galli",502210,"Low",46.8,10,"30x30",28.5,13.4,3.3,8.8,7.6,8.5,6.7,8.1,7.3,6.6,"",-13290675.61,4289616.451
"482",31,"SLW","44055.81667","Mk","Beach Lake 3","Beach Lake 3","Mowed","Watergrass","Echinochloa crus-galli",502210,"High",4,63,"30x30",8,2,14,2.8,10.2,2,9,3,13.8,3.8,"",-13524502.65,4640600.764
"483",33,"SLW","44055.82222","Mk","Beach Lake 3","Beach Lake 3","Mowed","Watergrass","Echinochloa crus-galli",502210,"Low",3,72,"15x15",8.6,2.2,22.4,5.2,17,5,22,3.2,19,4.2,"",-13524697.71,4640653.59
"484",32,"SLW","44055.81806","Mk","Beach Lake 3","Beach Lake 3","Mowed","Watergrass","Echinochloa crus-galli",502210,"Low",4,31,"30x30",9,3,14.6,3.4,18,3,15,2.4,32,7,"",-13524514.33,4640631.114
"485",38,"SLW","44055.85764","Mk","Beach Lake 1","Beach Lake 1","Mowed","Watergrass","Echinochloa crus-galli",502210,"Low",4.8,30,"30x30",9,3,14.6,3.4,18,3,15,2.4,32,7,"",-13524535.04,4641151.3
