GlobalID,decimalLatitude,decimalLongitude,LIT,unitName,subunitName,recordedBy,eventDate,areaVisible_ac,eventRemarks,taxonID,vernacularName,stratum,proportionVisibleArea
{BA48DBBC-5C39-4046-B048-4361E8CDD34D},35.72384762,-119.6102661,KRN,4B,4B-3,kathryn_heffernan@fws.gov_fws,7/27/2021 15:47,0.435125969,,NA,Other cover,NA,0.05
{BA48DBBC-5C39-4046-B048-4361E8CDD34D},35.72384762,-119.6102661,KRN,4B,4B-3,kathryn_heffernan@fws.gov_fws,7/27/2021 15:47,0.435125969,,41605,Swamp Timothy,low,0.15
{BA48DBBC-5C39-4046-B048-4361E8CDD34D},35.72384762,-119.6102661,KRN,4B,4B-3,kathryn_heffernan@fws.gov_fws,7/27/2021 15:47,0.435125969,,41605,Swamp Timothy,medium,0.2
{BA48DBBC-5C39-4046-B048-4361E8CDD34D},35.72384762,-119.6102661,KRN,4B,4B-3,kathryn_heffernan@fws.gov_fws,7/27/2021 15:47,0.435125969,,41605,Swamp Timothy,high,0.6
{0252DA81-65ED-4DAB-8611-46A58D7F2B35},35.72160337,-119.6118411,KRN,4B,4B-3,rebeca_becdach@fws.gov_fws,7/27/2021 16:48,0.656331519,,502210,Watergrass,low,0.01
{0252DA81-65ED-4DAB-8611-46A58D7F2B35},35.72160337,-119.6118411,KRN,4B,4B-3,rebeca_becdach@fws.gov_fws,7/27/2021 16:48,0.656331519,,823756,Smartweed,low,0.01
{0252DA81-65ED-4DAB-8611-46A58D7F2B35},35.72160337,-119.6118411,KRN,4B,4B-3,rebeca_becdach@fws.gov_fws,7/27/2021 16:48,0.656331519,,41605,Swamp Timothy,medium,0.05
{0252DA81-65ED-4DAB-8611-46A58D7F2B35},35.72160337,-119.6118411,KRN,4B,4B-3,rebeca_becdach@fws.gov_fws,7/27/2021 16:48,0.656331519,,41605,Swamp Timothy,low,0.05
{0252DA81-65ED-4DAB-8611-46A58D7F2B35},35.72160337,-119.6118411,KRN,4B,4B-3,rebeca_becdach@fws.gov_fws,7/27/2021 16:48,0.656331519,,NA,Other cover,NA,0.2
{0252DA81-65ED-4DAB-8611-46A58D7F2B35},35.72160337,-119.6118411,KRN,4B,4B-3,rebeca_becdach@fws.gov_fws,7/27/2021 16:48,0.656331519,,41605,Swamp Timothy,high,0.7
{18E2334F-9847-4FBB-9008-F602A82A0E0B},35.72147689,-119.6128354,KRN,4B,4B-3,rebeca_becdach@fws.gov_fws,7/27/2021 17:12,3.415700887,,41605,Swamp Timothy,high,0.1
{18E2334F-9847-4FBB-9008-F602A82A0E0B},35.72147689,-119.6128354,KRN,4B,4B-3,rebeca_becdach@fws.gov_fws,7/27/2021 17:12,3.415700887,,41605,Swamp Timothy,low,0.1
{18E2334F-9847-4FBB-9008-F602A82A0E0B},35.72147689,-119.6128354,KRN,4B,4B-3,rebeca_becdach@fws.gov_fws,7/27/2021 17:12,3.415700887,,NA,Other cover,NA,0.25
{18E2334F-9847-4FBB-9008-F602A82A0E0B},35.72147689,-119.6128354,KRN,4B,4B-3,rebeca_becdach@fws.gov_fws,7/27/2021 17:12,3.415700887,,41605,Swamp Timothy,medium,0.6
{1D282129-7A85-4C2E-B2FB-3E6CB7ED1938},35.72044051,-119.6137215,KRN,4B,4B-4,therese_burns@fws.gov_fws,7/27/2021 18:10,1.087649284,,502210,Watergrass,low,0.01
{1D282129-7A85-4C2E-B2FB-3E6CB7ED1938},35.72044051,-119.6137215,KRN,4B,4B-4,therese_burns@fws.gov_fws,7/27/2021 18:10,1.087649284,,41605,Swamp Timothy,low,0.1
{1D282129-7A85-4C2E-B2FB-3E6CB7ED1938},35.72044051,-119.6137215,KRN,4B,4B-4,therese_burns@fws.gov_fws,7/27/2021 18:10,1.087649284,,502210,Watergrass,high,0.15
{1D282129-7A85-4C2E-B2FB-3E6CB7ED1938},35.72044051,-119.6137215,KRN,4B,4B-4,therese_burns@fws.gov_fws,7/27/2021 18:10,1.087649284,,41605,Swamp Timothy,high,0.2
{1D282129-7A85-4C2E-B2FB-3E6CB7ED1938},35.72044051,-119.6137215,KRN,4B,4B-4,therese_burns@fws.gov_fws,7/27/2021 18:10,1.087649284,,NA,Other cover,NA,0.2
{1D282129-7A85-4C2E-B2FB-3E6CB7ED1938},35.72044051,-119.6137215,KRN,4B,4B-4,therese_burns@fws.gov_fws,7/27/2021 18:10,1.087649284,,41605,Swamp Timothy,medium,0.4
{336EAD9E-5BDF-436A-926A-75645F25F429},35.73243767,-119.6121683,KRN,5A,5A-7,rebeca_becdach@fws.gov_fws,7/27/2021 18:25,2.164799131,,41605,Swamp Timothy,low,0.3
{336EAD9E-5BDF-436A-926A-75645F25F429},35.73243767,-119.6121683,KRN,5A,5A-7,rebeca_becdach@fws.gov_fws,7/27/2021 18:25,2.164799131,,41605,Swamp Timothy,medium,0.35
{336EAD9E-5BDF-436A-926A-75645F25F429},35.73243767,-119.6121683,KRN,5A,5A-7,rebeca_becdach@fws.gov_fws,7/27/2021 18:25,2.164799131,,NA,Other cover,NA,0.35
{7294B5F3-F189-40B2-B798-E46E60AE8094},35.71938576,-119.6153398,KRN,4B,4B-4,therese_burns@fws.gov_fws,7/27/2021 18:36,1.709384365,,502210,Watergrass,low,0.01
{7294B5F3-F189-40B2-B798-E46E60AE8094},35.71938576,-119.6153398,KRN,4B,4B-4,therese_burns@fws.gov_fws,7/27/2021 18:36,1.709384365,,41605,Swamp Timothy,low,0.15
{7294B5F3-F189-40B2-B798-E46E60AE8094},35.71938576,-119.6153398,KRN,4B,4B-4,therese_burns@fws.gov_fws,7/27/2021 18:36,1.709384365,,NA,Other cover,NA,0.2
{7294B5F3-F189-40B2-B798-E46E60AE8094},35.71938576,-119.6153398,KRN,4B,4B-4,therese_burns@fws.gov_fws,7/27/2021 18:36,1.709384365,,41605,Swamp Timothy,high,0.25
{7294B5F3-F189-40B2-B798-E46E60AE8094},35.71938576,-119.6153398,KRN,4B,4B-4,therese_burns@fws.gov_fws,7/27/2021 18:36,1.709384365,,41605,Swamp Timothy,medium,0.4
{A09D48D4-0BA4-4CAC-A59C-82ABCD013433},35.71881991,-119.6155331,KRN,4B,4B-4,therese_burns@fws.gov_fws,7/27/2021 18:46,2.264850514,,41605,Swamp Timothy,low,0.2
{A09D48D4-0BA4-4CAC-A59C-82ABCD013433},35.71881991,-119.6155331,KRN,4B,4B-4,therese_burns@fws.gov_fws,7/27/2021 18:46,2.264850514,,41605,Swamp Timothy,high,0.2
{A09D48D4-0BA4-4CAC-A59C-82ABCD013433},35.71881991,-119.6155331,KRN,4B,4B-4,therese_burns@fws.gov_fws,7/27/2021 18:46,2.264850514,,41605,Swamp Timothy,medium,0.3
{A09D48D4-0BA4-4CAC-A59C-82ABCD013433},35.71881991,-119.6155331,KRN,4B,4B-4,therese_burns@fws.gov_fws,7/27/2021 18:46,2.264850514,,NA,Other cover,NA,0.3
{4793E980-DC25-4091-9758-D2CA559B1018},35.71894703,-119.6183461,KRN,4B,4B-2,therese_burns@fws.gov_fws,7/27/2021 19:24,3.945237286,,41605,Swamp Timothy,high,0.05
{4793E980-DC25-4091-9758-D2CA559B1018},35.71894703,-119.6183461,KRN,4B,4B-2,therese_burns@fws.gov_fws,7/27/2021 19:24,3.945237286,,41605,Swamp Timothy,low,0.1
{4793E980-DC25-4091-9758-D2CA559B1018},35.71894703,-119.6183461,KRN,4B,4B-2,therese_burns@fws.gov_fws,7/27/2021 19:24,3.945237286,,NA,Other cover,NA,0.3
{4793E980-DC25-4091-9758-D2CA559B1018},35.71894703,-119.6183461,KRN,4B,4B-2,therese_burns@fws.gov_fws,7/27/2021 19:24,3.945237286,,41605,Swamp Timothy,medium,0.55
{696425B7-43C2-4BB5-9756-9B2BF2866C53},35.72025253,-119.6188646,KRN,4B,4B-2,kathryn_heffernan@fws.gov_fws,7/27/2021 19:35,1.473977859,,41605,Swamp Timothy,low,0.05
{696425B7-43C2-4BB5-9756-9B2BF2866C53},35.72025253,-119.6188646,KRN,4B,4B-2,kathryn_heffernan@fws.gov_fws,7/27/2021 19:35,1.473977859,,502210,Watergrass,low,0.1
{696425B7-43C2-4BB5-9756-9B2BF2866C53},35.72025253,-119.6188646,KRN,4B,4B-2,kathryn_heffernan@fws.gov_fws,7/27/2021 19:35,1.473977859,,NA,Other cover,NA,0.85
{7F704EC3-60D2-4EDD-ADBC-96E322F5B0F2},35.72239903,-119.6176491,KRN,4B,4B-2,kathryn_heffernan@fws.gov_fws,7/27/2021 19:50,3.845073317,,502210,Watergrass,low,0.05
{7F704EC3-60D2-4EDD-ADBC-96E322F5B0F2},35.72239903,-119.6176491,KRN,4B,4B-2,kathryn_heffernan@fws.gov_fws,7/27/2021 19:50,3.845073317,,41605,Swamp Timothy,low,0.05
{7F704EC3-60D2-4EDD-ADBC-96E322F5B0F2},35.72239903,-119.6176491,KRN,4B,4B-2,kathryn_heffernan@fws.gov_fws,7/27/2021 19:50,3.845073317,,502210,Watergrass,high,0.2
{7F704EC3-60D2-4EDD-ADBC-96E322F5B0F2},35.72239903,-119.6176491,KRN,4B,4B-2,kathryn_heffernan@fws.gov_fws,7/27/2021 19:50,3.845073317,,502210,Watergrass,medium,0.3
{7F704EC3-60D2-4EDD-ADBC-96E322F5B0F2},35.72239903,-119.6176491,KRN,4B,4B-2,kathryn_heffernan@fws.gov_fws,7/27/2021 19:50,3.845073317,,NA,Other cover,NA,0.4
{4C1E2CB9-3036-4E9A-9015-3F9781A5DA37},35.72479958,-119.6141187,KRN,4A,4A-7,kathryn_heffernan@fws.gov_fws,7/27/2021 21:08,4.247811046,,41605,Swamp Timothy,medium,0.2
{4C1E2CB9-3036-4E9A-9015-3F9781A5DA37},35.72479958,-119.6141187,KRN,4A,4A-7,kathryn_heffernan@fws.gov_fws,7/27/2021 21:08,4.247811046,,NA,Other cover,NA,0.3
{4C1E2CB9-3036-4E9A-9015-3F9781A5DA37},35.72479958,-119.6141187,KRN,4A,4A-7,kathryn_heffernan@fws.gov_fws,7/27/2021 21:08,4.247811046,,41605,Swamp Timothy,high,0.5
{F986DF6B-8917-4844-AD3B-4228E7BC657C},35.72565631,-119.608951,KRN,4A,4A-7,therese_burns@fws.gov_fws,7/27/2021 21:20,1.009476146,,41605,Swamp Timothy,low,0.05
{F986DF6B-8917-4844-AD3B-4228E7BC657C},35.72565631,-119.608951,KRN,4A,4A-7,therese_burns@fws.gov_fws,7/27/2021 21:20,1.009476146,,NA,Other cover,NA,0.05
{F986DF6B-8917-4844-AD3B-4228E7BC657C},35.72565631,-119.608951,KRN,4A,4A-7,therese_burns@fws.gov_fws,7/27/2021 21:20,1.009476146,,41605,Swamp Timothy,medium,0.3
{F986DF6B-8917-4844-AD3B-4228E7BC657C},35.72565631,-119.608951,KRN,4A,4A-7,therese_burns@fws.gov_fws,7/27/2021 21:20,1.009476146,,41605,Swamp Timothy,high,0.6
{C3CA7F5C-4527-419A-8D43-5925F77F686B},35.72710171,-119.6117666,KRN,4A,4A-7,therese_burns@fws.gov_fws,7/27/2021 21:46,3.277386177,,502210,Watergrass,low,0.025
{C3CA7F5C-4527-419A-8D43-5925F77F686B},35.72710171,-119.6117666,KRN,4A,4A-7,therese_burns@fws.gov_fws,7/27/2021 21:46,3.277386177,,502210,Watergrass,medium,0.025
{C3CA7F5C-4527-419A-8D43-5925F77F686B},35.72710171,-119.6117666,KRN,4A,4A-7,therese_burns@fws.gov_fws,7/27/2021 21:46,3.277386177,,41605,Swamp Timothy,medium,0.05
{C3CA7F5C-4527-419A-8D43-5925F77F686B},35.72710171,-119.6117666,KRN,4A,4A-7,therese_burns@fws.gov_fws,7/27/2021 21:46,3.277386177,,NA,Other cover,NA,0.4
{C3CA7F5C-4527-419A-8D43-5925F77F686B},35.72710171,-119.6117666,KRN,4A,4A-7,therese_burns@fws.gov_fws,7/27/2021 21:46,3.277386177,,41605,Swamp Timothy,high,0.55
{6569A86F-87FA-4E1E-B815-2DE95F01990F},35.72488011,-119.6158931,KRN,4A,4A-5,therese_burns@fws.gov_fws,7/27/2021 22:02,2.381673347,,41605,Swamp Timothy,low,0.2
{6569A86F-87FA-4E1E-B815-2DE95F01990F},35.72488011,-119.6158931,KRN,4A,4A-5,therese_burns@fws.gov_fws,7/27/2021 22:02,2.381673347,,NA,Other cover,NA,0.2
{6569A86F-87FA-4E1E-B815-2DE95F01990F},35.72488011,-119.6158931,KRN,4A,4A-5,therese_burns@fws.gov_fws,7/27/2021 22:02,2.381673347,,41605,Swamp Timothy,medium,0.3
{6569A86F-87FA-4E1E-B815-2DE95F01990F},35.72488011,-119.6158931,KRN,4A,4A-5,therese_burns@fws.gov_fws,7/27/2021 22:02,2.381673347,,41605,Swamp Timothy,high,0.3
{F07ED495-6B9C-42AA-BF10-6261B4334176},35.72412471,-119.6188942,KRN,4A,4A-5,therese_burns@fws.gov_fws,7/27/2021 22:22,6.671108977,,41605,Swamp Timothy,medium,0.05
{F07ED495-6B9C-42AA-BF10-6261B4334176},35.72412471,-119.6188942,KRN,4A,4A-5,therese_burns@fws.gov_fws,7/27/2021 22:22,6.671108977,,NA,Other cover,NA,0.2
{F07ED495-6B9C-42AA-BF10-6261B4334176},35.72412471,-119.6188942,KRN,4A,4A-5,therese_burns@fws.gov_fws,7/27/2021 22:22,6.671108977,,41605,Swamp Timothy,high,0.75
{130DB835-30A7-4D0E-BB6D-A378D9D3ADB6},35.73608332,-119.6167579,KRN,5A,5A-3,rebeca_becdach@fws.gov_fws,7/27/2021 22:23,1.077271776,,41605,Swamp Timothy,medium,0.2
{130DB835-30A7-4D0E-BB6D-A378D9D3ADB6},35.73608332,-119.6167579,KRN,5A,5A-3,rebeca_becdach@fws.gov_fws,7/27/2021 22:23,1.077271776,,NA,Other cover,NA,0.8
{7748F6A1-A882-4731-A5A3-45D5E6E0C0B8},35.72340223,-119.6206068,KRN,4A,4A-5,therese_burns@fws.gov_fws,7/27/2021 22:42,1.127810432,,NA,Other cover,NA,0
{7748F6A1-A882-4731-A5A3-45D5E6E0C0B8},35.72340223,-119.6206068,KRN,4A,4A-5,therese_burns@fws.gov_fws,7/27/2021 22:42,1.127810432,,41605,Swamp Timothy,low,0.05
{7748F6A1-A882-4731-A5A3-45D5E6E0C0B8},35.72340223,-119.6206068,KRN,4A,4A-5,therese_burns@fws.gov_fws,7/27/2021 22:42,1.127810432,,41605,Swamp Timothy,medium,0.1
{7748F6A1-A882-4731-A5A3-45D5E6E0C0B8},35.72340223,-119.6206068,KRN,4A,4A-5,therese_burns@fws.gov_fws,7/27/2021 22:42,1.127810432,,41605,Swamp Timothy,high,0.85
{6CD10A39-3991-4DAD-8D96-8C0081815D1E},35.736886,-119.6188524,KRN,5A,5A-3,rebeca_becdach@fws.gov_fws,7/27/2021 22:53,1.941418869,,NA,Other cover,NA,0.2
{6CD10A39-3991-4DAD-8D96-8C0081815D1E},35.736886,-119.6188524,KRN,5A,5A-3,rebeca_becdach@fws.gov_fws,7/27/2021 22:53,1.941418869,,41605,Swamp Timothy,low,0.8
{88C73DA2-A339-45DB-81DD-36E0334510F0},35.73831737,-119.6175384,KRN,5A,5A-3,rebeca_becdach@fws.gov_fws,7/27/2021 23:15,2.821033178,,41605,Swamp Timothy,low,0.35
{88C73DA2-A339-45DB-81DD-36E0334510F0},35.73831737,-119.6175384,KRN,5A,5A-3,rebeca_becdach@fws.gov_fws,7/27/2021 23:15,2.821033178,,NA,Other cover,NA,0.65
{B3441C05-3EF0-4A7C-A3DE-8DFE992A7046},35.72467001,-119.6206944,KRN,4A,4A-2,kathryn_heffernan@fws.gov_fws,7/28/2021 14:02,3.521900177,,NA,Other cover,NA,0.15
{B3441C05-3EF0-4A7C-A3DE-8DFE992A7046},35.72467001,-119.6206944,KRN,4A,4A-2,kathryn_heffernan@fws.gov_fws,7/28/2021 14:02,3.521900177,,41605,Swamp Timothy,medium,0.2
{B3441C05-3EF0-4A7C-A3DE-8DFE992A7046},35.72467001,-119.6206944,KRN,4A,4A-2,kathryn_heffernan@fws.gov_fws,7/28/2021 14:02,3.521900177,,41605,Swamp Timothy,high,0.65
{3C327972-D8ED-47D3-913E-E66118868D8D},35.72622234,-119.6208299,KRN,4A,4A-2,kathryn_heffernan@fws.gov_fws,7/28/2021 14:13,2.100523681,,41605,Swamp Timothy,low,0.05
{3C327972-D8ED-47D3-913E-E66118868D8D},35.72622234,-119.6208299,KRN,4A,4A-2,kathryn_heffernan@fws.gov_fws,7/28/2021 14:13,2.100523681,,41605,Swamp Timothy,medium,0.15
{3C327972-D8ED-47D3-913E-E66118868D8D},35.72622234,-119.6208299,KRN,4A,4A-2,kathryn_heffernan@fws.gov_fws,7/28/2021 14:13,2.100523681,,NA,Other cover,NA,0.2
{3C327972-D8ED-47D3-913E-E66118868D8D},35.72622234,-119.6208299,KRN,4A,4A-2,kathryn_heffernan@fws.gov_fws,7/28/2021 14:13,2.100523681,,41605,Swamp Timothy,high,0.6
{E08D443B-914A-484F-9446-B7C0F365744C},35.73330092,-119.6156548,KRN,5A,5A-7,rebeca_becdach@fws.gov_fws,7/28/2021 14:22,9.962092803,,NA,Other cover,NA,0.15
{E08D443B-914A-484F-9446-B7C0F365744C},35.73330092,-119.6156548,KRN,5A,5A-7,rebeca_becdach@fws.gov_fws,7/28/2021 14:22,9.962092803,,41605,Swamp Timothy,medium,0.25
{E08D443B-914A-484F-9446-B7C0F365744C},35.73330092,-119.6156548,KRN,5A,5A-7,rebeca_becdach@fws.gov_fws,7/28/2021 14:22,9.962092803,,41605,Swamp Timothy,high,0.6
{E18C7909-05E1-482C-B544-365DC0C865E3},35.72667785,-119.6219282,KRN,4A,4A-2,kathryn_heffernan@fws.gov_fws,7/28/2021 14:25,4.88606446,,41605,Swamp Timothy,low,0.2
{E18C7909-05E1-482C-B544-365DC0C865E3},35.72667785,-119.6219282,KRN,4A,4A-2,kathryn_heffernan@fws.gov_fws,7/28/2021 14:25,4.88606446,,NA,Other cover,NA,0.3
{E18C7909-05E1-482C-B544-365DC0C865E3},35.72667785,-119.6219282,KRN,4A,4A-2,kathryn_heffernan@fws.gov_fws,7/28/2021 14:25,4.88606446,,41605,Swamp Timothy,medium,0.5
{7B1E8809-BCC4-49B2-9BB8-077027088180},35.72740186,-119.6230915,KRN,4A,4A-1,kathryn_heffernan@fws.gov_fws,7/28/2021 14:37,1.762004255,,41605,Swamp Timothy,low,0.15
{7B1E8809-BCC4-49B2-9BB8-077027088180},35.72740186,-119.6230915,KRN,4A,4A-1,kathryn_heffernan@fws.gov_fws,7/28/2021 14:37,1.762004255,,NA,Other cover,NA,0.35
{7B1E8809-BCC4-49B2-9BB8-077027088180},35.72740186,-119.6230915,KRN,4A,4A-1,kathryn_heffernan@fws.gov_fws,7/28/2021 14:37,1.762004255,,41605,Swamp Timothy,medium,0.5
{33B2A5CC-2827-4B70-AC08-7D9A65C86208},35.73599882,-119.6212068,KRN,5A,5A-1,rebeca_becdach@fws.gov_fws,7/28/2021 14:49,3.021703312,,41605,Swamp Timothy,low,0.4
{33B2A5CC-2827-4B70-AC08-7D9A65C86208},35.73599882,-119.6212068,KRN,5A,5A-1,rebeca_becdach@fws.gov_fws,7/28/2021 14:49,3.021703312,,NA,Other cover,NA,0.6
{DF8BAA66-FF81-46E0-B6CE-A8BF5334A1BC},35.73068426,-119.6213227,KRN,4A,4A-1,kathryn_heffernan@fws.gov_fws,7/28/2021 14:49,1.818255563,,NA,Other cover,NA,0.15
{DF8BAA66-FF81-46E0-B6CE-A8BF5334A1BC},35.73068426,-119.6213227,KRN,4A,4A-1,kathryn_heffernan@fws.gov_fws,7/28/2021 14:49,1.818255563,,41605,Swamp Timothy,medium,0.35
{DF8BAA66-FF81-46E0-B6CE-A8BF5334A1BC},35.73068426,-119.6213227,KRN,4A,4A-1,kathryn_heffernan@fws.gov_fws,7/28/2021 14:49,1.818255563,,41605,Swamp Timothy,low,0.5
{6ADF0816-3AD0-4C22-A4EC-EABC1FCF420A},35.73183509,-119.6212689,KRN,4A,4A-1,kathryn_heffernan@fws.gov_fws,7/28/2021 14:59,2.320273692,,NA,Other cover,NA,0.05
{6ADF0816-3AD0-4C22-A4EC-EABC1FCF420A},35.73183509,-119.6212689,KRN,4A,4A-1,kathryn_heffernan@fws.gov_fws,7/28/2021 14:59,2.320273692,,41605,Swamp Timothy,medium,0.2
{6ADF0816-3AD0-4C22-A4EC-EABC1FCF420A},35.73183509,-119.6212689,KRN,4A,4A-1,kathryn_heffernan@fws.gov_fws,7/28/2021 14:59,2.320273692,,41605,Swamp Timothy,high,0.75
{8053189A-674B-47D5-BEBB-0CE10DB3652D},35.73880444,-119.6220172,KRN,5A,5A-1,rebeca_becdach@fws.gov_fws,7/28/2021 15:14,4.79406981,,41605,Swamp Timothy,low,0.4
{8053189A-674B-47D5-BEBB-0CE10DB3652D},35.73880444,-119.6220172,KRN,5A,5A-1,rebeca_becdach@fws.gov_fws,7/28/2021 15:14,4.79406981,,NA,Other cover,NA,0.6
{34DBD271-D09B-4A61-B319-F346453132BF},35.7291522,-119.6175552,KRN,4A,4A-4,kathryn_heffernan@fws.gov_fws,7/28/2021 15:16,4.865127183,,41605,Swamp Timothy,low,0.05
{34DBD271-D09B-4A61-B319-F346453132BF},35.7291522,-119.6175552,KRN,4A,4A-4,kathryn_heffernan@fws.gov_fws,7/28/2021 15:16,4.865127183,,41605,Swamp Timothy,medium,0.2
{34DBD271-D09B-4A61-B319-F346453132BF},35.7291522,-119.6175552,KRN,4A,4A-4,kathryn_heffernan@fws.gov_fws,7/28/2021 15:16,4.865127183,,NA,Other cover,NA,0.25
{34DBD271-D09B-4A61-B319-F346453132BF},35.7291522,-119.6175552,KRN,4A,4A-4,kathryn_heffernan@fws.gov_fws,7/28/2021 15:16,4.865127183,,41605,Swamp Timothy,high,0.5
{AC411AAF-F24E-49D4-AD19-3677A2F99161},35.72801515,-119.6178773,KRN,4A,4A-4,kathryn_heffernan@fws.gov_fws,7/28/2021 15:25,4.284292628,,41605,Swamp Timothy,low,0.25
{AC411AAF-F24E-49D4-AD19-3677A2F99161},35.72801515,-119.6178773,KRN,4A,4A-4,kathryn_heffernan@fws.gov_fws,7/28/2021 15:25,4.284292628,,41605,Swamp Timothy,medium,0.35
{AC411AAF-F24E-49D4-AD19-3677A2F99161},35.72801515,-119.6178773,KRN,4A,4A-4,kathryn_heffernan@fws.gov_fws,7/28/2021 15:25,4.284292628,,NA,Other cover,NA,0.4
{D86D4EA2-7389-40B9-8C9C-EB92E1EAE4D1},35.72725235,-119.6163224,KRN,4A,4A-4,kathryn_heffernan@fws.gov_fws,7/28/2021 15:36,0.462964367,,NA,Other cover,NA,0.05
{D86D4EA2-7389-40B9-8C9C-EB92E1EAE4D1},35.72725235,-119.6163224,KRN,4A,4A-4,kathryn_heffernan@fws.gov_fws,7/28/2021 15:36,0.462964367,,41605,Swamp Timothy,medium,0.1
{D86D4EA2-7389-40B9-8C9C-EB92E1EAE4D1},35.72725235,-119.6163224,KRN,4A,4A-4,kathryn_heffernan@fws.gov_fws,7/28/2021 15:36,0.462964367,,41605,Swamp Timothy,high,0.85
{C65EC470-96C8-4A0D-BC64-881E55BB5106},35.73977317,-119.6192963,KRN,5A,5A-1,rebeca_becdach@fws.gov_fws,7/28/2021 15:48,1.253309126,,41605,Swamp Timothy,low,0.2
{C65EC470-96C8-4A0D-BC64-881E55BB5106},35.73977317,-119.6192963,KRN,5A,5A-1,rebeca_becdach@fws.gov_fws,7/28/2021 15:48,1.253309126,,NA,Other cover,NA,0.8
{41542180-F744-4CAC-A58E-A1F34657E970},35.72942927,-119.6138546,KRN,4A,4A-6,kathryn_heffernan@fws.gov_fws,7/28/2021 15:49,0.605090181,All mowed alkali bulrush and cocklebur no swamp Timothy seen,41605,Swamp Timothy,low,0.15
{41542180-F744-4CAC-A58E-A1F34657E970},35.72942927,-119.6138546,KRN,4A,4A-6,kathryn_heffernan@fws.gov_fws,7/28/2021 15:49,0.605090181,All mowed alkali bulrush and cocklebur no swamp Timothy seen,NA,Other cover,NA,0.85
{A0DCD444-8D75-444B-8F74-303DFC77FD5A},35.72988085,-119.6089253,KRN,4A,4A-6,therese_burns@fws.gov_fws,7/28/2021 16:11,2.245720886,,NA,Other cover,NA,0.3
{A0DCD444-8D75-444B-8F74-303DFC77FD5A},35.72988085,-119.6089253,KRN,4A,4A-6,therese_burns@fws.gov_fws,7/28/2021 16:11,2.245720886,,41605,Swamp Timothy,low,0.7
{94D486C5-894D-41B8-9721-B8FED6DD8ACC},35.74198017,-119.6219416,KRN,5B,5B-2,rebeca_becdach@fws.gov_fws,7/28/2021 16:29,3.437781722,,41605,Swamp Timothy,medium,0.1
{94D486C5-894D-41B8-9721-B8FED6DD8ACC},35.74198017,-119.6219416,KRN,5B,5B-2,rebeca_becdach@fws.gov_fws,7/28/2021 16:29,3.437781722,,41605,Swamp Timothy,low,0.15
{94D486C5-894D-41B8-9721-B8FED6DD8ACC},35.74198017,-119.6219416,KRN,5B,5B-2,rebeca_becdach@fws.gov_fws,7/28/2021 16:29,3.437781722,,NA,Other cover,NA,0.75
{50A62B15-0934-43CD-BC0F-52D02D724B55},35.73166893,-119.6102807,KRN,4A,4A-6,kathryn_heffernan@fws.gov_fws,7/28/2021 16:52,1.364339286,Over 100% since Timothy is growing among water grass ,NA,Other cover,NA,0.2
{50A62B15-0934-43CD-BC0F-52D02D724B55},35.73166893,-119.6102807,KRN,4A,4A-6,kathryn_heffernan@fws.gov_fws,7/28/2021 16:52,1.364339286,Over 100% since Timothy is growing among water grass ,41605,Swamp Timothy,low,0.4
{50A62B15-0934-43CD-BC0F-52D02D724B55},35.73166893,-119.6102807,KRN,4A,4A-6,kathryn_heffernan@fws.gov_fws,7/28/2021 16:52,1.364339286,Over 100% since Timothy is growing among water grass ,502210,Watergrass,high,0.6
{BE11D165-FBA3-49CA-A0C1-E09599EB1013},35.7419889,-119.6201942,KRN,5B,5B-3,rebeca_becdach@fws.gov_fws,7/28/2021 17:02,6.00989423,,41605,Swamp Timothy,medium,0.05
{BE11D165-FBA3-49CA-A0C1-E09599EB1013},35.7419889,-119.6201942,KRN,5B,5B-3,rebeca_becdach@fws.gov_fws,7/28/2021 17:02,6.00989423,,41605,Swamp Timothy,low,0.15
{BE11D165-FBA3-49CA-A0C1-E09599EB1013},35.7419889,-119.6201942,KRN,5B,5B-3,rebeca_becdach@fws.gov_fws,7/28/2021 17:02,6.00989423,,NA,Other cover,NA,0.8
{8131130E-6733-4F95-B889-D36C64E345AF},35.73176471,-119.6148902,KRN,4A,4A-3,kathryn_heffernan@fws.gov_fws,7/28/2021 17:06,1.158936765,,41605,Swamp Timothy,medium,0.1
{8131130E-6733-4F95-B889-D36C64E345AF},35.73176471,-119.6148902,KRN,4A,4A-3,kathryn_heffernan@fws.gov_fws,7/28/2021 17:06,1.158936765,,41605,Swamp Timothy,high,0.15
{8131130E-6733-4F95-B889-D36C64E345AF},35.73176471,-119.6148902,KRN,4A,4A-3,kathryn_heffernan@fws.gov_fws,7/28/2021 17:06,1.158936765,,NA,Other cover,NA,0.75
{861E5191-3119-44C2-985F-0D46BD192F7A},35.73151954,-119.6167446,KRN,4A,4A-3,kathryn_heffernan@fws.gov_fws,7/28/2021 17:15,2.08869835,,41605,Swamp Timothy,low,0.05
{861E5191-3119-44C2-985F-0D46BD192F7A},35.73151954,-119.6167446,KRN,4A,4A-3,kathryn_heffernan@fws.gov_fws,7/28/2021 17:15,2.08869835,,NA,Other cover,NA,0.3
{861E5191-3119-44C2-985F-0D46BD192F7A},35.73151954,-119.6167446,KRN,4A,4A-3,kathryn_heffernan@fws.gov_fws,7/28/2021 17:15,2.08869835,,41605,Swamp Timothy,high,0.65
{D8FA8AAC-5A60-4770-80AA-40429753C9B9},35.73147716,-119.6174338,KRN,4A,4A-3,kathryn_heffernan@fws.gov_fws,7/28/2021 17:28,0.759191835,,502210,Watergrass,low,0.05
{D8FA8AAC-5A60-4770-80AA-40429753C9B9},35.73147716,-119.6174338,KRN,4A,4A-3,kathryn_heffernan@fws.gov_fws,7/28/2021 17:28,0.759191835,,41605,Swamp Timothy,medium,0.1
{D8FA8AAC-5A60-4770-80AA-40429753C9B9},35.73147716,-119.6174338,KRN,4A,4A-3,kathryn_heffernan@fws.gov_fws,7/28/2021 17:28,0.759191835,,NA,Other cover,NA,0.4
{D8FA8AAC-5A60-4770-80AA-40429753C9B9},35.73147716,-119.6174338,KRN,4A,4A-3,kathryn_heffernan@fws.gov_fws,7/28/2021 17:28,0.759191835,,41605,Swamp Timothy,high,0.5
{8B85C883-F4D7-4B46-B0F4-886169117722},35.74487848,-119.6195134,KRN,5B,5B-1,rebeca_becdach@fws.gov_fws,7/28/2021 18:07,1.369521697,,41605,Swamp Timothy,low,0.4
{8B85C883-F4D7-4B46-B0F4-886169117722},35.74487848,-119.6195134,KRN,5B,5B-1,rebeca_becdach@fws.gov_fws,7/28/2021 18:07,1.369521697,,NA,Other cover,NA,0.6
{F9A81E7E-A704-4870-BAD3-F5A441D80D5E},35.75146652,-119.6124856,KRN,6A,6A-1,kathryn_heffernan@fws.gov_fws,7/28/2021 18:17,1.263893453,,41605,Swamp Timothy,medium,0.1
{F9A81E7E-A704-4870-BAD3-F5A441D80D5E},35.75146652,-119.6124856,KRN,6A,6A-1,kathryn_heffernan@fws.gov_fws,7/28/2021 18:17,1.263893453,,41605,Swamp Timothy,low,0.3
{F9A81E7E-A704-4870-BAD3-F5A441D80D5E},35.75146652,-119.6124856,KRN,6A,6A-1,kathryn_heffernan@fws.gov_fws,7/28/2021 18:17,1.263893453,,NA,Other cover,NA,0.6
{CE8480C8-BD1A-43A1-BAEC-189088A48743},35.74380652,-119.6216147,KRN,5B,5B-1,rebeca_becdach@fws.gov_fws,7/28/2021 18:23,3.426315672,,41605,Swamp Timothy,low,0.3
{CE8480C8-BD1A-43A1-BAEC-189088A48743},35.74380652,-119.6216147,KRN,5B,5B-1,rebeca_becdach@fws.gov_fws,7/28/2021 18:23,3.426315672,,NA,Other cover,NA,0.7
{2C979D58-CD28-4952-AB97-6F40F14CCFFB},35.74963798,-119.6147455,KRN,6A,6A-1,kathryn_heffernan@fws.gov_fws,7/28/2021 18:35,4.603295536,,NA,Other cover,NA,0.35
{2C979D58-CD28-4952-AB97-6F40F14CCFFB},35.74963798,-119.6147455,KRN,6A,6A-1,kathryn_heffernan@fws.gov_fws,7/28/2021 18:35,4.603295536,,41605,Swamp Timothy,low,0.65
{A9D2C132-4CC3-49E7-9378-17AD48BBCBD2},35.74803685,-119.6153302,KRN,6A,6A-1,kathryn_heffernan@fws.gov_fws,7/28/2021 18:44,2.489662573,,NA,Other cover,NA,0.25
{A9D2C132-4CC3-49E7-9378-17AD48BBCBD2},35.74803685,-119.6153302,KRN,6A,6A-1,kathryn_heffernan@fws.gov_fws,7/28/2021 18:44,2.489662573,,41605,Swamp Timothy,low,0.75
{37770FA8-8A36-49FA-B767-C8579DD35AF3},35.74588994,-119.6215178,KRN,5B,5B-1,rebeca_becdach@fws.gov_fws,7/28/2021 19:20,2.882742193,,41605,Swamp Timothy,low,0.35
{37770FA8-8A36-49FA-B767-C8579DD35AF3},35.74588994,-119.6215178,KRN,5B,5B-1,rebeca_becdach@fws.gov_fws,7/28/2021 19:20,2.882742193,,NA,Other cover,NA,0.65
{232DCAB8-F85C-44D1-8184-6DE8B47AA569},35.74896851,-119.6016017,KRN,6A,6A-5,kathryn_heffernan@fws.gov_fws,7/28/2021 19:32,3.461785875,,41605,Swamp Timothy,medium,0.1
{232DCAB8-F85C-44D1-8184-6DE8B47AA569},35.74896851,-119.6016017,KRN,6A,6A-5,kathryn_heffernan@fws.gov_fws,7/28/2021 19:32,3.461785875,,NA,Other cover,NA,0.4
{232DCAB8-F85C-44D1-8184-6DE8B47AA569},35.74896851,-119.6016017,KRN,6A,6A-5,kathryn_heffernan@fws.gov_fws,7/28/2021 19:32,3.461785875,,41605,Swamp Timothy,low,0.5
{57D30B92-F395-41BC-BCED-F3D62266F446},35.74768501,-119.6037288,KRN,6A,6A-5,kathryn_heffernan@fws.gov_fws,7/28/2021 19:42,0.312425573,,41605,Swamp Timothy,medium,0.1
{57D30B92-F395-41BC-BCED-F3D62266F446},35.74768501,-119.6037288,KRN,6A,6A-5,kathryn_heffernan@fws.gov_fws,7/28/2021 19:42,0.312425573,,41605,Swamp Timothy,low,0.4
{57D30B92-F395-41BC-BCED-F3D62266F446},35.74768501,-119.6037288,KRN,6A,6A-5,kathryn_heffernan@fws.gov_fws,7/28/2021 19:42,0.312425573,,NA,Other cover,NA,0.5
{D03B834F-7153-49E2-95C8-4C627738FF37},35.74569025,-119.616407,KRN,5B,5B-3,rebeca_becdach@fws.gov_fws,7/28/2021 19:42,1.980070288,,41605,Swamp Timothy,low,0.1
{D03B834F-7153-49E2-95C8-4C627738FF37},35.74569025,-119.616407,KRN,5B,5B-3,rebeca_becdach@fws.gov_fws,7/28/2021 19:42,1.980070288,,41605,Swamp Timothy,medium,0.35
{D03B834F-7153-49E2-95C8-4C627738FF37},35.74569025,-119.616407,KRN,5B,5B-3,rebeca_becdach@fws.gov_fws,7/28/2021 19:42,1.980070288,,NA,Other cover,NA,0.55
{88680A77-8C83-49EA-BD82-5DED0454FD73},35.7476513,-119.6054126,KRN,6A,6A-5,kathryn_heffernan@fws.gov_fws,7/28/2021 19:54,0.574294555,,41605,Swamp Timothy,low,0.4
{88680A77-8C83-49EA-BD82-5DED0454FD73},35.7476513,-119.6054126,KRN,6A,6A-5,kathryn_heffernan@fws.gov_fws,7/28/2021 19:54,0.574294555,,NA,Other cover,NA,0.6
{B31B1195-4A0D-4B45-B8CD-7B9615975719},35.74546655,-119.6175093,KRN,5B,5B-3,rebeca_becdach@fws.gov_fws,7/28/2021 19:54,2.153948468,,41605,Swamp Timothy,low,0.5
{B31B1195-4A0D-4B45-B8CD-7B9615975719},35.74546655,-119.6175093,KRN,5B,5B-3,rebeca_becdach@fws.gov_fws,7/28/2021 19:54,2.153948468,,NA,Other cover,NA,0.5
{978753B6-15A7-44A3-9FF7-DB68BF04FE61},35.74862758,-119.6058368,KRN,6A,6A-3,kathryn_heffernan@fws.gov_fws,7/28/2021 20:20,1.996904604,,NA,Other cover,NA,0.025
{978753B6-15A7-44A3-9FF7-DB68BF04FE61},35.74862758,-119.6058368,KRN,6A,6A-3,kathryn_heffernan@fws.gov_fws,7/28/2021 20:20,1.996904604,,41605,Swamp Timothy,medium,0.2
{978753B6-15A7-44A3-9FF7-DB68BF04FE61},35.74862758,-119.6058368,KRN,6A,6A-3,kathryn_heffernan@fws.gov_fws,7/28/2021 20:20,1.996904604,,41605,Swamp Timothy,low,0.8
{24F1F1A3-5976-4CBA-B9F5-F27502B37D52},35.74806749,-119.6081718,KRN,6A,6A-3,kathryn_heffernan@fws.gov_fws,7/28/2021 20:31,2.576489066,,NA,Other cover,NA,0.05
{24F1F1A3-5976-4CBA-B9F5-F27502B37D52},35.74806749,-119.6081718,KRN,6A,6A-3,kathryn_heffernan@fws.gov_fws,7/28/2021 20:31,2.576489066,,41605,Swamp Timothy,low,0.15
{24F1F1A3-5976-4CBA-B9F5-F27502B37D52},35.74806749,-119.6081718,KRN,6A,6A-3,kathryn_heffernan@fws.gov_fws,7/28/2021 20:31,2.576489066,,41605,Swamp Timothy,high,0.25
{24F1F1A3-5976-4CBA-B9F5-F27502B37D52},35.74806749,-119.6081718,KRN,6A,6A-3,kathryn_heffernan@fws.gov_fws,7/28/2021 20:31,2.576489066,,41605,Swamp Timothy,medium,0.55
{EB3DB04C-2753-40AB-A686-E089B8E11089},35.74705121,-119.6114033,KRN,6A,6A-2,kathryn_heffernan@fws.gov_fws,7/28/2021 20:45,0.84215114,,41605,Swamp Timothy,low,0.25
{EB3DB04C-2753-40AB-A686-E089B8E11089},35.74705121,-119.6114033,KRN,6A,6A-2,kathryn_heffernan@fws.gov_fws,7/28/2021 20:45,0.84215114,,NA,Other cover,NA,0.75
{C9E9AF9C-3556-491D-B020-7220630D6322},35.75023468,-119.6085594,KRN,6A,6A-3,kathryn_heffernan@fws.gov_fws,7/28/2021 21:03,1.10771463,,NA,Other cover,NA,0.05
{C9E9AF9C-3556-491D-B020-7220630D6322},35.75023468,-119.6085594,KRN,6A,6A-3,kathryn_heffernan@fws.gov_fws,7/28/2021 21:03,1.10771463,,41605,Swamp Timothy,low,0.25
{C9E9AF9C-3556-491D-B020-7220630D6322},35.75023468,-119.6085594,KRN,6A,6A-3,kathryn_heffernan@fws.gov_fws,7/28/2021 21:03,1.10771463,,41605,Swamp Timothy,medium,0.7
{38E52D1D-6D6F-4DDF-B081-EEA415E8BE39},35.75015761,-119.6106904,KRN,6A,6A-2,therese_burns@fws.gov_fws,7/28/2021 21:15,4.804377979,,NA,Other cover,NA,0.3
{38E52D1D-6D6F-4DDF-B081-EEA415E8BE39},35.75015761,-119.6106904,KRN,6A,6A-2,therese_burns@fws.gov_fws,7/28/2021 21:15,4.804377979,,41605,Swamp Timothy,low,0.7
{63FB5114-F01B-478F-B159-7F5A93594EBF},35.75116675,-119.6109802,KRN,6A,6A-2,kathryn_heffernan@fws.gov_fws,7/28/2021 21:15,1.256479221,,NA,Other cover,NA,0.35
{63FB5114-F01B-478F-B159-7F5A93594EBF},35.75116675,-119.6109802,KRN,6A,6A-2,kathryn_heffernan@fws.gov_fws,7/28/2021 21:15,1.256479221,,41605,Swamp Timothy,low,0.65
{B44761E9-CE2B-43A1-9132-8FD4175E8B70},35.75256399,-119.6095663,KRN,6A,6A-2,kathryn_heffernan@fws.gov_fws,7/28/2021 21:27,1.918455616,,41605,Swamp Timothy,medium,0.1
{B44761E9-CE2B-43A1-9132-8FD4175E8B70},35.75256399,-119.6095663,KRN,6A,6A-2,kathryn_heffernan@fws.gov_fws,7/28/2021 21:27,1.918455616,,NA,Other cover,NA,0.15
{B44761E9-CE2B-43A1-9132-8FD4175E8B70},35.75256399,-119.6095663,KRN,6A,6A-2,kathryn_heffernan@fws.gov_fws,7/28/2021 21:27,1.918455616,,41605,Swamp Timothy,low,0.75
{913716D0-3F8A-4CA3-9DA7-23265D25711A},35.75010466,-119.6012127,KRN,6A,6A-4,kathryn_heffernan@fws.gov_fws,7/29/2021 13:29,1.498281387,,41605,Swamp Timothy,medium,0.05
{913716D0-3F8A-4CA3-9DA7-23265D25711A},35.75010466,-119.6012127,KRN,6A,6A-4,kathryn_heffernan@fws.gov_fws,7/29/2021 13:29,1.498281387,,NA,Other cover,NA,0.25
{913716D0-3F8A-4CA3-9DA7-23265D25711A},35.75010466,-119.6012127,KRN,6A,6A-4,kathryn_heffernan@fws.gov_fws,7/29/2021 13:29,1.498281387,,41605,Swamp Timothy,low,0.7
{F6C68617-3079-4C7E-8DAC-87677AABD84B},35.75075954,-119.6032095,KRN,6A,6A-4,kathryn_heffernan@fws.gov_fws,7/29/2021 13:38,0.908261908,,41605,Swamp Timothy,medium,0.1
{F6C68617-3079-4C7E-8DAC-87677AABD84B},35.75075954,-119.6032095,KRN,6A,6A-4,kathryn_heffernan@fws.gov_fws,7/29/2021 13:38,0.908261908,,NA,Other cover,NA,0.35
{F6C68617-3079-4C7E-8DAC-87677AABD84B},35.75075954,-119.6032095,KRN,6A,6A-4,kathryn_heffernan@fws.gov_fws,7/29/2021 13:38,0.908261908,,41605,Swamp Timothy,low,0.55
{8FC4485C-5EF7-44D9-9D0B-549066683A69},35.75063687,-119.6043864,KRN,6A,6A-4,kathryn_heffernan@fws.gov_fws,7/29/2021 13:49,0.336610698,,41605,Swamp Timothy,medium,0.1
{8FC4485C-5EF7-44D9-9D0B-549066683A69},35.75063687,-119.6043864,KRN,6A,6A-4,kathryn_heffernan@fws.gov_fws,7/29/2021 13:49,0.336610698,,NA,Other cover,NA,0.35
{8FC4485C-5EF7-44D9-9D0B-549066683A69},35.75063687,-119.6043864,KRN,6A,6A-4,kathryn_heffernan@fws.gov_fws,7/29/2021 13:49,0.336610698,,41605,Swamp Timothy,low,0.55
{C7039ECF-7195-4EE9-880C-75B4FB97E08E},35.74432087,-119.6060092,KRN,5B,5B-8,kathryn_heffernan@fws.gov_fws,7/29/2021 14:00,0.546345122,,NA,Other cover,NA,0.1
{C7039ECF-7195-4EE9-880C-75B4FB97E08E},35.74432087,-119.6060092,KRN,5B,5B-8,kathryn_heffernan@fws.gov_fws,7/29/2021 14:00,0.546345122,,41605,Swamp Timothy,low,0.15
{C7039ECF-7195-4EE9-880C-75B4FB97E08E},35.74432087,-119.6060092,KRN,5B,5B-8,kathryn_heffernan@fws.gov_fws,7/29/2021 14:00,0.546345122,,41605,Swamp Timothy,high,0.15
{C7039ECF-7195-4EE9-880C-75B4FB97E08E},35.74432087,-119.6060092,KRN,5B,5B-8,kathryn_heffernan@fws.gov_fws,7/29/2021 14:00,0.546345122,,41605,Swamp Timothy,medium,0.6
{9AC78833-361B-4D12-B471-8B743587784F},35.7440675,-119.6069758,KRN,5B,5B-8,kathryn_heffernan@fws.gov_fws,7/29/2021 14:11,0.717513568,,41605,Swamp Timothy,low,0.1
{9AC78833-361B-4D12-B471-8B743587784F},35.7440675,-119.6069758,KRN,5B,5B-8,kathryn_heffernan@fws.gov_fws,7/29/2021 14:11,0.717513568,,NA,Other cover,NA,0.1
{9AC78833-361B-4D12-B471-8B743587784F},35.7440675,-119.6069758,KRN,5B,5B-8,kathryn_heffernan@fws.gov_fws,7/29/2021 14:11,0.717513568,,41605,Swamp Timothy,medium,0.2
{9AC78833-361B-4D12-B471-8B743587784F},35.7440675,-119.6069758,KRN,5B,5B-8,kathryn_heffernan@fws.gov_fws,7/29/2021 14:11,0.717513568,,41605,Swamp Timothy,high,0.6
{C57CAEBC-BC66-4C2A-96E2-2E33131BFD8B},35.74136389,-119.6071204,KRN,5B,5B-8,kathryn_heffernan@fws.gov_fws,7/29/2021 14:23,2.1435496,,NA,Other cover,NA,0.025
{C57CAEBC-BC66-4C2A-96E2-2E33131BFD8B},35.74136389,-119.6071204,KRN,5B,5B-8,kathryn_heffernan@fws.gov_fws,7/29/2021 14:23,2.1435496,,41605,Swamp Timothy,low,0.15
{C57CAEBC-BC66-4C2A-96E2-2E33131BFD8B},35.74136389,-119.6071204,KRN,5B,5B-8,kathryn_heffernan@fws.gov_fws,7/29/2021 14:23,2.1435496,,41605,Swamp Timothy,medium,0.85
{9272D54E-3A80-4B36-B3E0-B0A93B99D741},35.73935831,-119.6104681,KRN,5B,5B-7,kathryn_heffernan@fws.gov_fws,7/29/2021 14:38,0.37420709,,41605,Swamp Timothy,low,0.15
{9272D54E-3A80-4B36-B3E0-B0A93B99D741},35.73935831,-119.6104681,KRN,5B,5B-7,kathryn_heffernan@fws.gov_fws,7/29/2021 14:38,0.37420709,,41605,Swamp Timothy,medium,0.15
{9272D54E-3A80-4B36-B3E0-B0A93B99D741},35.73935831,-119.6104681,KRN,5B,5B-7,kathryn_heffernan@fws.gov_fws,7/29/2021 14:38,0.37420709,,41605,Swamp Timothy,high,0.35
{9272D54E-3A80-4B36-B3E0-B0A93B99D741},35.73935831,-119.6104681,KRN,5B,5B-7,kathryn_heffernan@fws.gov_fws,7/29/2021 14:38,0.37420709,,NA,Other cover,NA,0.35
{F850EB3E-BBED-4118-BD88-1DE42A28B919},35.74108007,-119.6110798,KRN,5B,5B-7,kathryn_heffernan@fws.gov_fws,7/29/2021 14:49,0.99298809,,NA,Other cover,NA,0.05
{F850EB3E-BBED-4118-BD88-1DE42A28B919},35.74108007,-119.6110798,KRN,5B,5B-7,kathryn_heffernan@fws.gov_fws,7/29/2021 14:49,0.99298809,,41605,Swamp Timothy,low,0.2
{F850EB3E-BBED-4118-BD88-1DE42A28B919},35.74108007,-119.6110798,KRN,5B,5B-7,kathryn_heffernan@fws.gov_fws,7/29/2021 14:49,0.99298809,,41605,Swamp Timothy,medium,0.35
{F850EB3E-BBED-4118-BD88-1DE42A28B919},35.74108007,-119.6110798,KRN,5B,5B-7,kathryn_heffernan@fws.gov_fws,7/29/2021 14:49,0.99298809,,41605,Swamp Timothy,high,0.4
{B65F872B-929A-469A-A618-BFFD6DF8A784},35.74299627,-119.6103054,KRN,5B,5B-7,kathryn_heffernan@fws.gov_fws,7/29/2021 15:00,1.546996942,,41605,Swamp Timothy,low,0.1
{B65F872B-929A-469A-A618-BFFD6DF8A784},35.74299627,-119.6103054,KRN,5B,5B-7,kathryn_heffernan@fws.gov_fws,7/29/2021 15:00,1.546996942,,41605,Swamp Timothy,medium,0.1
{B65F872B-929A-469A-A618-BFFD6DF8A784},35.74299627,-119.6103054,KRN,5B,5B-7,kathryn_heffernan@fws.gov_fws,7/29/2021 15:00,1.546996942,,41605,Swamp Timothy,high,0.4
{B65F872B-929A-469A-A618-BFFD6DF8A784},35.74299627,-119.6103054,KRN,5B,5B-7,kathryn_heffernan@fws.gov_fws,7/29/2021 15:00,1.546996942,,NA,Other cover,NA,0.4
{17ECE160-F38F-49C0-85B8-2EA00046C806},35.74418659,-119.6169659,KRN,5B,5B-3,kathryn_heffernan@fws.gov_fws,7/29/2021 15:27,7.909518118,,41605,Swamp Timothy,medium,0.45
{17ECE160-F38F-49C0-85B8-2EA00046C806},35.74418659,-119.6169659,KRN,5B,5B-3,kathryn_heffernan@fws.gov_fws,7/29/2021 15:27,7.909518118,,NA,Other cover,NA,0.55
{C411F21A-DA05-4011-9A52-5284BE7A91E5},35.90739135,-119.380512,PIX,9B,,kathryn_heffernan@fws.gov_fws,7/29/2021 16:44,0.9062672,,NA,Other cover,NA,0.15
{C411F21A-DA05-4011-9A52-5284BE7A91E5},35.90739135,-119.380512,PIX,9B,,kathryn_heffernan@fws.gov_fws,7/29/2021 16:44,0.9062672,,41605,Swamp Timothy,low,0.3
{C411F21A-DA05-4011-9A52-5284BE7A91E5},35.90739135,-119.380512,PIX,9B,,kathryn_heffernan@fws.gov_fws,7/29/2021 16:44,0.9062672,,41605,Swamp Timothy,medium,0.55
{17746FB1-B0AD-4EDD-8C9B-5E597677E455},35.91008141,-119.3829172,PIX,9B,,kathryn_heffernan@fws.gov_fws,7/29/2021 16:56,2.215510974,,NA,Other cover,NA,0.15
{17746FB1-B0AD-4EDD-8C9B-5E597677E455},35.91008141,-119.3829172,PIX,9B,,kathryn_heffernan@fws.gov_fws,7/29/2021 16:56,2.215510974,,41605,Swamp Timothy,medium,0.4
{17746FB1-B0AD-4EDD-8C9B-5E597677E455},35.91008141,-119.3829172,PIX,9B,,kathryn_heffernan@fws.gov_fws,7/29/2021 16:56,2.215510974,,41605,Swamp Timothy,low,0.45
{FF757EC7-5CEE-4037-8109-23BA1AE25D53},35.90877737,-119.3844987,PIX,8B,,kathryn_heffernan@fws.gov_fws,7/29/2021 17:09,2.817653482,,NA,Other cover,NA,0.25
{FF757EC7-5CEE-4037-8109-23BA1AE25D53},35.90877737,-119.3844987,PIX,8B,,kathryn_heffernan@fws.gov_fws,7/29/2021 17:09,2.817653482,,41605,Swamp Timothy,low,0.75
{66E76DE3-EAD0-40CA-89F1-23D768386A72},35.90879649,-119.3828307,PIX,9B,,kathryn_heffernan@fws.gov_fws,7/29/2021 17:15,2.594277612,,NA,Other cover,NA,0.15
{66E76DE3-EAD0-40CA-89F1-23D768386A72},35.90879649,-119.3828307,PIX,9B,,kathryn_heffernan@fws.gov_fws,7/29/2021 17:15,2.594277612,,41605,Swamp Timothy,low,0.85
{56AAB7AB-03CB-48DD-88B1-0C999BEAFC0B},35.90684306,-119.3849288,PIX,8B,,kathryn_heffernan@fws.gov_fws,7/29/2021 17:30,2.49016762,,41605,Swamp Timothy,low,0.4
{56AAB7AB-03CB-48DD-88B1-0C999BEAFC0B},35.90684306,-119.3849288,PIX,8B,,kathryn_heffernan@fws.gov_fws,7/29/2021 17:30,2.49016762,,NA,Other cover,NA,0.6
{F32898DD-45FC-423A-9066-450FD3C8040C},35.90970925,-119.3887862,PIX,8B,,kathryn_heffernan@fws.gov_fws,7/29/2021 18:02,0.567067252,,41605,Swamp Timothy,low,0.1
{F32898DD-45FC-423A-9066-450FD3C8040C},35.90970925,-119.3887862,PIX,8B,,kathryn_heffernan@fws.gov_fws,7/29/2021 18:02,0.567067252,,NA,Other cover,NA,0.9
{AA46E909-B57B-46C6-9E54-554573D840D6},35.91098147,-119.3884891,PIX,8A,,kathryn_heffernan@fws.gov_fws,7/29/2021 18:15,2.366403603,,41605,Swamp Timothy,low,0.3
{AA46E909-B57B-46C6-9E54-554573D840D6},35.91098147,-119.3884891,PIX,8A,,kathryn_heffernan@fws.gov_fws,7/29/2021 18:15,2.366403603,,NA,Other cover,NA,0.7
{1A29554A-AE5F-4862-A0B8-86894899B398},35.91060966,-119.3870032,PIX,8B,,kathryn_heffernan@fws.gov_fws,7/29/2021 18:20,1.480177477,,41605,Swamp Timothy,low,0.05
{1A29554A-AE5F-4862-A0B8-86894899B398},35.91060966,-119.3870032,PIX,8B,,kathryn_heffernan@fws.gov_fws,7/29/2021 18:20,1.480177477,,NA,Other cover,NA,0.95
{C5D36AFE-4C6F-4D66-BA01-456689062D58},35.91151754,-119.3824353,PIX,9A,,kathryn_heffernan@fws.gov_fws,7/29/2021 18:46,3.353244675,,41605,Swamp Timothy,medium,0.1
{C5D36AFE-4C6F-4D66-BA01-456689062D58},35.91151754,-119.3824353,PIX,9A,,kathryn_heffernan@fws.gov_fws,7/29/2021 18:46,3.353244675,,41605,Swamp Timothy,low,0.25
{C5D36AFE-4C6F-4D66-BA01-456689062D58},35.91151754,-119.3824353,PIX,9A,,kathryn_heffernan@fws.gov_fws,7/29/2021 18:46,3.353244675,,NA,Other cover,NA,0.65
{258F0328-9417-4FA2-9C3C-B22470851D0E},35.91278109,-119.3835959,PIX,9A,,kathryn_heffernan@fws.gov_fws,7/29/2021 18:56,2.179727587,,41605,Swamp Timothy,medium,0.1
{258F0328-9417-4FA2-9C3C-B22470851D0E},35.91278109,-119.3835959,PIX,9A,,kathryn_heffernan@fws.gov_fws,7/29/2021 18:56,2.179727587,,NA,Other cover,NA,0.3
{258F0328-9417-4FA2-9C3C-B22470851D0E},35.91278109,-119.3835959,PIX,9A,,kathryn_heffernan@fws.gov_fws,7/29/2021 18:56,2.179727587,,41605,Swamp Timothy,low,0.6
{0EDAF052-BE27-443C-AAD1-E2EE7C83EE60},35.91178005,-119.3856937,PIX,9A,,therese_burns@fws.gov_fws,7/29/2021 19:08,2.914618271,,NA,Other cover,NA,0.45
{0EDAF052-BE27-443C-AAD1-E2EE7C83EE60},35.91178005,-119.3856937,PIX,9A,,therese_burns@fws.gov_fws,7/29/2021 19:08,2.914618271,,41605,Swamp Timothy,low,0.55
{37144240-17E6-4786-BBC9-06E183213E82},35.91283405,-119.3888368,PIX,8A,,kathryn_heffernan@fws.gov_fws,7/29/2021 19:35,1.160173012,,41605,Swamp Timothy,medium,0.1
{37144240-17E6-4786-BBC9-06E183213E82},35.91283405,-119.3888368,PIX,8A,,kathryn_heffernan@fws.gov_fws,7/29/2021 19:35,1.160173012,,41605,Swamp Timothy,low,0.2
{37144240-17E6-4786-BBC9-06E183213E82},35.91283405,-119.3888368,PIX,8A,,kathryn_heffernan@fws.gov_fws,7/29/2021 19:35,1.160173012,,NA,Other cover,NA,0.7
{53EEEB3E-7AAD-4E81-8BB8-4BF6C4ADA784},35.91209157,-119.4017949,PIX,6,,kathryn_heffernan@fws.gov_fws,7/29/2021 19:45,3.921458456,,41605,Swamp Timothy,low,0.4
{53EEEB3E-7AAD-4E81-8BB8-4BF6C4ADA784},35.91209157,-119.4017949,PIX,6,,kathryn_heffernan@fws.gov_fws,7/29/2021 19:45,3.921458456,,NA,Other cover,NA,0.6
{337173B3-C2CC-4B62-A17D-BD1362164936},35.91105696,-119.3990171,PIX,6,,kathryn_heffernan@fws.gov_fws,7/29/2021 20:06,2.800981523,,NA,Other cover,NA,0.45
{337173B3-C2CC-4B62-A17D-BD1362164936},35.91105696,-119.3990171,PIX,6,,kathryn_heffernan@fws.gov_fws,7/29/2021 20:06,2.800981523,,41605,Swamp Timothy,low,0.55
{6AE6AFED-ECC9-4525-8B7B-C787847F2572},35.9099744,-119.3988124,PIX,6,,kathryn_heffernan@fws.gov_fws,7/29/2021 20:11,1.396995855,,41605,Swamp Timothy,low,0.1
{6AE6AFED-ECC9-4525-8B7B-C787847F2572},35.9099744,-119.3988124,PIX,6,,kathryn_heffernan@fws.gov_fws,7/29/2021 20:11,1.396995855,,NA,Other cover,NA,0.9
{E65E7B3E-DC98-42FE-A0EC-923CE98B3BAA},35.91364308,-119.3958352,PIX,2A,,kathryn_heffernan@fws.gov_fws,7/29/2021 20:30,0.408730795,,502210,Watergrass,high,0.1
{E65E7B3E-DC98-42FE-A0EC-923CE98B3BAA},35.91364308,-119.3958352,PIX,2A,,kathryn_heffernan@fws.gov_fws,7/29/2021 20:30,0.408730795,,NA,Other cover,NA,0.2
{E65E7B3E-DC98-42FE-A0EC-923CE98B3BAA},35.91364308,-119.3958352,PIX,2A,,kathryn_heffernan@fws.gov_fws,7/29/2021 20:30,0.408730795,,41605,Swamp Timothy,low,0.3
{E65E7B3E-DC98-42FE-A0EC-923CE98B3BAA},35.91364308,-119.3958352,PIX,2A,,kathryn_heffernan@fws.gov_fws,7/29/2021 20:30,0.408730795,,41605,Swamp Timothy,medium,0.4
{45910B40-C568-4120-BE45-2C3CFF9DB723},35.91386623,-119.3902287,PIX,3,,kathryn_heffernan@fws.gov_fws,7/29/2021 20:42,1.066796747,,NA,Other cover,NA,0.05
{45910B40-C568-4120-BE45-2C3CFF9DB723},35.91386623,-119.3902287,PIX,3,,kathryn_heffernan@fws.gov_fws,7/29/2021 20:42,1.066796747,,41605,Swamp Timothy,low,0.95
{3A6854E5-EBD3-4EDF-90A0-814D9BA1E9B2},35.9159217,-119.4062225,PIX,1,,therese_burns@fws.gov_fws,7/29/2021 21:00,24.60555456,,41605,Swamp Timothy,high,0.025
{3A6854E5-EBD3-4EDF-90A0-814D9BA1E9B2},35.9159217,-119.4062225,PIX,1,,therese_burns@fws.gov_fws,7/29/2021 21:00,24.60555456,,41605,Swamp Timothy,low,0.05
{3A6854E5-EBD3-4EDF-90A0-814D9BA1E9B2},35.9159217,-119.4062225,PIX,1,,therese_burns@fws.gov_fws,7/29/2021 21:00,24.60555456,,41605,Swamp Timothy,medium,0.3
{3A6854E5-EBD3-4EDF-90A0-814D9BA1E9B2},35.9159217,-119.4062225,PIX,1,,therese_burns@fws.gov_fws,7/29/2021 21:00,24.60555456,,NA,Other cover,NA,0.6
{BC91CED5-840F-43DC-8DE7-90DDEE84E111},35.9159217,-119.4062225,PIX,1,,therese_burns@fws.gov_fws,7/29/2021 21:00,24.60555456,,41605,Swamp Timothy,low,0.15
{BC91CED5-840F-43DC-8DE7-90DDEE84E111},35.9159217,-119.4062225,PIX,1,,therese_burns@fws.gov_fws,7/29/2021 21:00,24.60555456,,NA,Other cover,NA,0.25
{BC91CED5-840F-43DC-8DE7-90DDEE84E111},35.9159217,-119.4062225,PIX,1,,therese_burns@fws.gov_fws,7/29/2021 21:00,24.60555456,,41605,Swamp Timothy,medium,0.6
{D6E14965-F950-4CF5-A497-24E2BE5D5C71},35.9159217,-119.4062225,PIX,1,,therese_burns@fws.gov_fws,7/29/2021 21:00,24.60555456,,41605,Swamp Timothy,high,0.1
{D6E14965-F950-4CF5-A497-24E2BE5D5C71},35.9159217,-119.4062225,PIX,1,,therese_burns@fws.gov_fws,7/29/2021 21:00,24.60555456,,41605,Swamp Timothy,low,0.15
{D6E14965-F950-4CF5-A497-24E2BE5D5C71},35.9159217,-119.4062225,PIX,1,,therese_burns@fws.gov_fws,7/29/2021 21:00,24.60555456,,NA,Other cover,NA,0.25
{D6E14965-F950-4CF5-A497-24E2BE5D5C71},35.9159217,-119.4062225,PIX,1,,therese_burns@fws.gov_fws,7/29/2021 21:00,24.60555456,,41605,Swamp Timothy,medium,0.5
{98DEB847-BBAF-4B51-8B85-B593CE048264},35.91991828,-119.409697,PIX,1,,rebeca_becdach@fws.gov_fws,7/29/2021 21:23,2.421812442,,41605,Swamp Timothy,high,0.05
{98DEB847-BBAF-4B51-8B85-B593CE048264},35.91991828,-119.409697,PIX,1,,rebeca_becdach@fws.gov_fws,7/29/2021 21:23,2.421812442,,41605,Swamp Timothy,medium,0.3
{98DEB847-BBAF-4B51-8B85-B593CE048264},35.91991828,-119.409697,PIX,1,,rebeca_becdach@fws.gov_fws,7/29/2021 21:23,2.421812442,,NA,Other cover,NA,0.3
{98DEB847-BBAF-4B51-8B85-B593CE048264},35.91991828,-119.409697,PIX,1,,rebeca_becdach@fws.gov_fws,7/29/2021 21:23,2.421812442,,41605,Swamp Timothy,low,0.35
{AC104129-E500-40EA-9A64-75461D093AF8},35.91465735,-119.4027234,PIX,1,,rebeca_becdach@fws.gov_fws,7/29/2021 21:40,1.402150815,,41605,Swamp Timothy,low,0.25
{AC104129-E500-40EA-9A64-75461D093AF8},35.91465735,-119.4027234,PIX,1,,rebeca_becdach@fws.gov_fws,7/29/2021 21:40,1.402150815,,NA,Other cover,NA,0.75
{43322E8E-D9FB-422C-9DA2-5F3D993DFEAA},35.91738728,-119.384155,PIX,4,,rebeca_becdach@fws.gov_fws,8/2/2021 14:05,3.901564563,,502210,Watergrass,low,0.01
{43322E8E-D9FB-422C-9DA2-5F3D993DFEAA},35.91738728,-119.384155,PIX,4,,rebeca_becdach@fws.gov_fws,8/2/2021 14:05,3.901564563,,502210,Watergrass,high,0.15
{43322E8E-D9FB-422C-9DA2-5F3D993DFEAA},35.91738728,-119.384155,PIX,4,,rebeca_becdach@fws.gov_fws,8/2/2021 14:05,3.901564563,,NA,Other cover,NA,0.4
{43322E8E-D9FB-422C-9DA2-5F3D993DFEAA},35.91738728,-119.384155,PIX,4,,rebeca_becdach@fws.gov_fws,8/2/2021 14:05,3.901564563,,41605,Swamp Timothy,low,0.6
{B937F085-CB1E-4EBF-A2EE-666038190867},35.92011052,-119.3858069,PIX,4,,kathryn_heffernan@fws.gov_fws,8/2/2021 14:29,1.564569341,,NA,Other cover,NA,0.15
{B937F085-CB1E-4EBF-A2EE-666038190867},35.92011052,-119.3858069,PIX,4,,kathryn_heffernan@fws.gov_fws,8/2/2021 14:29,1.564569341,,502210,Watergrass,high,0.2
{B937F085-CB1E-4EBF-A2EE-666038190867},35.92011052,-119.3858069,PIX,4,,kathryn_heffernan@fws.gov_fws,8/2/2021 14:29,1.564569341,,41605,Swamp Timothy,low,0.85
{018DA80C-B47D-48FF-A323-9DDB15CE591F},35.91772297,-119.3868338,PIX,4A,,kathryn_heffernan@fws.gov_fws,8/2/2021 14:41,2.784456938,,NA,Other cover,NA,0.15
{018DA80C-B47D-48FF-A323-9DDB15CE591F},35.91772297,-119.3868338,PIX,4A,,kathryn_heffernan@fws.gov_fws,8/2/2021 14:41,2.784456938,,41605,Swamp Timothy,low,0.85
{84D08AB7-1EF6-4EAD-88C8-0AF524632783},35.91640392,-119.3855751,PIX,4,,kathryn_heffernan@fws.gov_fws,8/2/2021 14:52,1.34591935,,502210,Watergrass,medium,0.025
{84D08AB7-1EF6-4EAD-88C8-0AF524632783},35.91640392,-119.3855751,PIX,4,,kathryn_heffernan@fws.gov_fws,8/2/2021 14:52,1.34591935,,502210,Watergrass,low,0.025
{84D08AB7-1EF6-4EAD-88C8-0AF524632783},35.91640392,-119.3855751,PIX,4,,kathryn_heffernan@fws.gov_fws,8/2/2021 14:52,1.34591935,,NA,Other cover,NA,0.05
{84D08AB7-1EF6-4EAD-88C8-0AF524632783},35.91640392,-119.3855751,PIX,4,,kathryn_heffernan@fws.gov_fws,8/2/2021 14:52,1.34591935,,502210,Watergrass,high,0.15
{84D08AB7-1EF6-4EAD-88C8-0AF524632783},35.91640392,-119.3855751,PIX,4,,kathryn_heffernan@fws.gov_fws,8/2/2021 14:52,1.34591935,,41605,Swamp Timothy,medium,0.3
{84D08AB7-1EF6-4EAD-88C8-0AF524632783},35.91640392,-119.3855751,PIX,4,,kathryn_heffernan@fws.gov_fws,8/2/2021 14:52,1.34591935,,41605,Swamp Timothy,low,0.45
{047DB317-57EE-449E-A9E9-0B1E9FD5E896},35.91424025,-119.3859028,PIX,4A,,kathryn_heffernan@fws.gov_fws,8/2/2021 15:12,1.099342232,,41605,Swamp Timothy,high,0.1
{047DB317-57EE-449E-A9E9-0B1E9FD5E896},35.91424025,-119.3859028,PIX,4A,,kathryn_heffernan@fws.gov_fws,8/2/2021 15:12,1.099342232,,NA,Other cover,NA,0.1
{047DB317-57EE-449E-A9E9-0B1E9FD5E896},35.91424025,-119.3859028,PIX,4A,,kathryn_heffernan@fws.gov_fws,8/2/2021 15:12,1.099342232,,502210,Watergrass,high,0.15
{047DB317-57EE-449E-A9E9-0B1E9FD5E896},35.91424025,-119.3859028,PIX,4A,,kathryn_heffernan@fws.gov_fws,8/2/2021 15:12,1.099342232,,41605,Swamp Timothy,medium,0.2
{047DB317-57EE-449E-A9E9-0B1E9FD5E896},35.91424025,-119.3859028,PIX,4A,,kathryn_heffernan@fws.gov_fws,8/2/2021 15:12,1.099342232,,41605,Swamp Timothy,low,0.45
{9E2A1A9D-D4C7-40D0-B5E3-2E536A65F560},35.92001092,-119.3884396,PIX,4A,,kathryn_heffernan@fws.gov_fws,8/2/2021 16:01,2.209174741,,41605,Swamp Timothy,medium,0.05
{9E2A1A9D-D4C7-40D0-B5E3-2E536A65F560},35.92001092,-119.3884396,PIX,4A,,kathryn_heffernan@fws.gov_fws,8/2/2021 16:01,2.209174741,,NA,Other cover,NA,0.15
{9E2A1A9D-D4C7-40D0-B5E3-2E536A65F560},35.92001092,-119.3884396,PIX,4A,,kathryn_heffernan@fws.gov_fws,8/2/2021 16:01,2.209174741,,502210,Watergrass,medium,0.2
{9E2A1A9D-D4C7-40D0-B5E3-2E536A65F560},35.92001092,-119.3884396,PIX,4A,,kathryn_heffernan@fws.gov_fws,8/2/2021 16:01,2.209174741,,41605,Swamp Timothy,low,0.4
{9E2A1A9D-D4C7-40D0-B5E3-2E536A65F560},35.92001092,-119.3884396,PIX,4A,,kathryn_heffernan@fws.gov_fws,8/2/2021 16:01,2.209174741,,502210,Watergrass,high,0.5
{7D5BC6F4-3A58-4627-A414-D5E9CA9FCB48},35.91996118,-119.3910862,PIX,3A,,kathryn_heffernan@fws.gov_fws,8/2/2021 16:22,2.461411048,,NA,Other cover,NA,0.1
{7D5BC6F4-3A58-4627-A414-D5E9CA9FCB48},35.91996118,-119.3910862,PIX,3A,,kathryn_heffernan@fws.gov_fws,8/2/2021 16:22,2.461411048,,502210,Watergrass,medium,0.25
{7D5BC6F4-3A58-4627-A414-D5E9CA9FCB48},35.91996118,-119.3910862,PIX,3A,,kathryn_heffernan@fws.gov_fws,8/2/2021 16:22,2.461411048,,41605,Swamp Timothy,low,0.75
{875B5CBE-DB96-4A44-9E1F-91AA493547D5},35.91945435,-119.3965975,PIX,3A,,rebeca_becdach@fws.gov_fws,8/2/2021 16:39,1.816234371,,502210,Watergrass,low,0.1
{875B5CBE-DB96-4A44-9E1F-91AA493547D5},35.91945435,-119.3965975,PIX,3A,,rebeca_becdach@fws.gov_fws,8/2/2021 16:39,1.816234371,,NA,Other cover,NA,0.15
{875B5CBE-DB96-4A44-9E1F-91AA493547D5},35.91945435,-119.3965975,PIX,3A,,rebeca_becdach@fws.gov_fws,8/2/2021 16:39,1.816234371,,41605,Swamp Timothy,low,0.75
{39751B43-A0E0-4588-BC45-68242520CCA9},35.92018644,-119.3991522,PIX,2,,rebeca_becdach@fws.gov_fws,8/2/2021 16:54,1.198919302,,502210,Watergrass,medium,0.05
{39751B43-A0E0-4588-BC45-68242520CCA9},35.92018644,-119.3991522,PIX,2,,rebeca_becdach@fws.gov_fws,8/2/2021 16:54,1.198919302,,NA,Other cover,NA,0.4
{39751B43-A0E0-4588-BC45-68242520CCA9},35.92018644,-119.3991522,PIX,2,,rebeca_becdach@fws.gov_fws,8/2/2021 16:54,1.198919302,,41605,Swamp Timothy,low,0.55
{46DE011E-6DEC-497E-8A86-01C9ADDEF2E4},35.91609352,-119.3907648,PIX,3,,rebeca_becdach@fws.gov_fws,8/2/2021 17:12,1.820992086,,502210,Watergrass,high,0.2
{46DE011E-6DEC-497E-8A86-01C9ADDEF2E4},35.91609352,-119.3907648,PIX,3,,rebeca_becdach@fws.gov_fws,8/2/2021 17:12,1.820992086,,NA,Other cover,NA,0.8
{6520CC6B-3A79-4F3C-A139-D620F6E129FB},35.91776496,-119.3919046,PIX,3A,,rebeca_becdach@fws.gov_fws,8/2/2021 17:24,2.954605063,,41605,Swamp Timothy,low,0.3
{6520CC6B-3A79-4F3C-A139-D620F6E129FB},35.91776496,-119.3919046,PIX,3A,,rebeca_becdach@fws.gov_fws,8/2/2021 17:24,2.954605063,,502210,Watergrass,high,0.35
{6520CC6B-3A79-4F3C-A139-D620F6E129FB},35.91776496,-119.3919046,PIX,3A,,rebeca_becdach@fws.gov_fws,8/2/2021 17:24,2.954605063,,NA,Other cover,NA,0.35
{67417DE0-C2CD-414A-8D4D-C5EAFA978D25},35.91784807,-119.3920149,PIX,3A,,rebeca_becdach@fws.gov_fws,8/2/2021 17:29,2.661623504,,502210,Watergrass,low,0.3
{67417DE0-C2CD-414A-8D4D-C5EAFA978D25},35.91784807,-119.3920149,PIX,3A,,rebeca_becdach@fws.gov_fws,8/2/2021 17:29,2.661623504,,41605,Swamp Timothy,low,0.35
{67417DE0-C2CD-414A-8D4D-C5EAFA978D25},35.91784807,-119.3920149,PIX,3A,,rebeca_becdach@fws.gov_fws,8/2/2021 17:29,2.661623504,,NA,Other cover,NA,0.35
{26B83F58-5DAF-4DC7-854E-70A85D2DE516},35.91556209,-119.3928614,PIX,3,,kathryn_heffernan@fws.gov_fws,8/2/2021 17:44,2.267292527,,NA,Other cover,NA,0.25
{26B83F58-5DAF-4DC7-854E-70A85D2DE516},35.91556209,-119.3928614,PIX,3,,kathryn_heffernan@fws.gov_fws,8/2/2021 17:44,2.267292527,,41605,Swamp Timothy,low,0.75
{3E05B277-8E74-47A0-8158-5A364DDF2291},35.91779312,-119.3989323,PIX,2,,kathryn_heffernan@fws.gov_fws,8/2/2021 18:06,1.04260615,,NA,Other cover,NA,0.2
{3E05B277-8E74-47A0-8158-5A364DDF2291},35.91779312,-119.3989323,PIX,2,,kathryn_heffernan@fws.gov_fws,8/2/2021 18:06,1.04260615,,41605,Swamp Timothy,low,0.8
{7B3C7E12-9C70-4E14-8352-64BCDAF23602},35.91515202,-119.3955068,PIX,2,,kathryn_heffernan@fws.gov_fws,8/2/2021 18:18,1.057332881,,502210,Watergrass,high,0.25
{7B3C7E12-9C70-4E14-8352-64BCDAF23602},35.91515202,-119.3955068,PIX,2,,kathryn_heffernan@fws.gov_fws,8/2/2021 18:18,1.057332881,,NA,Other cover,NA,0.25
{7B3C7E12-9C70-4E14-8352-64BCDAF23602},35.91515202,-119.3955068,PIX,2,,kathryn_heffernan@fws.gov_fws,8/2/2021 18:18,1.057332881,,41605,Swamp Timothy,low,0.7
{F75A3FCD-BFE6-46E7-992F-0E72039084B3},35.91830355,-119.4002759,PIX,2A,,rebeca_becdach@fws.gov_fws,8/2/2021 18:38,1.963982457,,NA,Other cover,NA,1
{353DC456-D4E2-464D-B391-537A04FA4A74},35.91802813,-119.4010046,PIX,2A,,rebeca_becdach@fws.gov_fws,8/2/2021 18:46,2.346718831,,41605,Swamp Timothy,low,0.05
{353DC456-D4E2-464D-B391-537A04FA4A74},35.91802813,-119.4010046,PIX,2A,,rebeca_becdach@fws.gov_fws,8/2/2021 18:46,2.346718831,,NA,Other cover,NA,0.95
{A82BCC67-D492-4596-816B-33D89FABBA3A},35.74889018,-119.6022813,KRN,6A,6A-5,rebeca_becdach@fws.gov_fws,8/4/2021 16:00,2.927970266,,41605,Swamp Timothy,medium,0.05
{A82BCC67-D492-4596-816B-33D89FABBA3A},35.74889018,-119.6022813,KRN,6A,6A-5,rebeca_becdach@fws.gov_fws,8/4/2021 16:00,2.927970266,,41605,Swamp Timothy,low,0.35
{A82BCC67-D492-4596-816B-33D89FABBA3A},35.74889018,-119.6022813,KRN,6A,6A-5,rebeca_becdach@fws.gov_fws,8/4/2021 16:00,2.927970266,,NA,Other cover,NA,0.6
{5F17794C-F186-47B0-8224-5EDB2283293A},35.72994142,-119.6102653,KRN,4A,4A-6,rebeca_becdach@fws.gov_fws,8/4/2021 16:41,5.67083237,,41605,Swamp Timothy,low,0.5
{5F17794C-F186-47B0-8224-5EDB2283293A},35.72994142,-119.6102653,KRN,4A,4A-6,rebeca_becdach@fws.gov_fws,8/4/2021 16:41,5.67083237,,NA,Other cover,NA,0.5
{563FB93F-DE25-4571-B3A1-9ED8C7062CCE},35.73320213,-119.6201275,KRN,5A,5A-4,rebeca_becdach@fws.gov_fws,8/4/2021 17:04,7.089676296,,41605,Swamp Timothy,low,0.25
{563FB93F-DE25-4571-B3A1-9ED8C7062CCE},35.73320213,-119.6201275,KRN,5A,5A-4,rebeca_becdach@fws.gov_fws,8/4/2021 17:04,7.089676296,,NA,Other cover,NA,0.75
{01F14941-49C1-4A3D-902E-0A95B5BAAA74},35.73414272,-119.6183197,KRN,5A,5A-4,rebeca_becdach@fws.gov_fws,8/4/2021 17:24,3.55219536,,41605,Swamp Timothy,medium,0.025
{01F14941-49C1-4A3D-902E-0A95B5BAAA74},35.73414272,-119.6183197,KRN,5A,5A-4,rebeca_becdach@fws.gov_fws,8/4/2021 17:24,3.55219536,,41605,Swamp Timothy,low,0.25
{01F14941-49C1-4A3D-902E-0A95B5BAAA74},35.73414272,-119.6183197,KRN,5A,5A-4,rebeca_becdach@fws.gov_fws,8/4/2021 17:24,3.55219536,,NA,Other cover,NA,0.75
{D6BCD4C7-044E-434C-8675-0CC76C5F7A10},35.73593439,-119.6195002,KRN,5A,5A-4,rebeca_becdach@fws.gov_fws,8/4/2021 17:53,3.746524212,,41605,Swamp Timothy,low,0.4
{D6BCD4C7-044E-434C-8675-0CC76C5F7A10},35.73593439,-119.6195002,KRN,5A,5A-4,rebeca_becdach@fws.gov_fws,8/4/2021 17:53,3.746524212,,NA,Other cover,NA,0.6
{FD60B345-96C6-4D2A-A781-A9CFD24FFC45},35.73588382,-119.6108623,KRN,5A,5A-7,rebeca_becdach@fws.gov_fws,8/5/2021 15:20,3.692790737,,NA,Other cover,NA,0.45
{FD60B345-96C6-4D2A-A781-A9CFD24FFC45},35.73588382,-119.6108623,KRN,5A,5A-7,rebeca_becdach@fws.gov_fws,8/5/2021 15:20,3.692790737,,41605,Swamp Timothy,low,0.55
{37AC9D6D-B29F-4960-ABDB-3EFBD9DFF27E},35.73518421,-119.6135995,KRN,5A,5A-7,rebeca_becdach@fws.gov_fws,8/5/2021 15:25,1.560882701,,NA,Other cover,NA,0.2
{37AC9D6D-B29F-4960-ABDB-3EFBD9DFF27E},35.73518421,-119.6135995,KRN,5A,5A-7,rebeca_becdach@fws.gov_fws,8/5/2021 15:25,1.560882701,,41605,Swamp Timothy,low,0.8
{0D0AABBA-5A63-4E48-9841-FDB6D79CFF66},35.73733266,-119.6122593,KRN,5A,5A-5,rebeca_becdach@fws.gov_fws,8/5/2021 15:35,2.813671574,,41605,Swamp Timothy,low,0.05
{0D0AABBA-5A63-4E48-9841-FDB6D79CFF66},35.73733266,-119.6122593,KRN,5A,5A-5,rebeca_becdach@fws.gov_fws,8/5/2021 15:35,2.813671574,,41605,Swamp Timothy,medium,0.25
{0D0AABBA-5A63-4E48-9841-FDB6D79CFF66},35.73733266,-119.6122593,KRN,5A,5A-5,rebeca_becdach@fws.gov_fws,8/5/2021 15:35,2.813671574,,41605,Swamp Timothy,high,0.3
{0D0AABBA-5A63-4E48-9841-FDB6D79CFF66},35.73733266,-119.6122593,KRN,5A,5A-5,rebeca_becdach@fws.gov_fws,8/5/2021 15:35,2.813671574,,NA,Other cover,NA,0.4
{EBC8A140-EA79-4E44-B534-99729C09FBC5},35.74047801,-119.6146969,KRN,5A,5A-5,rebeca_becdach@fws.gov_fws,8/5/2021 15:49,1.40599166,,41605,Swamp Timothy,medium,0.2
{EBC8A140-EA79-4E44-B534-99729C09FBC5},35.74047801,-119.6146969,KRN,5A,5A-5,rebeca_becdach@fws.gov_fws,8/5/2021 15:49,1.40599166,,NA,Other cover,NA,0.2
{EBC8A140-EA79-4E44-B534-99729C09FBC5},35.74047801,-119.6146969,KRN,5A,5A-5,rebeca_becdach@fws.gov_fws,8/5/2021 15:49,1.40599166,,41605,Swamp Timothy,low,0.3
{EBC8A140-EA79-4E44-B534-99729C09FBC5},35.74047801,-119.6146969,KRN,5A,5A-5,rebeca_becdach@fws.gov_fws,8/5/2021 15:49,1.40599166,,41605,Swamp Timothy,high,0.3
{B9D1B853-73AA-4F23-A5F9-0AF478729697},35.73963491,-119.6141634,KRN,5A,5A-5,rebeca_becdach@fws.gov_fws,8/5/2021 15:57,1.373704679,,41605,Swamp Timothy,low,0.05
{B9D1B853-73AA-4F23-A5F9-0AF478729697},35.73963491,-119.6141634,KRN,5A,5A-5,rebeca_becdach@fws.gov_fws,8/5/2021 15:57,1.373704679,,NA,Other cover,NA,0.2
{B9D1B853-73AA-4F23-A5F9-0AF478729697},35.73963491,-119.6141634,KRN,5A,5A-5,rebeca_becdach@fws.gov_fws,8/5/2021 15:57,1.373704679,,41605,Swamp Timothy,medium,0.35
{B9D1B853-73AA-4F23-A5F9-0AF478729697},35.73963491,-119.6141634,KRN,5A,5A-5,rebeca_becdach@fws.gov_fws,8/5/2021 15:57,1.373704679,,41605,Swamp Timothy,high,0.4
{786935A0-DED7-4D91-BAF0-D073AC2D82F8},38.36020556,-121.4920604,SLW,HQ-7,27a,rebeca_becdach@fws.gov_fws,8/12/2021 15:11,14.37631748,,502210,Watergrass,low,0.025
{786935A0-DED7-4D91-BAF0-D073AC2D82F8},38.36020556,-121.4920604,SLW,HQ-7,27a,rebeca_becdach@fws.gov_fws,8/12/2021 15:11,14.37631748,,823756,Smartweed,medium,0.1
{786935A0-DED7-4D91-BAF0-D073AC2D82F8},38.36020556,-121.4920604,SLW,HQ-7,27a,rebeca_becdach@fws.gov_fws,8/12/2021 15:11,14.37631748,,NA,Other cover,NA,0.9
{6F5344AB-6B25-4733-B67D-344DEAB1BF6E},38.35772483,-121.4953474,SLW,HQ-7,27a,rebeca_becdach@fws.gov_fws,8/12/2021 15:56,1.725358613,,NA,Other cover,NA,1
{F46D64A2-EE56-4286-A63A-B2B66ED5F443},38.35898598,-121.4953374,SLW,HQ-7,27a,matthew_falcon@fws.gov_fws,8/12/2021 16:23,1.048514979,,502210,Watergrass,medium,0.01
{F46D64A2-EE56-4286-A63A-B2B66ED5F443},38.35898598,-121.4953374,SLW,HQ-7,27a,matthew_falcon@fws.gov_fws,8/12/2021 16:23,1.048514979,,823756,Smartweed,low,0.025
{F46D64A2-EE56-4286-A63A-B2B66ED5F443},38.35898598,-121.4953374,SLW,HQ-7,27a,matthew_falcon@fws.gov_fws,8/12/2021 16:23,1.048514979,,NA,Other cover,NA,0.95
{46F01BE3-4176-4E10-9BEA-83D0DF6AC1A5},38.34765109,-121.5046081,SLW,LIC,57,rebeca_becdach@fws.gov_fws,8/12/2021 17:18,9.120661363,,NA,Other cover,NA,0.15
{46F01BE3-4176-4E10-9BEA-83D0DF6AC1A5},38.34765109,-121.5046081,SLW,LIC,57,rebeca_becdach@fws.gov_fws,8/12/2021 17:18,9.120661363,,41605,Swamp Timothy,low,0.85
{C4FA468D-AAA8-426F-BEEF-6577E1AD445E},38.34877741,-121.5052244,SLW,LIC,57,rebeca_becdach@fws.gov_fws,8/12/2021 17:30,5.397075219,,NA,Other cover,NA,0.15
{C4FA468D-AAA8-426F-BEEF-6577E1AD445E},38.34877741,-121.5052244,SLW,LIC,57,rebeca_becdach@fws.gov_fws,8/12/2021 17:30,5.397075219,,41605,Swamp Timothy,low,0.85
{BD8DD977-56DC-4C86-81BA-09614C1B4C05},38.34950839,-121.5007281,SLW,LIC,57,rebeca_becdach@fws.gov_fws,8/12/2021 18:04,0.139301144,,NA,Other cover,NA,0.3
{BD8DD977-56DC-4C86-81BA-09614C1B4C05},38.34950839,-121.5007281,SLW,LIC,57,rebeca_becdach@fws.gov_fws,8/12/2021 18:04,0.139301144,,41605,Swamp Timothy,low,0.7
{9D85C622-ACCD-45A0-8F80-A01B96725338},38.41929628,-121.4901946,SLW,Lewis 6,22,rebeca_becdach@fws.gov_fws,8/12/2021 19:27,0.490446621,,502210,Watergrass,low,0.01
{9D85C622-ACCD-45A0-8F80-A01B96725338},38.41929628,-121.4901946,SLW,Lewis 6,22,rebeca_becdach@fws.gov_fws,8/12/2021 19:27,0.490446621,,41605,Swamp Timothy,low,0.1
{9D85C622-ACCD-45A0-8F80-A01B96725338},38.41929628,-121.4901946,SLW,Lewis 6,22,rebeca_becdach@fws.gov_fws,8/12/2021 19:27,0.490446621,,823756,Smartweed,low,0.1
{9D85C622-ACCD-45A0-8F80-A01B96725338},38.41929628,-121.4901946,SLW,Lewis 6,22,rebeca_becdach@fws.gov_fws,8/12/2021 19:27,0.490446621,,NA,Other cover,NA,0.8
{B4EAC4EA-E47C-482D-B517-EF60528696CC},38.41954414,-121.4907108,SLW,Lewis 6,22,rebeca_becdach@fws.gov_fws,8/12/2021 19:39,1.068097391,,41605,Swamp Timothy,medium,0.05
{B4EAC4EA-E47C-482D-B517-EF60528696CC},38.41954414,-121.4907108,SLW,Lewis 6,22,rebeca_becdach@fws.gov_fws,8/12/2021 19:39,1.068097391,,823756,Smartweed,low,0.1
{B4EAC4EA-E47C-482D-B517-EF60528696CC},38.41954414,-121.4907108,SLW,Lewis 6,22,rebeca_becdach@fws.gov_fws,8/12/2021 19:39,1.068097391,,502210,Watergrass,medium,0.25
{B4EAC4EA-E47C-482D-B517-EF60528696CC},38.41954414,-121.4907108,SLW,Lewis 6,22,rebeca_becdach@fws.gov_fws,8/12/2021 19:39,1.068097391,,NA,Other cover,NA,0.6
{F7801C62-BB9B-48FB-93D6-C0DB7229AC7E},38.41882882,-121.4906065,SLW,Lewis 6,22,rebeca_becdach@fws.gov_fws,8/12/2021 19:55,3.672721856,,502210,Watergrass,low,0.1
{F7801C62-BB9B-48FB-93D6-C0DB7229AC7E},38.41882882,-121.4906065,SLW,Lewis 6,22,rebeca_becdach@fws.gov_fws,8/12/2021 19:55,3.672721856,,502210,Watergrass,medium,0.1
{F7801C62-BB9B-48FB-93D6-C0DB7229AC7E},38.41882882,-121.4906065,SLW,Lewis 6,22,rebeca_becdach@fws.gov_fws,8/12/2021 19:55,3.672721856,,41605,Swamp Timothy,low,0.15
{F7801C62-BB9B-48FB-93D6-C0DB7229AC7E},38.41882882,-121.4906065,SLW,Lewis 6,22,rebeca_becdach@fws.gov_fws,8/12/2021 19:55,3.672721856,,41605,Swamp Timothy,medium,0.15
{F7801C62-BB9B-48FB-93D6-C0DB7229AC7E},38.41882882,-121.4906065,SLW,Lewis 6,22,rebeca_becdach@fws.gov_fws,8/12/2021 19:55,3.672721856,,823756,Smartweed,low,0.2
{F7801C62-BB9B-48FB-93D6-C0DB7229AC7E},38.41882882,-121.4906065,SLW,Lewis 6,22,rebeca_becdach@fws.gov_fws,8/12/2021 19:55,3.672721856,,NA,Other cover,NA,0.3
{29CC7ACE-7618-4BA4-BD07-11C20BB21A8B},38.41669492,-121.4921676,SLW,Lewis 1,22,matthew_falcon@fws.gov_fws,8/12/2021 20:32,4.896826491,,502210,Watergrass,medium,0.05
{29CC7ACE-7618-4BA4-BD07-11C20BB21A8B},38.41669492,-121.4921676,SLW,Lewis 1,22,matthew_falcon@fws.gov_fws,8/12/2021 20:32,4.896826491,,502210,Watergrass,high,0.05
{29CC7ACE-7618-4BA4-BD07-11C20BB21A8B},38.41669492,-121.4921676,SLW,Lewis 1,22,matthew_falcon@fws.gov_fws,8/12/2021 20:32,4.896826491,,41605,Swamp Timothy,low,0.05
{29CC7ACE-7618-4BA4-BD07-11C20BB21A8B},38.41669492,-121.4921676,SLW,Lewis 1,22,matthew_falcon@fws.gov_fws,8/12/2021 20:32,4.896826491,,823756,Smartweed,medium,0.15
{29CC7ACE-7618-4BA4-BD07-11C20BB21A8B},38.41669492,-121.4921676,SLW,Lewis 1,22,matthew_falcon@fws.gov_fws,8/12/2021 20:32,4.896826491,,NA,Other cover,NA,0.3
{29CC7ACE-7618-4BA4-BD07-11C20BB21A8B},38.41669492,-121.4921676,SLW,Lewis 1,22,matthew_falcon@fws.gov_fws,8/12/2021 20:32,4.896826491,,41605,Swamp Timothy,high,0.4
{B4F25FB5-4259-462B-898E-7C917190BEA0},38.41729099,-121.4916959,SLW,Lewis 6,22,matthew_falcon@fws.gov_fws,8/12/2021 20:51,0.260155567,,502210,Watergrass,low,0.05
{B4F25FB5-4259-462B-898E-7C917190BEA0},38.41729099,-121.4916959,SLW,Lewis 6,22,matthew_falcon@fws.gov_fws,8/12/2021 20:51,0.260155567,,823756,Smartweed,low,0.05
{B4F25FB5-4259-462B-898E-7C917190BEA0},38.41729099,-121.4916959,SLW,Lewis 6,22,matthew_falcon@fws.gov_fws,8/12/2021 20:51,0.260155567,,41605,Swamp Timothy,low,0.2
{B4F25FB5-4259-462B-898E-7C917190BEA0},38.41729099,-121.4916959,SLW,Lewis 6,22,matthew_falcon@fws.gov_fws,8/12/2021 20:51,0.260155567,,NA,Other cover,NA,0.7
{88DAEAB6-335F-464C-8DD1-CDEEDBD26538},38.41835698,-121.4903064,SLW,Lewis 6,22,matthew_falcon@fws.gov_fws,8/12/2021 21:02,2.682135921,,502210,Watergrass,low,0.01
{88DAEAB6-335F-464C-8DD1-CDEEDBD26538},38.41835698,-121.4903064,SLW,Lewis 6,22,matthew_falcon@fws.gov_fws,8/12/2021 21:02,2.682135921,,823756,Smartweed,low,0.01
{88DAEAB6-335F-464C-8DD1-CDEEDBD26538},38.41835698,-121.4903064,SLW,Lewis 6,22,matthew_falcon@fws.gov_fws,8/12/2021 21:02,2.682135921,,41605,Swamp Timothy,low,0.5
{88DAEAB6-335F-464C-8DD1-CDEEDBD26538},38.41835698,-121.4903064,SLW,Lewis 6,22,matthew_falcon@fws.gov_fws,8/12/2021 21:02,2.682135921,,NA,Other cover,NA,0.5
{FD117DAA-3F8B-432E-8C1E-6EF98D8D0409},38.41669151,-121.489984,SLW,Lewis 6,22,matthew_falcon@fws.gov_fws,8/12/2021 21:15,4.346663358,,823756,Smartweed,low,0.025
{FD117DAA-3F8B-432E-8C1E-6EF98D8D0409},38.41669151,-121.489984,SLW,Lewis 6,22,matthew_falcon@fws.gov_fws,8/12/2021 21:15,4.346663358,,502210,Watergrass,low,0.1
{FD117DAA-3F8B-432E-8C1E-6EF98D8D0409},38.41669151,-121.489984,SLW,Lewis 6,22,matthew_falcon@fws.gov_fws,8/12/2021 21:15,4.346663358,,NA,Other cover,NA,0.2
{FD117DAA-3F8B-432E-8C1E-6EF98D8D0409},38.41669151,-121.489984,SLW,Lewis 6,22,matthew_falcon@fws.gov_fws,8/12/2021 21:15,4.346663358,,41605,Swamp Timothy,low,0.3
{FD117DAA-3F8B-432E-8C1E-6EF98D8D0409},38.41669151,-121.489984,SLW,Lewis 6,22,matthew_falcon@fws.gov_fws,8/12/2021 21:15,4.346663358,,41605,Swamp Timothy,medium,0.35
{131C11E2-544F-4197-A132-9FDB4E974764},38.43148179,-121.4972352,SLW,Beach Lake 3,,rebeca_becdach@fws.gov_fws,8/16/2021 14:09,0.422281999,,41605,Swamp Timothy,low,0.5
{131C11E2-544F-4197-A132-9FDB4E974764},38.43148179,-121.4972352,SLW,Beach Lake 3,,rebeca_becdach@fws.gov_fws,8/16/2021 14:09,0.422281999,,NA,Other cover,NA,0.5
{9222A05D-6704-42E9-9CF2-7D659FEA64A7},38.43198466,-121.4961624,SLW,Beach Lake 3,,matthew_falcon@fws.gov_fws,8/16/2021 14:15,3.691475949,,41605,Swamp Timothy,low,0.3
{9222A05D-6704-42E9-9CF2-7D659FEA64A7},38.43198466,-121.4961624,SLW,Beach Lake 3,,matthew_falcon@fws.gov_fws,8/16/2021 14:15,3.691475949,,NA,Other cover,NA,0.7
{3A33250B-186F-4757-9561-EF8BACA5F60A},38.43150856,-121.4949813,SLW,Beach Lake 3,,matthew_falcon@fws.gov_fws,8/16/2021 14:20,3.094917782,,41605,Swamp Timothy,medium,0.05
{3A33250B-186F-4757-9561-EF8BACA5F60A},38.43150856,-121.4949813,SLW,Beach Lake 3,,matthew_falcon@fws.gov_fws,8/16/2021 14:20,3.094917782,,41605,Swamp Timothy,low,0.35
{3A33250B-186F-4757-9561-EF8BACA5F60A},38.43150856,-121.4949813,SLW,Beach Lake 3,,matthew_falcon@fws.gov_fws,8/16/2021 14:20,3.094917782,,NA,Other cover,NA,0.6
{8236FE75-2799-4D1F-B28C-34DBE0B45D60},38.4319452,-121.4943627,SLW,Beach Lake 3,,matthew_falcon@fws.gov_fws,8/16/2021 14:28,3.543209323,,41605,Swamp Timothy,low,0.35
{8236FE75-2799-4D1F-B28C-34DBE0B45D60},38.4319452,-121.4943627,SLW,Beach Lake 3,,matthew_falcon@fws.gov_fws,8/16/2021 14:28,3.543209323,,NA,Other cover,NA,0.65
{A25FD24A-C276-4CEE-A2B2-ACBEF5884549},38.43162576,-121.4942375,SLW,Beach Lake 3,,matthew_falcon@fws.gov_fws,8/16/2021 14:35,0.216377981,,41605,Swamp Timothy,low,0.35
{A25FD24A-C276-4CEE-A2B2-ACBEF5884549},38.43162576,-121.4942375,SLW,Beach Lake 3,,matthew_falcon@fws.gov_fws,8/16/2021 14:35,0.216377981,,NA,Other cover,NA,0.65
{67212E07-DAC4-47A3-8D6A-D37032556CBE},38.43704352,-121.4925212,SLW,Beach Lake 1,,matthew_falcon@fws.gov_fws,8/16/2021 14:57,3.340426461,,41605,Swamp Timothy,low,0.2
{67212E07-DAC4-47A3-8D6A-D37032556CBE},38.43704352,-121.4925212,SLW,Beach Lake 1,,matthew_falcon@fws.gov_fws,8/16/2021 14:57,3.340426461,,NA,Other cover,NA,0.8
{D59FDE26-4FF1-47F5-AFC7-28304743FA54},38.43578938,-121.4925658,SLW,Beach Lake 1,,matthew_falcon@fws.gov_fws,8/16/2021 15:12,2.552668357,,41605,Swamp Timothy,low,0.1
{D59FDE26-4FF1-47F5-AFC7-28304743FA54},38.43578938,-121.4925658,SLW,Beach Lake 1,,matthew_falcon@fws.gov_fws,8/16/2021 15:12,2.552668357,,NA,Other cover,NA,0.9
{9B68D354-BDA7-4F2F-8FA5-EEC3A8979462},38.43531586,-121.4944167,SLW,Beach Lake 1,,rebeca_becdach@fws.gov_fws,8/16/2021 15:23,4.99702274,,41605,Swamp Timothy,low,0.25
{9B68D354-BDA7-4F2F-8FA5-EEC3A8979462},38.43531586,-121.4944167,SLW,Beach Lake 1,,rebeca_becdach@fws.gov_fws,8/16/2021 15:23,4.99702274,,NA,Other cover,NA,0.75
{78CD95E7-D720-48D1-92BD-8C792DBBB2EE},38.43404524,-121.4920529,SLW,Beach Lake 2,,rebeca_becdach@fws.gov_fws,8/16/2021 15:46,2.927930672,,41605,Swamp Timothy,low,0.5
{78CD95E7-D720-48D1-92BD-8C792DBBB2EE},38.43404524,-121.4920529,SLW,Beach Lake 2,,rebeca_becdach@fws.gov_fws,8/16/2021 15:46,2.927930672,,NA,Other cover,NA,0.5
{E5A261EF-5636-4751-B471-51C66523B5AA},38.43331582,-121.4916387,SLW,Beach Lake 2,,rebeca_becdach@fws.gov_fws,8/16/2021 15:54,0.643938496,,41605,Swamp Timothy,low,0.15
{E5A261EF-5636-4751-B471-51C66523B5AA},38.43331582,-121.4916387,SLW,Beach Lake 2,,rebeca_becdach@fws.gov_fws,8/16/2021 15:54,0.643938496,,41605,Swamp Timothy,high,0.2
{E5A261EF-5636-4751-B471-51C66523B5AA},38.43331582,-121.4916387,SLW,Beach Lake 2,,rebeca_becdach@fws.gov_fws,8/16/2021 15:54,0.643938496,,41605,Swamp Timothy,medium,0.25
{E5A261EF-5636-4751-B471-51C66523B5AA},38.43331582,-121.4916387,SLW,Beach Lake 2,,rebeca_becdach@fws.gov_fws,8/16/2021 15:54,0.643938496,,NA,Other cover,NA,0.4
{067221B4-7090-4BD9-A0E9-C6B41B16CEA0},38.43321029,-121.4938755,SLW,Beach Lake 2,,rebeca_becdach@fws.gov_fws,8/16/2021 16:12,0.748007876,,41605,Swamp Timothy,low,0.1
{067221B4-7090-4BD9-A0E9-C6B41B16CEA0},38.43321029,-121.4938755,SLW,Beach Lake 2,,rebeca_becdach@fws.gov_fws,8/16/2021 16:12,0.748007876,,823756,Smartweed,low,0.1
{067221B4-7090-4BD9-A0E9-C6B41B16CEA0},38.43321029,-121.4938755,SLW,Beach Lake 2,,rebeca_becdach@fws.gov_fws,8/16/2021 16:12,0.748007876,,823756,Smartweed,medium,0.1
{067221B4-7090-4BD9-A0E9-C6B41B16CEA0},38.43321029,-121.4938755,SLW,Beach Lake 2,,rebeca_becdach@fws.gov_fws,8/16/2021 16:12,0.748007876,,823756,Smartweed,high,0.2
{067221B4-7090-4BD9-A0E9-C6B41B16CEA0},38.43321029,-121.4938755,SLW,Beach Lake 2,,rebeca_becdach@fws.gov_fws,8/16/2021 16:12,0.748007876,,NA,Other cover,NA,0.5
{8978ECEE-4D1C-46BD-977B-B171CDC3CEEA},38.41854942,-121.4942366,SLW,Lewis 1,22,rebeca_becdach@fws.gov_fws,8/16/2021 16:38,1.173163231,,41605,Swamp Timothy,low,0.05
{8978ECEE-4D1C-46BD-977B-B171CDC3CEEA},38.41854942,-121.4942366,SLW,Lewis 1,22,rebeca_becdach@fws.gov_fws,8/16/2021 16:38,1.173163231,,NA,Other cover,NA,0.95
{B45B253A-99B2-454B-A00B-616F5EE285E5},38.41803372,-121.4936237,SLW,Lewis 1,22,rebeca_becdach@fws.gov_fws,8/16/2021 16:43,0.901929584,,41605,Swamp Timothy,low,0.4
{B45B253A-99B2-454B-A00B-616F5EE285E5},38.41803372,-121.4936237,SLW,Lewis 1,22,rebeca_becdach@fws.gov_fws,8/16/2021 16:43,0.901929584,,NA,Other cover,NA,0.6
{6A9AE3B6-06DD-45DC-ADB2-5E55CA933D8E},38.41877198,-121.4935578,SLW,Lewis 1,22,rebeca_becdach@fws.gov_fws,8/16/2021 16:49,1.228593577,,41605,Swamp Timothy,low,0.2
{6A9AE3B6-06DD-45DC-ADB2-5E55CA933D8E},38.41877198,-121.4935578,SLW,Lewis 1,22,rebeca_becdach@fws.gov_fws,8/16/2021 16:49,1.228593577,,NA,Other cover,NA,0.8
{18E769A8-707B-421D-BAF8-1C301D3CEF48},38.41847369,-121.49552,SLW,Lewis 1,22,rebeca_becdach@fws.gov_fws,8/16/2021 17:02,0.792479202,,41605,Swamp Timothy,low,0.025
{18E769A8-707B-421D-BAF8-1C301D3CEF48},38.41847369,-121.49552,SLW,Lewis 1,22,rebeca_becdach@fws.gov_fws,8/16/2021 17:02,0.792479202,,823756,Smartweed,low,0.025
{18E769A8-707B-421D-BAF8-1C301D3CEF48},38.41847369,-121.49552,SLW,Lewis 1,22,rebeca_becdach@fws.gov_fws,8/16/2021 17:02,0.792479202,,NA,Other cover,NA,0.95
{9DA0A478-540B-472F-821A-98ADD94A3A8E},38.41691995,-121.4958556,SLW,Lewis 1,22,rebeca_becdach@fws.gov_fws,8/16/2021 17:16,1.09068756,,502210,Watergrass,low,0.05
{9DA0A478-540B-472F-821A-98ADD94A3A8E},38.41691995,-121.4958556,SLW,Lewis 1,22,rebeca_becdach@fws.gov_fws,8/16/2021 17:16,1.09068756,,NA,Other cover,NA,0.05
{9DA0A478-540B-472F-821A-98ADD94A3A8E},38.41691995,-121.4958556,SLW,Lewis 1,22,rebeca_becdach@fws.gov_fws,8/16/2021 17:16,1.09068756,,41605,Swamp Timothy,low,0.9
{BA63107C-A51F-41F1-883B-9291E0FC4813},38.42095154,-121.4922977,SLW,Lewis 1,22,matthew_falcon@fws.gov_fws,8/16/2021 17:32,1.423497895,,502210,Watergrass,medium,0.05
{BA63107C-A51F-41F1-883B-9291E0FC4813},38.42095154,-121.4922977,SLW,Lewis 1,22,matthew_falcon@fws.gov_fws,8/16/2021 17:32,1.423497895,,823756,Smartweed,low,0.05
{BA63107C-A51F-41F1-883B-9291E0FC4813},38.42095154,-121.4922977,SLW,Lewis 1,22,matthew_falcon@fws.gov_fws,8/16/2021 17:32,1.423497895,,41605,Swamp Timothy,medium,0.1
{BA63107C-A51F-41F1-883B-9291E0FC4813},38.42095154,-121.4922977,SLW,Lewis 1,22,matthew_falcon@fws.gov_fws,8/16/2021 17:32,1.423497895,,502210,Watergrass,low,0.1
{BA63107C-A51F-41F1-883B-9291E0FC4813},38.42095154,-121.4922977,SLW,Lewis 1,22,matthew_falcon@fws.gov_fws,8/16/2021 17:32,1.423497895,,41605,Swamp Timothy,low,0.2
{BA63107C-A51F-41F1-883B-9291E0FC4813},38.42095154,-121.4922977,SLW,Lewis 1,22,matthew_falcon@fws.gov_fws,8/16/2021 17:32,1.423497895,,NA,Other cover,NA,0.5
{9CA9984A-BC50-44F6-9958-6B2ACD8A8F09},38.42149037,-121.4949737,SLW,Lewis 2,,rebeca_becdach@fws.gov_fws,8/16/2021 17:48,1.445349459,,41605,Swamp Timothy,low,0.35
{9CA9984A-BC50-44F6-9958-6B2ACD8A8F09},38.42149037,-121.4949737,SLW,Lewis 2,,rebeca_becdach@fws.gov_fws,8/16/2021 17:48,1.445349459,,NA,Other cover,NA,0.65
{E6FFFE63-F91C-4DB8-9A2B-0D31F6E4CA64},38.42034097,-121.4972169,SLW,Lewis 2,,matthew_falcon@fws.gov_fws,8/16/2021 18:01,1.09472216,,NA,Other cover,NA,0
{E6FFFE63-F91C-4DB8-9A2B-0D31F6E4CA64},38.42034097,-121.4972169,SLW,Lewis 2,,matthew_falcon@fws.gov_fws,8/16/2021 18:01,1.09472216,,502210,Watergrass,high,1
{1153BA14-401A-4E26-9EBE-ADFEC0B0614F},38.36992389,-121.4903963,SLW,HQ-5,,matthew_falcon@fws.gov_fws,8/16/2021 19:16,1.181660791,,502210,Watergrass,low,0.05
{1153BA14-401A-4E26-9EBE-ADFEC0B0614F},38.36992389,-121.4903963,SLW,HQ-5,,matthew_falcon@fws.gov_fws,8/16/2021 19:16,1.181660791,,823756,Smartweed,low,0.05
{1153BA14-401A-4E26-9EBE-ADFEC0B0614F},38.36992389,-121.4903963,SLW,HQ-5,,matthew_falcon@fws.gov_fws,8/16/2021 19:16,1.181660791,,41605,Swamp Timothy,low,0.2
{1153BA14-401A-4E26-9EBE-ADFEC0B0614F},38.36992389,-121.4903963,SLW,HQ-5,,matthew_falcon@fws.gov_fws,8/16/2021 19:16,1.181660791,,NA,Other cover,NA,0.7
{B698DDA6-59EE-48D9-9569-94FAD7675983},38.37040365,-121.4913236,SLW,HQ-5,,matthew_falcon@fws.gov_fws,8/16/2021 19:37,1.715317748,,41605,Swamp Timothy,low,0.01
{B698DDA6-59EE-48D9-9569-94FAD7675983},38.37040365,-121.4913236,SLW,HQ-5,,matthew_falcon@fws.gov_fws,8/16/2021 19:37,1.715317748,,NA,Other cover,NA,0.95
{ECEB3FE4-677B-4DC2-8A00-C1962E85A95C},38.36960952,-121.4924256,SLW,HQ-5,,rebeca_becdach@fws.gov_fws,8/16/2021 19:44,2.163028443,,502210,Watergrass,low,0.05
{ECEB3FE4-677B-4DC2-8A00-C1962E85A95C},38.36960952,-121.4924256,SLW,HQ-5,,rebeca_becdach@fws.gov_fws,8/16/2021 19:44,2.163028443,,NA,Other cover,NA,0.95
{22006CD1-4AC1-4F32-B22E-E6A912EF18E0},38.36801803,-121.4926904,SLW,HQ-6,,matthew_falcon@fws.gov_fws,8/16/2021 19:54,3.082055357,,502210,Watergrass,low,0.01
{22006CD1-4AC1-4F32-B22E-E6A912EF18E0},38.36801803,-121.4926904,SLW,HQ-6,,matthew_falcon@fws.gov_fws,8/16/2021 19:54,3.082055357,,NA,Other cover,NA,0.95
{F80E3BC4-CA86-4C23-8704-E81A7471880D},38.3667855,-121.4922571,SLW,HQ-6,,matthew_falcon@fws.gov_fws,8/16/2021 20:08,2.086307858,,823756,Smartweed,low,0.01
{F80E3BC4-CA86-4C23-8704-E81A7471880D},38.3667855,-121.4922571,SLW,HQ-6,,matthew_falcon@fws.gov_fws,8/16/2021 20:08,2.086307858,,NA,Other cover,NA,0.95
{A5C3A45F-A3F4-4B1C-8AA4-0D5C08D840BB},38.36791154,-121.4901273,SLW,HQ-6,,matthew_falcon@fws.gov_fws,8/16/2021 20:36,2.499771612,,41605,Swamp Timothy,low,0.15
{A5C3A45F-A3F4-4B1C-8AA4-0D5C08D840BB},38.36791154,-121.4901273,SLW,HQ-6,,matthew_falcon@fws.gov_fws,8/16/2021 20:36,2.499771612,,823756,Smartweed,low,0.15
{A5C3A45F-A3F4-4B1C-8AA4-0D5C08D840BB},38.36791154,-121.4901273,SLW,HQ-6,,matthew_falcon@fws.gov_fws,8/16/2021 20:36,2.499771612,,NA,Other cover,NA,0.7
{7669BC4A-8B86-4B99-919E-C40060B5F81A},41.45714242,-120.5351509,MDC,Gadwall,,jessica_simons@fws.gov_fws,8/23/2021 20:08,4.561142624,,502210,Watergrass,medium,0.05
{7669BC4A-8B86-4B99-919E-C40060B5F81A},41.45714242,-120.5351509,MDC,Gadwall,,jessica_simons@fws.gov_fws,8/23/2021 20:08,4.561142624,,502210,Watergrass,low,0.1
{7669BC4A-8B86-4B99-919E-C40060B5F81A},41.45714242,-120.5351509,MDC,Gadwall,,jessica_simons@fws.gov_fws,8/23/2021 20:08,4.561142624,,823756,Smartweed,medium,0.1
{7669BC4A-8B86-4B99-919E-C40060B5F81A},41.45714242,-120.5351509,MDC,Gadwall,,jessica_simons@fws.gov_fws,8/23/2021 20:08,4.561142624,,NA,Other cover,NA,0.1
{7669BC4A-8B86-4B99-919E-C40060B5F81A},41.45714242,-120.5351509,MDC,Gadwall,,jessica_simons@fws.gov_fws,8/23/2021 20:08,4.561142624,,41605,Swamp Timothy,high,0.2
{7669BC4A-8B86-4B99-919E-C40060B5F81A},41.45714242,-120.5351509,MDC,Gadwall,,jessica_simons@fws.gov_fws,8/23/2021 20:08,4.561142624,,41605,Swamp Timothy,low,0.2
{7669BC4A-8B86-4B99-919E-C40060B5F81A},41.45714242,-120.5351509,MDC,Gadwall,,jessica_simons@fws.gov_fws,8/23/2021 20:08,4.561142624,,823756,Smartweed,high,0.25
{12CDBE26-DE64-4466-81A6-F92879E4403B},41.45292631,-120.5240449,MDC,Upper Goose Pond,,jessica_simons@fws.gov_fws,8/23/2021 20:23,7.891131176,,823756,Smartweed,low,0.2
{12CDBE26-DE64-4466-81A6-F92879E4403B},41.45292631,-120.5240449,MDC,Upper Goose Pond,,jessica_simons@fws.gov_fws,8/23/2021 20:23,7.891131176,,41605,Swamp Timothy,low,0.3
{12CDBE26-DE64-4466-81A6-F92879E4403B},41.45292631,-120.5240449,MDC,Upper Goose Pond,,jessica_simons@fws.gov_fws,8/23/2021 20:23,7.891131176,,NA,Other cover,NA,0.5
{2F0728CD-77BE-4B71-B4DC-1F65194868BB},41.47459907,-120.5194977,MDC,Flournoy Pond,,jessica_simons@fws.gov_fws,8/23/2021 20:42,2.853688143,,NA,Other cover,NA,0.1
{2F0728CD-77BE-4B71-B4DC-1F65194868BB},41.47459907,-120.5194977,MDC,Flournoy Pond,,jessica_simons@fws.gov_fws,8/23/2021 20:42,2.853688143,,41605,Swamp Timothy,low,0.2
{2F0728CD-77BE-4B71-B4DC-1F65194868BB},41.47459907,-120.5194977,MDC,Flournoy Pond,,jessica_simons@fws.gov_fws,8/23/2021 20:42,2.853688143,,823756,Smartweed,medium,0.2
{2F0728CD-77BE-4B71-B4DC-1F65194868BB},41.47459907,-120.5194977,MDC,Flournoy Pond,,jessica_simons@fws.gov_fws,8/23/2021 20:42,2.853688143,,823756,Smartweed,high,0.5
{63BA57C3-87C4-4464-A13C-B40BA0B59380},41.4563652,-120.5371341,MDC,J Pond,,jessica_simons@fws.gov_fws,8/24/2021 20:19,4.288264026,,502210,Watergrass,low,0.1
{63BA57C3-87C4-4464-A13C-B40BA0B59380},41.4563652,-120.5371341,MDC,J Pond,,jessica_simons@fws.gov_fws,8/24/2021 20:19,4.288264026,,502210,Watergrass,high,0.1
{63BA57C3-87C4-4464-A13C-B40BA0B59380},41.4563652,-120.5371341,MDC,J Pond,,jessica_simons@fws.gov_fws,8/24/2021 20:19,4.288264026,,823756,Smartweed,low,0.1
{63BA57C3-87C4-4464-A13C-B40BA0B59380},41.4563652,-120.5371341,MDC,J Pond,,jessica_simons@fws.gov_fws,8/24/2021 20:19,4.288264026,,NA,Other cover,NA,0.2
{63BA57C3-87C4-4464-A13C-B40BA0B59380},41.4563652,-120.5371341,MDC,J Pond,,jessica_simons@fws.gov_fws,8/24/2021 20:19,4.288264026,,41605,Swamp Timothy,high,0.5
{88682307-2B86-4EC3-94A0-EA2D41939D91},41.45467687,-120.5379977,MDC,J Pond,,jessica_simons@fws.gov_fws,8/24/2021 20:30,1.094573889,,NA,Other cover,NA,0
{88682307-2B86-4EC3-94A0-EA2D41939D91},41.45467687,-120.5379977,MDC,J Pond,,jessica_simons@fws.gov_fws,8/24/2021 20:30,1.094573889,,502210,Watergrass,high,1
{03339D91-600C-4C73-86DA-7A65B8107C10},41.45329391,-120.5368049,MDC,J Pond,,jessica_simons@fws.gov_fws,8/24/2021 20:31,10.66199886,,41605,Swamp Timothy,medium,0.05
{03339D91-600C-4C73-86DA-7A65B8107C10},41.45329391,-120.5368049,MDC,J Pond,,jessica_simons@fws.gov_fws,8/24/2021 20:31,10.66199886,,502210,Watergrass,low,0.1
{03339D91-600C-4C73-86DA-7A65B8107C10},41.45329391,-120.5368049,MDC,J Pond,,jessica_simons@fws.gov_fws,8/24/2021 20:31,10.66199886,,823756,Smartweed,low,0.1
{03339D91-600C-4C73-86DA-7A65B8107C10},41.45329391,-120.5368049,MDC,J Pond,,jessica_simons@fws.gov_fws,8/24/2021 20:31,10.66199886,,NA,Other cover,NA,0.2
{03339D91-600C-4C73-86DA-7A65B8107C10},41.45329391,-120.5368049,MDC,J Pond,,jessica_simons@fws.gov_fws,8/24/2021 20:31,10.66199886,,41605,Swamp Timothy,high,0.55
{134F3CEB-B725-4121-B0B9-C4470FD28A3A},41.44779133,-120.5301898,MDC,Matney 3,,jessica_simons@fws.gov_fws,8/24/2021 20:41,11.72329913,Medium smartweed is 4%.  1 VP of 2,NA,Other cover,NA,0.01
{134F3CEB-B725-4121-B0B9-C4470FD28A3A},41.44779133,-120.5301898,MDC,Matney 3,,jessica_simons@fws.gov_fws,8/24/2021 20:41,11.72329913,Medium smartweed is 4%.  1 VP of 2,41605,Swamp Timothy,medium,0.05
{134F3CEB-B725-4121-B0B9-C4470FD28A3A},41.44779133,-120.5301898,MDC,Matney 3,,jessica_simons@fws.gov_fws,8/24/2021 20:41,11.72329913,Medium smartweed is 4%.  1 VP of 2,502210,Watergrass,low,0.05
{134F3CEB-B725-4121-B0B9-C4470FD28A3A},41.44779133,-120.5301898,MDC,Matney 3,,jessica_simons@fws.gov_fws,8/24/2021 20:41,11.72329913,Medium smartweed is 4%.  1 VP of 2,823756,Smartweed,low,0.05
{134F3CEB-B725-4121-B0B9-C4470FD28A3A},41.44779133,-120.5301898,MDC,Matney 3,,jessica_simons@fws.gov_fws,8/24/2021 20:41,11.72329913,Medium smartweed is 4%.  1 VP of 2,823756,Smartweed,medium,0.05
{134F3CEB-B725-4121-B0B9-C4470FD28A3A},41.44779133,-120.5301898,MDC,Matney 3,,jessica_simons@fws.gov_fws,8/24/2021 20:41,11.72329913,Medium smartweed is 4%.  1 VP of 2,41605,Swamp Timothy,high,0.8
{ED930FF6-A393-4536-83F1-609AAE3483F2},41.44775567,-120.5320861,MDC,House Field,,jessica_simons@fws.gov_fws,8/24/2021 20:54,14.15748178,2 VP of 2.  Same data as 1.,NA,Other cover,NA,0.01
{ED930FF6-A393-4536-83F1-609AAE3483F2},41.44775567,-120.5320861,MDC,House Field,,jessica_simons@fws.gov_fws,8/24/2021 20:54,14.15748178,2 VP of 2.  Same data as 1.,41605,Swamp Timothy,high,0.8
{B1F89940-7CC6-4D58-B693-4970BEF771EE},41.44659315,-120.5277801,MDC,Matney 4 North,,jessica_simons@fws.gov_fws,8/24/2021 20:57,4.192487597,Medium smartweed is 9%,NA,Other cover,NA,0.01
{B1F89940-7CC6-4D58-B693-4970BEF771EE},41.44659315,-120.5277801,MDC,Matney 4 North,,jessica_simons@fws.gov_fws,8/24/2021 20:57,4.192487597,Medium smartweed is 9%,823756,Smartweed,high,0.05
{B1F89940-7CC6-4D58-B693-4970BEF771EE},41.44659315,-120.5277801,MDC,Matney 4 North,,jessica_simons@fws.gov_fws,8/24/2021 20:57,4.192487597,Medium smartweed is 9%,41605,Swamp Timothy,low,0.1
{B1F89940-7CC6-4D58-B693-4970BEF771EE},41.44659315,-120.5277801,MDC,Matney 4 North,,jessica_simons@fws.gov_fws,8/24/2021 20:57,4.192487597,Medium smartweed is 9%,502210,Watergrass,low,0.1
{B1F89940-7CC6-4D58-B693-4970BEF771EE},41.44659315,-120.5277801,MDC,Matney 4 North,,jessica_simons@fws.gov_fws,8/24/2021 20:57,4.192487597,Medium smartweed is 9%,502210,Watergrass,medium,0.1
{B1F89940-7CC6-4D58-B693-4970BEF771EE},41.44659315,-120.5277801,MDC,Matney 4 North,,jessica_simons@fws.gov_fws,8/24/2021 20:57,4.192487597,Medium smartweed is 9%,823756,Smartweed,low,0.1
{B1F89940-7CC6-4D58-B693-4970BEF771EE},41.44659315,-120.5277801,MDC,Matney 4 North,,jessica_simons@fws.gov_fws,8/24/2021 20:57,4.192487597,Medium smartweed is 9%,823756,Smartweed,medium,0.1
{B1F89940-7CC6-4D58-B693-4970BEF771EE},41.44659315,-120.5277801,MDC,Matney 4 North,,jessica_simons@fws.gov_fws,8/24/2021 20:57,4.192487597,Medium smartweed is 9%,41605,Swamp Timothy,high,0.45
{1327AFC9-62DB-4F10-87AF-7A061BACAE8C},41.44803286,-120.5275805,MDC,Matney 4 North,,jessica_simons@fws.gov_fws,8/24/2021 21:08,9.594461312,High Timothy is 49%,NA,Other cover,NA,0.01
{1327AFC9-62DB-4F10-87AF-7A061BACAE8C},41.44803286,-120.5275805,MDC,Matney 4 North,,jessica_simons@fws.gov_fws,8/24/2021 21:08,9.594461312,High Timothy is 49%,823756,Smartweed,low,0.1
{1327AFC9-62DB-4F10-87AF-7A061BACAE8C},41.44803286,-120.5275805,MDC,Matney 4 North,,jessica_simons@fws.gov_fws,8/24/2021 21:08,9.594461312,High Timothy is 49%,502210,Watergrass,low,0.1
{1327AFC9-62DB-4F10-87AF-7A061BACAE8C},41.44803286,-120.5275805,MDC,Matney 4 North,,jessica_simons@fws.gov_fws,8/24/2021 21:08,9.594461312,High Timothy is 49%,823756,Smartweed,medium,0.3
{1327AFC9-62DB-4F10-87AF-7A061BACAE8C},41.44803286,-120.5275805,MDC,Matney 4 North,,jessica_simons@fws.gov_fws,8/24/2021 21:08,9.594461312,High Timothy is 49%,41605,Swamp Timothy,high,0.5
{73150208-1449-4B1E-BF9E-987330E3052D},41.45125529,-120.5321521,MDC,House Field,,jessica_simons@fws.gov_fws,8/24/2021 21:15,2.242511019,Medium smartweed is 4%,41605,Swamp Timothy,high,0.01
{73150208-1449-4B1E-BF9E-987330E3052D},41.45125529,-120.5321521,MDC,House Field,,jessica_simons@fws.gov_fws,8/24/2021 21:15,2.242511019,Medium smartweed is 4%,502210,Watergrass,high,0.05
{73150208-1449-4B1E-BF9E-987330E3052D},41.45125529,-120.5321521,MDC,House Field,,jessica_simons@fws.gov_fws,8/24/2021 21:15,2.242511019,Medium smartweed is 4%,823756,Smartweed,medium,0.05
{73150208-1449-4B1E-BF9E-987330E3052D},41.45125529,-120.5321521,MDC,House Field,,jessica_simons@fws.gov_fws,8/24/2021 21:15,2.242511019,Medium smartweed is 4%,502210,Watergrass,low,0.1
{73150208-1449-4B1E-BF9E-987330E3052D},41.45125529,-120.5321521,MDC,House Field,,jessica_simons@fws.gov_fws,8/24/2021 21:15,2.242511019,Medium smartweed is 4%,NA,Other cover,NA,0.8
{4C52FF4B-2384-44ED-9473-D7F415EFA8BD},41.44443166,-120.5301497,MDC,Matney 6,,jessica_simons@fws.gov_fws,8/25/2021 21:37,13.16542972,,NA,Other cover,NA,0.01
{4C52FF4B-2384-44ED-9473-D7F415EFA8BD},41.44443166,-120.5301497,MDC,Matney 6,,jessica_simons@fws.gov_fws,8/25/2021 21:37,13.16542972,,823756,Smartweed,low,0.05
{4C52FF4B-2384-44ED-9473-D7F415EFA8BD},41.44443166,-120.5301497,MDC,Matney 6,,jessica_simons@fws.gov_fws,8/25/2021 21:37,13.16542972,,823756,Smartweed,medium,0.05
{4C52FF4B-2384-44ED-9473-D7F415EFA8BD},41.44443166,-120.5301497,MDC,Matney 6,,jessica_simons@fws.gov_fws,8/25/2021 21:37,13.16542972,,502210,Watergrass,low,0.05
{4C52FF4B-2384-44ED-9473-D7F415EFA8BD},41.44443166,-120.5301497,MDC,Matney 6,,jessica_simons@fws.gov_fws,8/25/2021 21:37,13.16542972,,502210,Watergrass,medium,0.1
{4C52FF4B-2384-44ED-9473-D7F415EFA8BD},41.44443166,-120.5301497,MDC,Matney 6,,jessica_simons@fws.gov_fws,8/25/2021 21:37,13.16542972,,41605,Swamp Timothy,low,0.15
{4C52FF4B-2384-44ED-9473-D7F415EFA8BD},41.44443166,-120.5301497,MDC,Matney 6,,jessica_simons@fws.gov_fws,8/25/2021 21:37,13.16542972,,41605,Swamp Timothy,high,0.3
{4C52FF4B-2384-44ED-9473-D7F415EFA8BD},41.44443166,-120.5301497,MDC,Matney 6,,jessica_simons@fws.gov_fws,8/25/2021 21:37,13.16542972,,823756,Smartweed,high,0.3
{6B275B9A-B476-46D8-8AF8-35E409C05B10},41.44528917,-120.5276111,MDC,Matney 4 South,,jessica_simons@fws.gov_fws,8/25/2021 21:47,7.255805323,,823756,Smartweed,medium,0.01
{6B275B9A-B476-46D8-8AF8-35E409C05B10},41.44528917,-120.5276111,MDC,Matney 4 South,,jessica_simons@fws.gov_fws,8/25/2021 21:47,7.255805323,,41605,Swamp Timothy,high,0.1
{6B275B9A-B476-46D8-8AF8-35E409C05B10},41.44528917,-120.5276111,MDC,Matney 4 South,,jessica_simons@fws.gov_fws,8/25/2021 21:47,7.255805323,,502210,Watergrass,low,0.15
{6B275B9A-B476-46D8-8AF8-35E409C05B10},41.44528917,-120.5276111,MDC,Matney 4 South,,jessica_simons@fws.gov_fws,8/25/2021 21:47,7.255805323,,823756,Smartweed,low,0.15
{6B275B9A-B476-46D8-8AF8-35E409C05B10},41.44528917,-120.5276111,MDC,Matney 4 South,,jessica_simons@fws.gov_fws,8/25/2021 21:47,7.255805323,,41605,Swamp Timothy,medium,0.15
{6B275B9A-B476-46D8-8AF8-35E409C05B10},41.44528917,-120.5276111,MDC,Matney 4 South,,jessica_simons@fws.gov_fws,8/25/2021 21:47,7.255805323,,41605,Swamp Timothy,low,0.2
{6B275B9A-B476-46D8-8AF8-35E409C05B10},41.44528917,-120.5276111,MDC,Matney 4 South,,jessica_simons@fws.gov_fws,8/25/2021 21:47,7.255805323,,NA,Other cover,NA,0.2
{A9E6300F-43E4-4CDE-9308-55D654FD83EE},41.44126624,-120.5312506,MDC,Matney 7,,jessica_simons@fws.gov_fws,8/25/2021 21:56,6.620409917,,41605,Swamp Timothy,high,0.01
{A9E6300F-43E4-4CDE-9308-55D654FD83EE},41.44126624,-120.5312506,MDC,Matney 7,,jessica_simons@fws.gov_fws,8/25/2021 21:56,6.620409917,,41605,Swamp Timothy,medium,0.05
{A9E6300F-43E4-4CDE-9308-55D654FD83EE},41.44126624,-120.5312506,MDC,Matney 7,,jessica_simons@fws.gov_fws,8/25/2021 21:56,6.620409917,,502210,Watergrass,low,0.15
{A9E6300F-43E4-4CDE-9308-55D654FD83EE},41.44126624,-120.5312506,MDC,Matney 7,,jessica_simons@fws.gov_fws,8/25/2021 21:56,6.620409917,,41605,Swamp Timothy,low,0.15
{A9E6300F-43E4-4CDE-9308-55D654FD83EE},41.44126624,-120.5312506,MDC,Matney 7,,jessica_simons@fws.gov_fws,8/25/2021 21:56,6.620409917,,NA,Other cover,NA,0.15
{A9E6300F-43E4-4CDE-9308-55D654FD83EE},41.44126624,-120.5312506,MDC,Matney 7,,jessica_simons@fws.gov_fws,8/25/2021 21:56,6.620409917,,823756,Smartweed,low,0.2
{A9E6300F-43E4-4CDE-9308-55D654FD83EE},41.44126624,-120.5312506,MDC,Matney 7,,jessica_simons@fws.gov_fws,8/25/2021 21:56,6.620409917,,823756,Smartweed,medium,0.3
{F1ED5D36-6465-4C34-9CAF-4D60B28FB5BA},41.43956274,-120.5314324,MDC,Matney 7,,jessica_simons@fws.gov_fws,8/25/2021 22:07,11.44323187,,41605,Swamp Timothy,high,0.01
{F1ED5D36-6465-4C34-9CAF-4D60B28FB5BA},41.43956274,-120.5314324,MDC,Matney 7,,jessica_simons@fws.gov_fws,8/25/2021 22:07,11.44323187,,41605,Swamp Timothy,medium,0.05
{F1ED5D36-6465-4C34-9CAF-4D60B28FB5BA},41.43956274,-120.5314324,MDC,Matney 7,,jessica_simons@fws.gov_fws,8/25/2021 22:07,11.44323187,,502210,Watergrass,medium,0.1
{F1ED5D36-6465-4C34-9CAF-4D60B28FB5BA},41.43956274,-120.5314324,MDC,Matney 7,,jessica_simons@fws.gov_fws,8/25/2021 22:07,11.44323187,,41605,Swamp Timothy,low,0.15
{F1ED5D36-6465-4C34-9CAF-4D60B28FB5BA},41.43956274,-120.5314324,MDC,Matney 7,,jessica_simons@fws.gov_fws,8/25/2021 22:07,11.44323187,,502210,Watergrass,low,0.15
{F1ED5D36-6465-4C34-9CAF-4D60B28FB5BA},41.43956274,-120.5314324,MDC,Matney 7,,jessica_simons@fws.gov_fws,8/25/2021 22:07,11.44323187,,823756,Smartweed,low,0.15
{F1ED5D36-6465-4C34-9CAF-4D60B28FB5BA},41.43956274,-120.5314324,MDC,Matney 7,,jessica_simons@fws.gov_fws,8/25/2021 22:07,11.44323187,,823756,Smartweed,medium,0.2
{F1ED5D36-6465-4C34-9CAF-4D60B28FB5BA},41.43956274,-120.5314324,MDC,Matney 7,,jessica_simons@fws.gov_fws,8/25/2021 22:07,11.44323187,,NA,Other cover,NA,0.2
{224F39FB-56B4-4102-B700-35F2DB1E4EFC},41.44142163,-120.5284736,MDC,Matney 8,,jessica_simons@fws.gov_fws,8/25/2021 22:13,12.62884511,,823756,Smartweed,medium,0.01
{224F39FB-56B4-4102-B700-35F2DB1E4EFC},41.44142163,-120.5284736,MDC,Matney 8,,jessica_simons@fws.gov_fws,8/25/2021 22:13,12.62884511,,502210,Watergrass,high,0.1
{224F39FB-56B4-4102-B700-35F2DB1E4EFC},41.44142163,-120.5284736,MDC,Matney 8,,jessica_simons@fws.gov_fws,8/25/2021 22:13,12.62884511,,41605,Swamp Timothy,low,0.15
{224F39FB-56B4-4102-B700-35F2DB1E4EFC},41.44142163,-120.5284736,MDC,Matney 8,,jessica_simons@fws.gov_fws,8/25/2021 22:13,12.62884511,,823756,Smartweed,low,0.15
{224F39FB-56B4-4102-B700-35F2DB1E4EFC},41.44142163,-120.5284736,MDC,Matney 8,,jessica_simons@fws.gov_fws,8/25/2021 22:13,12.62884511,,502210,Watergrass,low,0.15
{224F39FB-56B4-4102-B700-35F2DB1E4EFC},41.44142163,-120.5284736,MDC,Matney 8,,jessica_simons@fws.gov_fws,8/25/2021 22:13,12.62884511,,NA,Other cover,NA,0.2
{224F39FB-56B4-4102-B700-35F2DB1E4EFC},41.44142163,-120.5284736,MDC,Matney 8,,jessica_simons@fws.gov_fws,8/25/2021 22:13,12.62884511,,502210,Watergrass,medium,0.25
{3E0CFF73-0278-4A5A-A73A-D625D403E3DC},41.42371458,-120.5375837,MDC,South Dam Pond,,jessica_simons@fws.gov_fws,8/26/2021 16:29,4.519262404,,823756,Smartweed,high,0.05
{3E0CFF73-0278-4A5A-A73A-D625D403E3DC},41.42371458,-120.5375837,MDC,South Dam Pond,,jessica_simons@fws.gov_fws,8/26/2021 16:29,4.519262404,,823756,Smartweed,medium,0.05
{3E0CFF73-0278-4A5A-A73A-D625D403E3DC},41.42371458,-120.5375837,MDC,South Dam Pond,,jessica_simons@fws.gov_fws,8/26/2021 16:29,4.519262404,,502210,Watergrass,low,0.05
{3E0CFF73-0278-4A5A-A73A-D625D403E3DC},41.42371458,-120.5375837,MDC,South Dam Pond,,jessica_simons@fws.gov_fws,8/26/2021 16:29,4.519262404,,NA,Other cover,NA,0.1
{3E0CFF73-0278-4A5A-A73A-D625D403E3DC},41.42371458,-120.5375837,MDC,South Dam Pond,,jessica_simons@fws.gov_fws,8/26/2021 16:29,4.519262404,,823756,Smartweed,low,0.2
{3E0CFF73-0278-4A5A-A73A-D625D403E3DC},41.42371458,-120.5375837,MDC,South Dam Pond,,jessica_simons@fws.gov_fws,8/26/2021 16:29,4.519262404,,41605,Swamp Timothy,high,0.25
{3E0CFF73-0278-4A5A-A73A-D625D403E3DC},41.42371458,-120.5375837,MDC,South Dam Pond,,jessica_simons@fws.gov_fws,8/26/2021 16:29,4.519262404,,41605,Swamp Timothy,medium,0.3
{B2E6AF12-3A25-45C7-AFE1-029C208C3954},41.48459168,-120.5217611,MDC,Grandma Tract 2,,jessica_simons@fws.gov_fws,8/26/2021 20:14,8.195369025,,41605,Swamp Timothy,low,0.01
{B2E6AF12-3A25-45C7-AFE1-029C208C3954},41.48459168,-120.5217611,MDC,Grandma Tract 2,,jessica_simons@fws.gov_fws,8/26/2021 20:14,8.195369025,,502210,Watergrass,low,0.01
{B2E6AF12-3A25-45C7-AFE1-029C208C3954},41.48459168,-120.5217611,MDC,Grandma Tract 2,,jessica_simons@fws.gov_fws,8/26/2021 20:14,8.195369025,,823756,Smartweed,low,0.01
{B2E6AF12-3A25-45C7-AFE1-029C208C3954},41.48459168,-120.5217611,MDC,Grandma Tract 2,,jessica_simons@fws.gov_fws,8/26/2021 20:14,8.195369025,,823756,Smartweed,high,0.05
{B2E6AF12-3A25-45C7-AFE1-029C208C3954},41.48459168,-120.5217611,MDC,Grandma Tract 2,,jessica_simons@fws.gov_fws,8/26/2021 20:14,8.195369025,,823756,Smartweed,medium,0.1
{B2E6AF12-3A25-45C7-AFE1-029C208C3954},41.48459168,-120.5217611,MDC,Grandma Tract 2,,jessica_simons@fws.gov_fws,8/26/2021 20:14,8.195369025,,NA,Other cover,NA,0.85
{39E0D29F-02FC-4ADD-91D9-7DD93BC7C34C},41.48215581,-120.5193204,MDC,Grandma Tract 8,,jessica_simons@fws.gov_fws,8/26/2021 20:20,13.05349995,No food =78%,502210,Watergrass,low,0.01
{39E0D29F-02FC-4ADD-91D9-7DD93BC7C34C},41.48215581,-120.5193204,MDC,Grandma Tract 8,,jessica_simons@fws.gov_fws,8/26/2021 20:20,13.05349995,No food =78%,41605,Swamp Timothy,low,0.01
{39E0D29F-02FC-4ADD-91D9-7DD93BC7C34C},41.48215581,-120.5193204,MDC,Grandma Tract 8,,jessica_simons@fws.gov_fws,8/26/2021 20:20,13.05349995,No food =78%,823756,Smartweed,medium,0.05
{39E0D29F-02FC-4ADD-91D9-7DD93BC7C34C},41.48215581,-120.5193204,MDC,Grandma Tract 8,,jessica_simons@fws.gov_fws,8/26/2021 20:20,13.05349995,No food =78%,823756,Smartweed,high,0.05
{39E0D29F-02FC-4ADD-91D9-7DD93BC7C34C},41.48215581,-120.5193204,MDC,Grandma Tract 8,,jessica_simons@fws.gov_fws,8/26/2021 20:20,13.05349995,No food =78%,823756,Smartweed,low,0.1
{39E0D29F-02FC-4ADD-91D9-7DD93BC7C34C},41.48215581,-120.5193204,MDC,Grandma Tract 8,,jessica_simons@fws.gov_fws,8/26/2021 20:20,13.05349995,No food =78%,NA,Other cover,NA,0.8
{676DDCE8-2CF7-4E87-9B20-9521DAE3B3C6},41.48500752,-120.5192079,MDC,Grandma Tract 3,,jessica_simons@fws.gov_fws,8/26/2021 20:31,14.68664816,,502210,Watergrass,medium,0.05
{676DDCE8-2CF7-4E87-9B20-9521DAE3B3C6},41.48500752,-120.5192079,MDC,Grandma Tract 3,,jessica_simons@fws.gov_fws,8/26/2021 20:31,14.68664816,,502210,Watergrass,low,0.3
{676DDCE8-2CF7-4E87-9B20-9521DAE3B3C6},41.48500752,-120.5192079,MDC,Grandma Tract 3,,jessica_simons@fws.gov_fws,8/26/2021 20:31,14.68664816,,NA,Other cover,NA,0.65
{6EC46060-DCD8-406C-9197-7614C657217E},41.48229628,-120.5161509,MDC,Grandma Tract 9,,jessica_simons@fws.gov_fws,8/26/2021 20:37,13.8637275,,41605,Swamp Timothy,low,0.01
{6EC46060-DCD8-406C-9197-7614C657217E},41.48229628,-120.5161509,MDC,Grandma Tract 9,,jessica_simons@fws.gov_fws,8/26/2021 20:37,13.8637275,,823756,Smartweed,low,0.1
{6EC46060-DCD8-406C-9197-7614C657217E},41.48229628,-120.5161509,MDC,Grandma Tract 9,,jessica_simons@fws.gov_fws,8/26/2021 20:37,13.8637275,,823756,Smartweed,medium,0.1
{6EC46060-DCD8-406C-9197-7614C657217E},41.48229628,-120.5161509,MDC,Grandma Tract 9,,jessica_simons@fws.gov_fws,8/26/2021 20:37,13.8637275,,502210,Watergrass,low,0.1
{6EC46060-DCD8-406C-9197-7614C657217E},41.48229628,-120.5161509,MDC,Grandma Tract 9,,jessica_simons@fws.gov_fws,8/26/2021 20:37,13.8637275,,NA,Other cover,NA,0.7
{086E5F63-031A-4A17-A617-B1C5BEC7A989},41.48429081,-120.5159213,MDC,Grandma Tract 4,,jessica_simons@fws.gov_fws,8/26/2021 20:41,6.727236115,,823756,Smartweed,low,0.05
{086E5F63-031A-4A17-A617-B1C5BEC7A989},41.48429081,-120.5159213,MDC,Grandma Tract 4,,jessica_simons@fws.gov_fws,8/26/2021 20:41,6.727236115,,823756,Smartweed,high,0.05
{086E5F63-031A-4A17-A617-B1C5BEC7A989},41.48429081,-120.5159213,MDC,Grandma Tract 4,,jessica_simons@fws.gov_fws,8/26/2021 20:41,6.727236115,,NA,Other cover,NA,0.9
{7EA70447-7808-466E-8C0D-A3AEFB657A64},41.48266614,-120.5126083,MDC,Grandma Tract 10,,jessica_simons@fws.gov_fws,8/26/2021 20:45,8.586521156,,823756,Smartweed,medium,0.05
{7EA70447-7808-466E-8C0D-A3AEFB657A64},41.48266614,-120.5126083,MDC,Grandma Tract 10,,jessica_simons@fws.gov_fws,8/26/2021 20:45,8.586521156,,502210,Watergrass,low,0.05
{7EA70447-7808-466E-8C0D-A3AEFB657A64},41.48266614,-120.5126083,MDC,Grandma Tract 10,,jessica_simons@fws.gov_fws,8/26/2021 20:45,8.586521156,,823756,Smartweed,low,0.1
{7EA70447-7808-466E-8C0D-A3AEFB657A64},41.48266614,-120.5126083,MDC,Grandma Tract 10,,jessica_simons@fws.gov_fws,8/26/2021 20:45,8.586521156,,41605,Swamp Timothy,low,0.1
{7EA70447-7808-466E-8C0D-A3AEFB657A64},41.48266614,-120.5126083,MDC,Grandma Tract 10,,jessica_simons@fws.gov_fws,8/26/2021 20:45,8.586521156,,NA,Other cover,NA,0.7
{6C3C6367-5C28-40ED-A115-CA91A8753539},41.48242163,-120.5091809,MDC,Grandma Tract 11,,jessica_simons@fws.gov_fws,8/26/2021 20:50,10.10012191,,823756,Smartweed,low,0.1
{6C3C6367-5C28-40ED-A115-CA91A8753539},41.48242163,-120.5091809,MDC,Grandma Tract 11,,jessica_simons@fws.gov_fws,8/26/2021 20:50,10.10012191,,NA,Other cover,NA,0.9
{184EDFC3-1460-4CA8-817C-12CD1A4EBBE2},41.46181923,-120.5284161,MDC,Lower Goose Pond,,jessica_simons@fws.gov_fws,8/26/2021 21:11,12.32101092,,823756,Smartweed,low,0.1
{184EDFC3-1460-4CA8-817C-12CD1A4EBBE2},41.46181923,-120.5284161,MDC,Lower Goose Pond,,jessica_simons@fws.gov_fws,8/26/2021 21:11,12.32101092,,502210,Watergrass,low,0.1
{184EDFC3-1460-4CA8-817C-12CD1A4EBBE2},41.46181923,-120.5284161,MDC,Lower Goose Pond,,jessica_simons@fws.gov_fws,8/26/2021 21:11,12.32101092,,41605,Swamp Timothy,low,0.1
{184EDFC3-1460-4CA8-817C-12CD1A4EBBE2},41.46181923,-120.5284161,MDC,Lower Goose Pond,,jessica_simons@fws.gov_fws,8/26/2021 21:11,12.32101092,,823756,Smartweed,medium,0.15
{184EDFC3-1460-4CA8-817C-12CD1A4EBBE2},41.46181923,-120.5284161,MDC,Lower Goose Pond,,jessica_simons@fws.gov_fws,8/26/2021 21:11,12.32101092,,NA,Other cover,NA,0.2
{184EDFC3-1460-4CA8-817C-12CD1A4EBBE2},41.46181923,-120.5284161,MDC,Lower Goose Pond,,jessica_simons@fws.gov_fws,8/26/2021 21:11,12.32101092,,823756,Smartweed,high,0.35
