GlobalID_CP,decimalLongitude,decimalLatitude,LIT,unitName,subunitName,recordedBy,eventDate,plotStatus,eventRemarks,taxonID,vernacularName,stratum,proportionVisibleArea
36,-119.3850149,35.90705078,PIX,8B,,GG,9/3/2020 17:07,Complete,,41605,Swamp Timothy,high,1
39,-119.3899675,35.90774059,PIX,7B,,GG,9/4/2020 15:34,Complete,,41605,Swamp Timothy,high,1
41,-119.380345,35.90745054,PIX,9B,,MJ,8/26/2020 16:03,Complete,,41605,Swamp Timothy,medium,0.1
41,-119.380345,35.90745054,PIX,9B,,MJ,8/26/2020 16:03,Complete,,41605,Swamp Timothy,high,0.75
43,-119.388628,35.90797058,PIX,7B,,GG,9/4/2020 16:59,Complete,,41605,Swamp Timothy,medium,0.05
43,-119.388628,35.90797058,PIX,7B,,GG,9/4/2020 16:59,Complete,,41605,Swamp Timothy,high,0.95
46,-119.3846094,35.90866043,PIX,8B,,GG,9/3/2020 17:04,Complete,,41605,Swamp Timothy,medium,0.05
46,-119.3846094,35.90866043,PIX,8B,,GG,9/3/2020 17:04,Complete,,41605,Swamp Timothy,high,0.95
49,-119.3826062,35.90887034,PIX,9B,,MJ,8/26/2020 15:44,Complete,,NA,Other cover,NA,0.15
49,-119.3826062,35.90887034,PIX,9B,,MJ,8/26/2020 15:44,Complete,,41605,Swamp Timothy,high,0.75
50,-119.391553,35.90941019,PIX,7B,,,01/00/1900 00:00,Complete,,41605,Swamp Timothy,low,0.1
50,-119.391553,35.90941019,PIX,7B,,,01/00/1900 00:00,Complete,,NA,Other cover,NA,0.55
50,-119.391553,35.90941019,PIX,7B,,,01/00/1900 00:00,Complete,,41605,Swamp Timothy,high,0.75
51,-119.3995044,35.9099195,PIX,6,,,01/00/1900 00:00,Complete,,41605,Swamp Timothy,medium,0.1
51,-119.3995044,35.9099195,PIX,6,,,01/00/1900 00:00,Complete,,41605,Swamp Timothy,low,0.15
51,-119.3995044,35.9099195,PIX,6,,,01/00/1900 00:00,Complete,,41605,Swamp Timothy,high,0.2
54,-119.388542,35.90986018,PIX,8B,,MJ,9/2/2020 17:28,Complete,,41605,Swamp Timothy,high,0.8
57,-119.3832206,35.90997012,PIX,9B,,MJ,8/24/2020 18:18,Complete,,502210,Watergrass,low,0.01
57,-119.3832206,35.90997012,PIX,9B,,MJ,8/24/2020 18:18,Complete,,NA,Other cover,NA,0.05
57,-119.3832206,35.90997012,PIX,9B,,MJ,8/24/2020 18:18,Complete,,41605,Swamp Timothy,high,1
58,-119.3908279,35.91073994,PIX,7A,,GG,9/4/2020 15:07,Complete,,41605,Swamp Timothy,low,0.2
58,-119.3908279,35.91073994,PIX,7A,,GG,9/4/2020 15:07,Complete,,41605,Swamp Timothy,high,0.75
59,-119.3871779,35.91063003,PIX,8A,,MJ,9/2/2020 17:21,Complete,,NA,Other cover,NA,0.01
59,-119.3871779,35.91063003,PIX,8A,,MJ,9/2/2020 17:21,Complete,,41605,Swamp Timothy,high,0.2
59,-119.3871779,35.91063003,PIX,8A,,MJ,9/2/2020 17:21,Complete,,41605,Swamp Timothy,medium,0.75
61,-119.3931139,35.91161966,PIX,7A,,GG,9/4/2020 15:15,Complete,,41605,Swamp Timothy,low,0.1
61,-119.3931139,35.91161966,PIX,7A,,GG,9/4/2020 15:15,Complete,,41605,Swamp Timothy,high,0.9
63,-119.3888001,35.91148984,PIX,8A,,MJ,9/2/2020 17:07,Complete,,41605,Swamp Timothy,medium,0.85
64,-119.4017293,35.9121488,PIX,6,,GG,9/4/2020 16:49,Complete,,41605,Swamp Timothy,medium,0.15
64,-119.4017293,35.9121488,PIX,6,,GG,9/4/2020 16:49,Complete,,41605,Swamp Timothy,high,0.25
64,-119.4017293,35.9121488,PIX,6,,GG,9/4/2020 16:49,Complete,,41605,Swamp Timothy,low,0.6
67,-119.382815,35.91157977,PIX,9A,,MJ,8/26/2020 16:19,Complete,,41605,Swamp Timothy,high,1
69,-119.3854573,35.91192975,PIX,9A,,MJ,8/26/2020 16:44,Complete,,41605,Swamp Timothy,medium,0.9
71,-119.3910861,35.9123696,PIX,8A,,MJ,9/2/2020 16:56,Complete,,41605,Swamp Timothy,high,0.9
72,-119.392733,35.91268946,PIX,7A,,GG,9/3/2020 18:29,Complete,,41605,Swamp Timothy,medium,0.1
72,-119.392733,35.91268946,PIX,7A,,GG,9/3/2020 18:29,Complete,,41605,Swamp Timothy,high,0.9
75,-119.3834294,35.91267955,PIX,9A,,MJ,8/26/2020 16:29,Complete,,502210,Watergrass,high,0.05
75,-119.3834294,35.91267955,PIX,9A,,MJ,8/26/2020 16:29,Complete,,41605,Swamp Timothy,high,0.8
75,-119.3834294,35.91267955,PIX,9A,,MJ,8/26/2020 16:29,Complete,,NA,Other cover,NA,0.95
76,-119.3983252,35.91393881,PIX,1,,GG,9/4/2020 18:30,Complete,,41605,Swamp Timothy,low,0.025
77,-119.3960023,35.91386902,PIX,2A,,,01/00/1900 00:00,Complete,,41605,Swamp Timothy,low,0.05
77,-119.3960023,35.91386902,PIX,2A,,,01/00/1900 00:00,Complete,,502210,Watergrass,low,0.05
77,-119.3960023,35.91386902,PIX,2A,,,01/00/1900 00:00,Complete,,41605,Swamp Timothy,high,0.95
79,-119.3903488,35.91396929,PIX,3,,MJ,9/1/2020 16:56,Complete,,41605,Swamp Timothy,medium,0.9
83,-119.3863421,35.91438924,PIX,4A,,MJ,8/27/2020 15:35,Complete,,NA,Other cover,NA,0.55
83,-119.3863421,35.91438924,PIX,4A,,MJ,8/27/2020 15:35,Complete,,41605,Swamp Timothy,medium,0.9
86,-119.3989276,35.91530847,PIX,2A,,,01/00/1900 00:00,Complete,,NA,Other cover,NA,0.05
86,-119.3989276,35.91530847,PIX,2A,,,01/00/1900 00:00,Complete,,41605,Swamp Timothy,low,0.15
86,-119.3989276,35.91530847,PIX,2A,,,01/00/1900 00:00,Complete,,41605,Swamp Timothy,high,0.3
87,-119.3952773,35.9151988,PIX,2,,,01/00/1900 00:00,Complete,,41605,Swamp Timothy,low,0.1
87,-119.3952773,35.9151988,PIX,2,,,01/00/1900 00:00,Complete,,502210,Watergrass,low,0.15
87,-119.3952773,35.9151988,PIX,2,,,01/00/1900 00:00,Complete,,41605,Swamp Timothy,medium,0.15
87,-119.3952773,35.9151988,PIX,2,,,01/00/1900 00:00,Complete,,NA,Other cover,NA,0.2
87,-119.3952773,35.9151988,PIX,2,,,01/00/1900 00:00,Complete,,41605,Swamp Timothy,high,0.7
88,-119.4068798,35.91581733,PIX,1,,GG,9/4/2020 18:46,Complete,,41605,Swamp Timothy,high,0.15
88,-119.4068798,35.91581733,PIX,1,,GG,9/4/2020 18:46,Complete,,41605,Swamp Timothy,medium,0.3
88,-119.4068798,35.91581733,PIX,1,,GG,9/4/2020 18:46,Complete,,41605,Swamp Timothy,low,0.35
89,-119.3929421,35.91539889,PIX,3,,MJ,9/2/2020 16:33,Complete,,502210,Watergrass,low,0.025
89,-119.3929421,35.91539889,PIX,3,,MJ,9/2/2020 16:33,Complete,,41605,Swamp Timothy,high,1
91,-119.3905824,35.91613883,PIX,3,,MJ,9/1/2020 17:05,Complete,,502210,Watergrass,high,0.05
91,-119.3905824,35.91613883,PIX,3,,MJ,9/1/2020 17:05,Complete,,41605,Swamp Timothy,medium,0.75
94,-119.3855924,35.91625883,PIX,4,,MJ,8/24/2020 16:00,Complete,,502210,Watergrass,medium,0.05
94,-119.3855924,35.91625883,PIX,4,,MJ,8/24/2020 16:00,Complete,,41605,Swamp Timothy,high,0.95
100,-119.3845476,35.91730859,PIX,4,,MJ,8/24/2020 16:17,Complete,,502210,Watergrass,low,0.01
100,-119.3845476,35.91730859,PIX,4,,MJ,8/24/2020 16:17,Complete,,41605,Swamp Timothy,medium,0.9
101,-119.4011281,35.91807768,PIX,2A,,GG,9/4/2020 17:57,Complete,,41605,Swamp Timothy,medium,0.05
101,-119.4011281,35.91807768,PIX,2A,,GG,9/4/2020 17:57,Complete,,NA,Other cover,NA,0.2
101,-119.4011281,35.91807768,PIX,2A,,GG,9/4/2020 17:57,Complete,,41605,Swamp Timothy,high,0.95
102,-119.3988051,35.91800794,PIX,2,,GG,9/4/2020 17:25,Complete,,41605,Swamp Timothy,low,0.1
102,-119.3988051,35.91800794,PIX,2,,GG,9/4/2020 17:25,Complete,,41605,Swamp Timothy,high,0.7
104,-119.3921557,35.91807837,PIX,3A,,MJ,8/31/2020 15:52,Complete,,502210,Watergrass,low,0.1
104,-119.3921557,35.91807837,PIX,3A,,MJ,8/31/2020 15:52,Complete,,41605,Swamp Timothy,high,0.95
105,-119.3865142,35.9179085,PIX,4A,,MJ,8/27/2020 15:22,Complete,,502210,Watergrass,low,0.01
105,-119.3865142,35.9179085,PIX,4A,,MJ,8/27/2020 15:22,Complete,,NA,Other cover,NA,0.2
105,-119.3865142,35.9179085,PIX,4A,,MJ,8/27/2020 15:22,Complete,,41605,Swamp Timothy,high,0.9
109,-119.4096955,35.91968608,PIX,1,,GG,9/4/2020 19:03,Complete,,41605,Swamp Timothy,medium,0.1
109,-119.4096955,35.91968608,PIX,1,,GG,9/4/2020 19:03,Complete,,41605,Swamp Timothy,low,0.25
109,-119.4096955,35.91968608,PIX,1,,GG,9/4/2020 19:03,Complete,,41605,Swamp Timothy,high,0.45
112,-119.3964086,35.91955782,PIX,3A,,MJ,8/31/2020 16:07,Complete,,41605,Swamp Timothy,low,0.025
112,-119.3964086,35.91955782,PIX,3A,,MJ,8/31/2020 16:07,Complete,,502210,Watergrass,low,0.025
112,-119.3964086,35.91955782,PIX,3A,,MJ,8/31/2020 16:07,Complete,,41605,Swamp Timothy,high,0.95
113,-119.3910865,35.91966808,PIX,3A,,MJ,8/31/2020 15:40,Complete,,NA,Other cover,NA,0.7
113,-119.3910865,35.91966808,PIX,3A,,MJ,8/31/2020 15:40,Complete,,41605,Swamp Timothy,high,1
114,-119.399039,35.92017747,PIX,2,,GG,9/4/2020 17:42,Complete,,41605,Swamp Timothy,low,0.05
114,-119.399039,35.92017747,PIX,2,,GG,9/4/2020 17:42,Complete,,41605,Swamp Timothy,high,0.25
116,-119.3884193,35.91985808,PIX,4A,,MJ,8/27/2020 14:57,Complete,,41605,Swamp Timothy,medium,0.1
116,-119.3884193,35.91985808,PIX,4A,,MJ,8/27/2020 14:57,Complete,,41605,Swamp Timothy,low,0.15
116,-119.3884193,35.91985808,PIX,4A,,MJ,8/27/2020 14:57,Complete,,502210,Watergrass,medium,0.15
116,-119.3884193,35.91985808,PIX,4A,,MJ,8/27/2020 14:57,Complete,,41605,Swamp Timothy,high,0.4
117,-119.3857644,35.91977809,PIX,4,,MJ,8/24/2020 16:29,Complete,,502210,Watergrass,low,0.01
117,-119.3857644,35.91977809,PIX,4,,MJ,8/24/2020 16:29,Complete,,41605,Swamp Timothy,high,1
120,-119.618293,35.71894241,KRN,4B,4B-2,GG,8/13/2020 18:25,Complete,,41605,Swamp Timothy,low,0.2
120,-119.618293,35.71894241,KRN,4B,4B-2,GG,8/13/2020 18:25,Complete,,NA,Other cover,NA,0.5
120,-119.618293,35.71894241,KRN,4B,4B-2,GG,8/13/2020 18:25,Complete,,41605,Swamp Timothy,medium,0.8
124,-119.6245499,35.71992929,KRN,4B,4B-1,GG,8/13/2020 17:08,Complete,,41605,Swamp Timothy,low,0.15
124,-119.6245499,35.71992929,KRN,4B,4B-1,GG,8/13/2020 17:08,Complete,,41605,Swamp Timothy,medium,0.15
124,-119.6245499,35.71992929,KRN,4B,4B-1,GG,8/13/2020 17:08,Complete,,41605,Swamp Timothy,high,0.2
128,-119.6188981,35.72031113,KRN,4B,4B-2,GG,8/13/2020 18:16,Complete,,41605,Swamp Timothy,high,0.05
128,-119.6188981,35.72031113,KRN,4B,4B-2,GG,8/13/2020 18:16,Complete,,41605,Swamp Timothy,low,0.05
128,-119.6188981,35.72031113,KRN,4B,4B-2,GG,8/13/2020 18:16,Complete,,NA,Other cover,NA,0.5
129,-119.6215356,35.72065563,KRN,4B,4B-1,G.Grisdale,8/13/2020 14:12,Complete,,41605,Swamp Timothy,low,0.1
129,-119.6215356,35.72065563,KRN,4B,4B-1,G.Grisdale,8/13/2020 14:12,Complete,,41605,Swamp Timothy,medium,0.15
129,-119.6215356,35.72065563,KRN,4B,4B-1,G.Grisdale,8/13/2020 14:12,Complete,,41605,Swamp Timothy,high,0.25
129,-119.6215356,35.72065563,KRN,4B,4B-1,G.Grisdale,8/13/2020 14:12,Complete,,NA,Other cover,NA,0.7
133,-119.6237964,35.72207085,KRN,4B,4B-1,GG,8/13/2020 16:11,Complete,Mowed 100%,41605,Swamp Timothy,low,0.05
133,-119.6237964,35.72207085,KRN,4B,4B-1,GG,8/13/2020 16:11,Complete,Mowed 100%,41605,Swamp Timothy,high,0.25
135,-119.6175051,35.72189398,KRN,4B,4B-2,GG,8/13/2020 18:43,Complete,,41605,Swamp Timothy,medium,0.05
135,-119.6175051,35.72189398,KRN,4B,4B-2,GG,8/13/2020 18:43,Complete,,41605,Swamp Timothy,low,0.1
135,-119.6175051,35.72189398,KRN,4B,4B-2,GG,8/13/2020 18:43,Complete,,NA,Other cover,NA,0.15
140,-119.6204281,35.7233279,KRN,4A,4A-5,GG,8/24/2020 16:49,Complete,,NA,Other cover,NA,0.2
140,-119.6204281,35.7233279,KRN,4A,4A-5,GG,8/24/2020 16:49,Complete,,41605,Swamp Timothy,high,0.85
144,-119.6183842,35.72462211,KRN,4A,4A-5,GG,8/24/2020 17:07,Complete,,41605,Swamp Timothy,low,0.2
144,-119.6183842,35.72462211,KRN,4A,4A-5,GG,8/24/2020 17:07,Complete,,41605,Swamp Timothy,high,0.6
145,-119.6206907,35.72495732,KRN,4A,4A-2,GG,8/24/2020 17:50,Complete,,41605,Swamp Timothy,medium,0.05
145,-119.6206907,35.72495732,KRN,4A,4A-2,GG,8/24/2020 17:50,Complete,,41605,Swamp Timothy,high,0.95
146,-119.616386,35.72483622,KRN,4A,4A-5,GG,8/24/2020 17:26,Complete,,NA,Other cover,NA,0.15
146,-119.616386,35.72483622,KRN,4A,4A-5,GG,8/24/2020 17:26,Complete,,41605,Swamp Timothy,high,1
156,-119.6206337,35.72630742,KRN,4A,4A-2,GG,8/24/2020 18:04,Complete,,NA,Other cover,NA,0.05
156,-119.6206337,35.72630742,KRN,4A,4A-2,GG,8/24/2020 18:04,Complete,,41605,Swamp Timothy,low,0.4
156,-119.6206337,35.72630742,KRN,4A,4A-2,GG,8/24/2020 18:04,Complete,,41605,Swamp Timothy,high,0.45
161,-119.6219354,35.72688469,KRN,4A,4A-2,GG,8/24/2020 18:27,Complete,,41605,Swamp Timothy,low,0.1
161,-119.6219354,35.72688469,KRN,4A,4A-2,GG,8/24/2020 18:27,Complete,,NA,Other cover,NA,0.2
161,-119.6219354,35.72688469,KRN,4A,4A-2,GG,8/24/2020 18:27,Complete,,41605,Swamp Timothy,high,0.85
164,-119.6235683,35.72747125,KRN,4A,4A-1,GG,8/25/2020 17:09,Complete,,41605,Swamp Timothy,high,0.4
164,-119.6235683,35.72747125,KRN,4A,4A-1,GG,8/25/2020 17:09,Complete,,41605,Swamp Timothy,low,0.4
164,-119.6235683,35.72747125,KRN,4A,4A-1,GG,8/25/2020 17:09,Complete,,NA,Other cover,NA,0.65
175,-119.6112473,35.72874653,KRN,4A,4A-6,GG,8/24/2020 21:19,Complete,,41605,Swamp Timothy,low,0.05
175,-119.6112473,35.72874653,KRN,4A,4A-6,GG,8/24/2020 21:19,Complete,,41605,Swamp Timothy,high,0.3
175,-119.6112473,35.72874653,KRN,4A,4A-6,GG,8/24/2020 21:19,Complete,,NA,Other cover,NA,0.95
178,-119.6135424,35.7293519,KRN,4A,4A-6,GG,8/24/2020 22:08,Complete,,41605,Swamp Timothy,low,0.05
178,-119.6135424,35.7293519,KRN,4A,4A-6,GG,8/24/2020 22:08,Complete,,NA,Other cover,NA,0.05
182,-119.6088834,35.72976122,KRN,4A,4A-6,GG,8/24/2020 20:56,Complete,,41605,Swamp Timothy,high,0.15
182,-119.6088834,35.72976122,KRN,4A,4A-6,GG,8/24/2020 20:56,Complete,,41605,Swamp Timothy,low,0.8
185,-119.621787,35.73039494,KRN,4A,4A-1,GG,8/25/2020 16:57,Complete,,NA,Other cover,NA,0.05
185,-119.621787,35.73039494,KRN,4A,4A-1,GG,8/25/2020 16:57,Complete,,41605,Swamp Timothy,low,0.3
185,-119.621787,35.73039494,KRN,4A,4A-1,GG,8/25/2020 16:57,Complete,,41605,Swamp Timothy,high,0.7
190,-119.6164542,35.73105594,KRN,4A,4A-3,GG,8/25/2020 15:12,Complete,,NA,Other cover,NA,0.1
190,-119.6164542,35.73105594,KRN,4A,4A-3,GG,8/25/2020 15:12,Complete,,41605,Swamp Timothy,high,0.95
194,-119.6174248,35.73162394,KRN,4A,4A-3,GG,8/24/2020 22:33,Complete,,NA,Other cover,NA,0.25
194,-119.6174248,35.73162394,KRN,4A,4A-3,GG,8/24/2020 22:33,Complete,,41605,Swamp Timothy,high,0.9
195,-119.6213873,35.73200574,KRN,4A,4A-1,GG,8/25/2020 16:45,Complete,,41605,Swamp Timothy,medium,0.2
195,-119.6213873,35.73200574,KRN,4A,4A-1,GG,8/25/2020 16:45,Complete,,41605,Swamp Timothy,low,0.55
196,-119.6147641,35.73181937,KRN,4A,4A-3,GG,8/25/2020 14:57,Complete,,NA,Other cover,NA,0.05
196,-119.6147641,35.73181937,KRN,4A,4A-3,GG,8/25/2020 14:57,Complete,,41605,Swamp Timothy,high,1
202,-119.6124116,35.7325641,KRN,5A,5A-7,GG,8/27/2020 17:05,Complete,,41605,Swamp Timothy,high,0.4
202,-119.6124116,35.7325641,KRN,5A,5A-7,GG,8/27/2020 17:05,Complete,,41605,Swamp Timothy,low,0.55
206,-119.6203253,35.73359792,KRN,5A,5A-4,GG,8/25/2020 17:49,Complete,,NA,Other cover,NA,0.05
206,-119.6203253,35.73359792,KRN,5A,5A-4,GG,8/25/2020 17:49,Complete,,41605,Swamp Timothy,low,0.15
206,-119.6203253,35.73359792,KRN,5A,5A-4,GG,8/25/2020 17:49,Complete,,41605,Swamp Timothy,medium,0.85
212,-119.6186352,35.7343614,KRN,5A,5A-4,,01/00/1900 00:00,Complete,,41605,Swamp Timothy,medium,0.25
212,-119.6186352,35.7343614,KRN,5A,5A-4,,01/00/1900 00:00,Complete,,41605,Swamp Timothy,low,0.3
212,-119.6186352,35.7343614,KRN,5A,5A-4,,01/00/1900 00:00,Complete,,41605,Swamp Timothy,high,0.4
221,-119.6136218,35.7353016,KRN,5A,5A-7,GG,8/27/2020 16:35,Complete,,41605,Swamp Timothy,medium,0.15
221,-119.6136218,35.7353016,KRN,5A,5A-7,GG,8/27/2020 16:35,Complete,,41605,Swamp Timothy,high,0.2
221,-119.6136218,35.7353016,KRN,5A,5A-7,GG,8/27/2020 16:35,Complete,,NA,Other cover,NA,0.3
221,-119.6136218,35.7353016,KRN,5A,5A-7,GG,8/27/2020 16:35,Complete,,41605,Swamp Timothy,low,0.65
222,-119.6195716,35.73573944,KRN,5A,5A-4,GG,8/25/2020 18:23,Complete,,41605,Swamp Timothy,high,0.2
222,-119.6195716,35.73573944,KRN,5A,5A-4,GG,8/25/2020 18:23,Complete,,41605,Swamp Timothy,medium,0.2
222,-119.6195716,35.73573944,KRN,5A,5A-4,GG,8/25/2020 18:23,Complete,,NA,Other cover,NA,0.2
222,-119.6195716,35.73573944,KRN,5A,5A-4,GG,8/25/2020 18:23,Complete,,41605,Swamp Timothy,low,0.3
225,-119.6212161,35.73605602,KRN,5A,5A-1,GG,8/27/2020 17:28,Complete,,NA,Other cover,NA,0.05
225,-119.6212161,35.73605602,KRN,5A,5A-1,GG,8/27/2020 17:28,Complete,,41605,Swamp Timothy,low,0.1
225,-119.6212161,35.73605602,KRN,5A,5A-1,GG,8/27/2020 17:28,Complete,,41605,Swamp Timothy,high,0.7
226,-119.6109495,35.73576695,KRN,5A,5A-7,GG,8/27/2020 16:55,Complete,,502210,Watergrass,medium,0.15
226,-119.6109495,35.73576695,KRN,5A,5A-7,GG,8/27/2020 16:55,Complete,,NA,Other cover,NA,0.2
226,-119.6109495,35.73576695,KRN,5A,5A-7,GG,8/27/2020 16:55,Complete,,502210,Watergrass,high,0.8
229,-119.6162141,35.73672631,KRN,5A,5A-3,GG,8/27/2020 18:25,Complete,,41605,Swamp Timothy,low,0.2
229,-119.6162141,35.73672631,KRN,5A,5A-3,GG,8/27/2020 18:25,Complete,,41605,Swamp Timothy,medium,0.3
229,-119.6162141,35.73672631,KRN,5A,5A-3,GG,8/27/2020 18:25,Complete,,41605,Swamp Timothy,high,0.4
232,-119.6188521,35.7370709,KRN,5A,5A-3,GG,8/27/2020 18:09,Complete,,41605,Swamp Timothy,medium,0.2
232,-119.6188521,35.7370709,KRN,5A,5A-3,GG,8/27/2020 18:09,Complete,,41605,Swamp Timothy,low,0.8
238,-119.617139,35.73837439,KRN,5A,5A-3,GG,8/31/2020 15:07,Complete,,NA,Other cover,NA,0.1
238,-119.617139,35.73837439,KRN,5A,5A-3,GG,8/31/2020 15:07,Complete,,41605,Swamp Timothy,low,0.15
238,-119.617139,35.73837439,KRN,5A,5A-3,GG,8/31/2020 15:07,Complete,,41605,Swamp Timothy,high,0.85
239,-119.621433,35.73876552,KRN,5A,5A-1,GG,8/27/2020 17:41,Complete,,41605,Swamp Timothy,medium,0.25
239,-119.621433,35.73876552,KRN,5A,5A-1,GG,8/27/2020 17:41,Complete,,41605,Swamp Timothy,high,0.65
245,-119.6108006,35.73927715,KRN,5B,5B-7,GG,8/31/2020 16:06,Complete,,41605,Swamp Timothy,medium,0.35
245,-119.6108006,35.73927715,KRN,5B,5B-7,GG,8/31/2020 16:06,Complete,,NA,Other cover,NA,0.5
245,-119.6108006,35.73927715,KRN,5B,5B-7,GG,8/31/2020 16:06,Complete,,41605,Swamp Timothy,high,0.65
246,-119.6194002,35.73978971,KRN,5A,5A-1,GG,8/27/2020 17:53,Complete,,41605,Swamp Timothy,high,0.25
246,-119.6194002,35.73978971,KRN,5A,5A-1,GG,8/27/2020 17:53,Complete,,41605,Swamp Timothy,medium,0.25
246,-119.6194002,35.73978971,KRN,5A,5A-1,GG,8/27/2020 17:53,Complete,,NA,Other cover,NA,0.95
258,-119.6206793,35.74090704,KRN,5B,5B-2,GG,8/31/2020 18:19,Complete,,41605,Swamp Timothy,low,0.05
261,-119.6113828,35.74118594,KRN,5B,5B-7,GG,8/31/2020 16:11,Complete,,41605,Swamp Timothy,medium,0.15
261,-119.6113828,35.74118594,KRN,5B,5B-7,GG,8/31/2020 16:11,Complete,,NA,Other cover,NA,0.2
261,-119.6113828,35.74118594,KRN,5B,5B-7,GG,8/31/2020 16:11,Complete,,41605,Swamp Timothy,high,0.85
264,-119.6216272,35.74201506,KRN,5B,5B-2,GG,8/31/2020 18:34,Complete,,41605,Swamp Timothy,medium,0.1
264,-119.6216272,35.74201506,KRN,5B,5B-2,GG,8/31/2020 18:34,Complete,,NA,Other cover,NA,0.3
264,-119.6216272,35.74201506,KRN,5B,5B-2,GG,8/31/2020 18:34,Complete,,41605,Swamp Timothy,high,0.7
265,-119.6136783,35.74179133,KRN,5B,5B-5,GG,8/31/2020 16:45,Complete,,41605,Swamp Timothy,high,0.1
265,-119.6136783,35.74179133,KRN,5B,5B-5,GG,8/31/2020 16:45,Complete,,41605,Swamp Timothy,medium,0.1
265,-119.6136783,35.74179133,KRN,5B,5B-5,GG,8/31/2020 16:45,Complete,,41605,Swamp Timothy,low,0.5
265,-119.6136783,35.74179133,KRN,5B,5B-5,GG,8/31/2020 16:45,Complete,,NA,Other cover,NA,0.95
271,-119.6186121,35.74274127,KRN,5B,5B-3,GG,8/31/2020 18:05,Complete,,41605,Swamp Timothy,low,0.025
273,-119.6103204,35.74277801,KRN,5B,5B-7,GG,8/31/2020 16:23,Complete,,41605,Swamp Timothy,low,0.2
273,-119.6103204,35.74277801,KRN,5B,5B-7,GG,8/31/2020 16:23,Complete,,41605,Swamp Timothy,high,0.8
273,-119.6103204,35.74277801,KRN,5B,5B-7,GG,8/31/2020 16:23,Complete,,NA,Other cover,NA,0.95
274,-119.619914,35.74331858,KRN,5B,5B-2,GG,8/31/2020 18:42,Complete,,41605,Swamp Timothy,low,0.025
274,-119.619914,35.74331858,KRN,5B,5B-2,GG,8/31/2020 18:42,Complete,,NA,Other cover,NA,0.75
276,-119.6215472,35.74390518,KRN,5B,5B-1,GG,9/1/2020 14:53,Complete,,41605,Swamp Timothy,low,0.25
276,-119.6215472,35.74390518,KRN,5B,5B-1,GG,9/1/2020 14:53,Complete,,NA,Other cover,NA,0.75
280,-119.6168988,35.74404475,KRN,5B,5B-3,GG,8/31/2020 17:49,Complete,,41605,Swamp Timothy,low,0.05
280,-119.6168988,35.74404475,KRN,5B,5B-3,GG,8/31/2020 17:49,Complete,,41605,Swamp Timothy,high,0.2
280,-119.6168988,35.74404475,KRN,5B,5B-3,GG,8/31/2020 17:49,Complete,,NA,Other cover,NA,0.8
281,-119.6139179,35.74396079,KRN,5B,5B-5,,01/00/1900 00:00,Complete,,41605,Swamp Timothy,medium,0.05
281,-119.6139179,35.74396079,KRN,5B,5B-5,,01/00/1900 00:00,Complete,,NA,Other cover,NA,0.1
281,-119.6139179,35.74396079,KRN,5B,5B-5,,01/00/1900 00:00,Complete,,41605,Swamp Timothy,low,0.15
289,-119.6102517,35.74439811,KRN,5B,5B-6,GG,9/1/2020 15:54,Complete,,41605,Swamp Timothy,high,0.25
289,-119.6102517,35.74439811,KRN,5B,5B-6,GG,9/1/2020 15:54,Complete,,41605,Swamp Timothy,low,0.65
290,-119.6198455,35.74493869,KRN,5B,5B-1,GG,9/1/2020 15:26,Complete,,NA,Other cover,NA,0.05
290,-119.6198455,35.74493869,KRN,5B,5B-1,GG,9/1/2020 15:26,Complete,,41605,Swamp Timothy,medium,0.2
290,-119.6198455,35.74493869,KRN,5B,5B-1,GG,9/1/2020 15:26,Complete,,41605,Swamp Timothy,high,0.8
293,-119.6175041,35.74541348,KRN,5B,5B-3,GG,8/31/2020 17:36,Complete,,41605,Swamp Timothy,medium,0.15
293,-119.6175041,35.74541348,KRN,5B,5B-3,GG,8/31/2020 17:36,Complete,,NA,Other cover,NA,0.4
293,-119.6175041,35.74541348,KRN,5B,5B-3,GG,8/31/2020 17:36,Complete,,41605,Swamp Timothy,high,0.8
296,-119.6214673,35.74579531,KRN,5B,5B-1,,01/00/1900 00:00,Complete,,41605,Swamp Timothy,medium,0.05
296,-119.6214673,35.74579531,KRN,5B,5B-1,,01/00/1900 00:00,Complete,,41605,Swamp Timothy,low,0.1
296,-119.6214673,35.74579531,KRN,5B,5B-1,,01/00/1900 00:00,Complete,,41605,Swamp Timothy,high,0.45
296,-119.6214673,35.74579531,KRN,5B,5B-1,,01/00/1900 00:00,Complete,,NA,Other cover,NA,0.85
304,-119.6138149,35.74639094,KRN,5B,5B-5,GG,8/31/2020 17:09,Complete,,41605,Swamp Timothy,medium,0.05
304,-119.6138149,35.74639094,KRN,5B,5B-5,GG,8/31/2020 17:09,Complete,,41605,Swamp Timothy,low,0.1
304,-119.6138149,35.74639094,KRN,5B,5B-5,GG,8/31/2020 17:09,Complete,,NA,Other cover,NA,0.9
305,-119.6068593,35.74619473,KRN,5B,5B-6,GG,9/1/2020 16:39,Complete,,41605,Swamp Timothy,low,0.025
305,-119.6068593,35.74619473,KRN,5B,5B-6,GG,9/1/2020 16:39,Complete,,41605,Swamp Timothy,medium,0.05
305,-119.6068593,35.74619473,KRN,5B,5B-6,GG,9/1/2020 16:39,Complete,,NA,Other cover,NA,0.9
308,-119.611462,35.74713562,KRN,6A,6A-2,GG,9/1/2020 18:30,Complete,,41605,Swamp Timothy,low,0.1
308,-119.611462,35.74713562,KRN,6A,6A-2,GG,9/1/2020 18:30,Complete,,NA,Other cover,NA,0.45
309,-119.605477,35.74750738,KRN,6A,6A-5,GG,9/1/2020 16:54,Complete,,41605,Swamp Timothy,low,0.1
309,-119.605477,35.74750738,KRN,6A,6A-5,GG,9/1/2020 16:54,Complete,,41605,Swamp Timothy,medium,0.2
309,-119.605477,35.74750738,KRN,6A,6A-5,GG,9/1/2020 16:54,Complete,,41605,Swamp Timothy,high,0.25
310,-119.6154023,35.74805769,KRN,6A,6A-1,GG,9/2/2020 15:17,Complete,,NA,Other cover,NA,0.15
310,-119.6154023,35.74805769,KRN,6A,6A-1,GG,9/2/2020 15:17,Complete,,41605,Swamp Timothy,high,0.4
310,-119.6154023,35.74805769,KRN,6A,6A-1,GG,9/2/2020 15:17,Complete,,41605,Swamp Timothy,low,0.6
313,-119.6038094,35.7477306,KRN,6A,6A-5,GG,9/1/2020 17:01,Complete,,41605,Swamp Timothy,medium,0.25
313,-119.6038094,35.7477306,KRN,6A,6A-5,GG,9/1/2020 17:01,Complete,,41605,Swamp Timothy,high,0.3
313,-119.6038094,35.7477306,KRN,6A,6A-5,GG,9/1/2020 17:01,Complete,,41605,Swamp Timothy,low,0.3
322,-119.61434,35.7496498,KRN,6A,6A-1,GG,9/2/2020 15:23,Complete,,41605,Swamp Timothy,low,0.5
322,-119.61434,35.7496498,KRN,6A,6A-1,GG,9/2/2020 15:23,Complete,,41605,Swamp Timothy,medium,0.5
323,-119.6017531,35.74929449,KRN,6A,6A-5,GG,9/1/2020 17:13,Complete,,41605,Swamp Timothy,medium,0.35
323,-119.6017531,35.74929449,KRN,6A,6A-5,GG,9/1/2020 17:13,Complete,,NA,Other cover,NA,0.5
323,-119.6017531,35.74929449,KRN,6A,6A-5,GG,9/1/2020 17:13,Complete,,41605,Swamp Timothy,low,0.65
327,-119.6010447,35.7503558,KRN,6A,6A-4,GG,9/1/2020 17:28,Complete,,41605,Swamp Timothy,low,0.2
327,-119.6010447,35.7503558,KRN,6A,6A-4,GG,9/1/2020 17:28,Complete,,41605,Swamp Timothy,high,0.3
327,-119.6010447,35.7503558,KRN,6A,6A-4,GG,9/1/2020 17:28,Complete,,NA,Other cover,NA,0.6
329,-119.6043341,35.75098948,KRN,6A,6A-4,GG,9/1/2020 17:51,Complete,,41605,Swamp Timothy,high,0.15
329,-119.6043341,35.75098948,KRN,6A,6A-4,GG,9/1/2020 17:51,Complete,,41605,Swamp Timothy,low,0.25
330,-119.6030091,35.75095203,KRN,6A,6A-4,GG,9/1/2020 17:36,Complete,,41605,Swamp Timothy,high,0.3
330,-119.6030091,35.75095203,KRN,6A,6A-4,GG,9/1/2020 17:36,Complete,,41605,Swamp Timothy,low,0.35
330,-119.6030091,35.75095203,KRN,6A,6A-4,GG,9/1/2020 17:36,Complete,,41605,Swamp Timothy,medium,0.35
330,-119.6030091,35.75095203,KRN,6A,6A-4,GG,9/1/2020 17:36,Complete,,NA,Other cover,NA,0.35
331,-119.6126036,35.75149323,KRN,6A,6A-1,GG,9/2/2020 15:32,Complete,,41605,Swamp Timothy,medium,0.2
331,-119.6126036,35.75149323,KRN,6A,6A-1,GG,9/2/2020 15:32,Complete,,41605,Swamp Timothy,low,0.45
337,-119.6092453,35.75247986,KRN,6A,6A-2,GG,9/1/2020 18:04,Complete,,NA,Other cover,NA,0.05
337,-119.6092453,35.75247986,KRN,6A,6A-2,GG,9/1/2020 18:04,Complete,,41605,Swamp Timothy,low,0.25
337,-119.6092453,35.75247986,KRN,6A,6A-2,GG,9/1/2020 18:04,Complete,,41605,Swamp Timothy,high,0.75
381,-120.5121864,41.48025269,MDC,Grandma Tract 10,,JS ,8/24/2020 22:33,NotFood,,NA,Other cover,NA,0.95
383,-120.5139112,41.4820938,MDC,Grandma Tract 10,,JS ,8/24/2020 19:16,Complete,,502210,Watergrass,low,0.95
385,-120.5115281,41.48201338,MDC,Grandma Tract 10,,JS ,8/24/2020 22:48,NotFood,,NA,Other cover,NA,0.05
389,-120.52121,41.48556531,MDC,Grandma Tract 2,,JS ,8/25/2020 18:37,Complete,,502210,Watergrass,low,0.05
393,-120.5224419,41.48365635,MDC,Grandma Tract 2,,JS ,8/25/2020 17:49,Complete,100% smartweed ,502210,Watergrass,high,1
396,-120.5192011,41.48555069,MDC,Grandma Tract 3,,JS ,9/1/2020 17:23,Complete,Planted ,NA,Other cover,NA,0.4
396,-120.5192011,41.48555069,MDC,Grandma Tract 3,,JS ,9/1/2020 17:23,Complete,Planted ,502210,Watergrass,high,1
399,-120.5188674,41.48356287,MDC,Grandma Tract 3,,JS ,9/1/2020 16:38,Complete,,NA,Other cover,NA,0.5
399,-120.5188674,41.48356287,MDC,Grandma Tract 3,,JS ,9/1/2020 16:38,Complete,,502210,Watergrass,high,0.95
401,-120.514781,41.4839587,MDC,Grandma Tract 4,,JS ,8/25/2020 14:58,NotFood,,NA,Other cover,NA,0.5
402,-120.517389,41.48386634,MDC,Grandma Tract 4,,JS ,8/25/2020 15:37,Complete,40% smartweed,502210,Watergrass,low,0.3
403,-120.5153689,41.48609811,MDC,Grandma Tract 4,,JS ,8/25/2020 16:40,Complete,100% of plot planted in water grass ,NA,Other cover,NA,0.6
403,-120.5153689,41.48609811,MDC,Grandma Tract 4,,JS ,8/25/2020 16:40,Complete,100% of plot planted in water grass ,502210,Watergrass,low,1
404,-120.5156555,41.48484248,MDC,Grandma Tract 4,,JS ,8/25/2020 17:08,Complete,90% smartweed ,NA,Other cover,NA,0.4
404,-120.5156555,41.48484248,MDC,Grandma Tract 4,,JS ,8/25/2020 17:08,Complete,90% smartweed ,502210,Watergrass,high,0.95
405,-120.516835,41.4853653,MDC,Grandma Tract 4,,JS ,8/25/2020 15:52,Complete,60% of plot planted in watergrass,41605,Swamp Timothy,low,0.6
405,-120.516835,41.4853653,MDC,Grandma Tract 4,,JS ,8/25/2020 15:52,Complete,60% of plot planted in watergrass,NA,Other cover,NA,0.8
405,-120.516835,41.4853653,MDC,Grandma Tract 4,,JS ,8/25/2020 15:52,Complete,60% of plot planted in watergrass,502210,Watergrass,low,0.85
406,-120.5168298,41.48607198,MDC,Grandma Tract 4,,JS ,8/25/2020 16:04,Complete,80% smartweed 40% of plot planted in watergrass,502210,Watergrass,low,0.85
407,-120.5156679,41.48392616,MDC,Grandma Tract 4,,JS ,8/25/2020 15:17,Complete,100% smartweed ,502210,Watergrass,low,1
408,-120.5246265,41.48175111,MDC,Grandma Tract 7,,JS,9/15/2020 7:00,NotFood,"All rye, no plant species of interest",NA,Other cover,NA,0.4
414,-120.5238054,41.48315961,MDC,Grandma Tract 7,,JS,9/15/2020 7:00,NotFood,"All rye, no plant species of interest",NA,Other cover,NA,0.75
416,-120.5204497,41.48193045,MDC,Grandma Tract 8,,JS ,8/25/2020 0:16,Complete,,502210,Watergrass,medium,0.1
416,-120.5204497,41.48193045,MDC,Grandma Tract 8,,JS ,8/25/2020 0:16,Complete,,502210,Watergrass,low,0.5
416,-120.5204497,41.48193045,MDC,Grandma Tract 8,,JS ,8/25/2020 0:16,Complete,,NA,Other cover,NA,0.6
417,-120.5202979,41.48131825,MDC,Grandma Tract 8,,JS ,8/24/2020 23:59,Complete,,502210,Watergrass,low,0.2
417,-120.5202979,41.48131825,MDC,Grandma Tract 8,,JS ,8/24/2020 23:59,Complete,,502210,Watergrass,medium,0.3
420,-120.5198173,41.48070695,MDC,Grandma Tract 8,,JS ,8/24/2020 23:49,NotFood,Cattails,NA,Other cover,NA,0.95
421,-120.5198228,41.48337833,MDC,Grandma Tract 8,,JS ,8/24/2020 23:01,NotFood,,NA,Other cover,NA,0.35
423,-120.5171592,41.48111481,MDC,Grandma Tract 9,,JS ,9/1/2020 15:46,Complete,,502210,Watergrass,low,1
427,-120.5163778,41.48075507,MDC,Grandma Tract 9,,JS ,9/1/2020 15:58,Complete,40% smartweed ,502210,Watergrass,low,0.4
427,-120.5163778,41.48075507,MDC,Grandma Tract 9,,JS ,9/1/2020 15:58,Complete,40% smartweed ,NA,Other cover,NA,0.5
433,-120.534423,41.45970334,MDC,Gadwall,,JS,8/20/2020 19:59,NotFood,Grassy uplands ,NA,Other cover,NA,0.4
435,-120.5352133,41.45839063,MDC,Gadwall,,JS,8/20/2020 19:36,NotFood,Grassy uplands,NA,Other cover,NA,0.5
436,-120.5342343,41.45782149,MDC,Gadwall,,JS,8/20/2020 18:58,Complete,Lots of smartweed some sagittaria,502210,Watergrass,low,0.01
436,-120.5342343,41.45782149,MDC,Gadwall,,JS,8/20/2020 18:58,Complete,Lots of smartweed some sagittaria,41605,Swamp Timothy,low,0.6
437,-120.5365084,41.45880358,MDC,Gadwall,,JS,8/20/2020 20:18,Complete,20% also smartweed,41605,Swamp Timothy,high,0.2
437,-120.5365084,41.45880358,MDC,Gadwall,,JS,8/20/2020 20:18,Complete,20% also smartweed,41605,Swamp Timothy,low,0.2
440,-120.5347286,41.45709145,MDC,Gadwall,,JS,8/20/2020 19:23,Complete,100% covered in smartweed,502210,Watergrass,low,1
442,-120.5325728,41.45798121,MDC,Gadwall,,JS,8/20/2020 18:52,NotFood,Grassy uplands,NA,Other cover,NA,0.5
444,-120.5365517,41.45619758,MDC,J Pond,,JS ,8/26/2020 20:07,Complete,,502210,Watergrass,medium,0.2
444,-120.5365517,41.45619758,MDC,J Pond,,JS ,8/26/2020 20:07,Complete,,NA,Other cover,NA,0.75
444,-120.5365517,41.45619758,MDC,J Pond,,JS ,8/26/2020 20:07,Complete,,41605,Swamp Timothy,high,0.85
445,-120.537205,41.45216376,MDC,J Pond,,JS ,8/26/2020 21:35,Complete,60% smartweed 100% bidens ,41605,Swamp Timothy,high,0.3
445,-120.537205,41.45216376,MDC,J Pond,,JS ,8/26/2020 21:35,Complete,60% smartweed 100% bidens ,NA,Other cover,NA,0.3
445,-120.537205,41.45216376,MDC,J Pond,,JS ,8/26/2020 21:35,Complete,60% smartweed 100% bidens ,502210,Watergrass,medium,0.6
448,-120.5357502,41.45177884,MDC,J Pond,,JS ,8/26/2020 21:44,Skipped,Tulles,NA,Other cover,NA,0.4
451,-120.5380518,41.4553367,MDC,J Pond,,JS ,8/26/2020 20:35,Complete,25% smartweed and sagittaria.  75% cattails,41605,Swamp Timothy,medium,0.25
451,-120.5380518,41.4553367,MDC,J Pond,,JS ,8/26/2020 20:35,Complete,25% smartweed and sagittaria.  75% cattails,502210,Watergrass,medium,0.25
452,-120.5368154,41.45307083,MDC,J Pond,,JS ,8/26/2020 21:13,Complete,100% smartweed ,41605,Swamp Timothy,high,1
453,-120.535559,41.45246202,MDC,J Pond,,JS ,8/26/2020 21:59,Complete,20% bidens 40% sagittaria ,41605,Swamp Timothy,medium,0.1
457,-120.5323002,41.45100498,MDC,House Field,,JS ,8/27/2020 16:44,Complete,100% sagittaria ,502210,Watergrass,low,1
458,-120.5302517,41.45250361,MDC,House Field,,JS ,8/27/2020 19:00,NotFood,Hayed ,NA,Other cover,NA,0.2
459,-120.533596,41.44976299,MDC,House Field,,JS ,8/27/2020 18:57,NotFood,Hayed,NA,Other cover,NA,0.55
460,-120.5329217,41.45422693,MDC,House Field,,JS ,8/26/2020 22:25,NotFood,Hayed,NA,Other cover,NA,0.6
461,-120.5327997,41.44994154,MDC,House Field,,JS ,8/27/2020 18:22,NotFood,,NA,Other cover,NA,0.5
462,-120.530933,41.4514049,MDC,House Field,,JS ,8/27/2020 16:52,NotFood,30% smartweed ,NA,Other cover,NA,0.2
464,-120.5300826,41.45178473,MDC,House Field,,JS ,8/27/2020 18:59,NotFood,Hayed ,NA,Other cover,NA,0.2
465,-120.5314492,41.45478675,MDC,House Field,,JS ,8/26/2020 22:25,NotFood,,NA,Other cover,NA,0.2
470,-120.5310278,41.44715562,MDC,Matney 3,,JS ,8/27/2020 17:46,Complete,,41605,Swamp Timothy,high,1
470,-120.5310278,41.44715562,MDC,Matney 3,,JS ,8/27/2020 17:46,Complete,,NA,Other cover,NA,1
471,-120.5317551,41.44856249,MDC,Matney 3,,JS ,8/27/2020 17:29,Complete,,41605,Swamp Timothy,high,1
475,-120.5267521,41.44698057,MDC,Matney 4 North,,JS ,8/27/2020 15:37,Complete,Mostly weeds foxtail & wormwood ,41605,Swamp Timothy,low,0.05
479,-120.5281743,41.44013927,MDC,Matney 8,,JS ,9/3/2020 16:15,Complete,,41605,Swamp Timothy,medium,0.1
479,-120.5281743,41.44013927,MDC,Matney 8,,JS ,9/3/2020 16:15,Complete,,NA,Other cover,NA,0.55
479,-120.5281743,41.44013927,MDC,Matney 8,,JS ,9/3/2020 16:15,Complete,,502210,Watergrass,medium,0.65
481,-120.5285215,41.44169039,MDC,Matney 8,,JS ,9/2/2020 18:33,Complete,Lots of wormwood ,502210,Watergrass,high,1
482,-120.5279809,41.44242171,MDC,Matney 8,,JS ,9/2/2020 18:11,Complete,,502210,Watergrass,high,0.9
485,-120.536828,41.42265157,MDC,South Dam Pond,,JS ,9/3/2020 17:58,NotFood,,NA,Other cover,NA,0.95
487,-120.5362472,41.42321038,MDC,South Dam Pond,,JS ,9/3/2020 18:18,Complete,,41605,Swamp Timothy,medium,0.5
490,-120.5313963,41.44542945,MDC,Matney 6,,JS ,9/1/2020 18:32,Complete,40% smartweed ,NA,Other cover,NA,0.2
490,-120.5313963,41.44542945,MDC,Matney 6,,JS ,9/1/2020 18:32,Complete,40% smartweed ,502210,Watergrass,low,0.4
490,-120.5313963,41.44542945,MDC,Matney 6,,JS ,9/1/2020 18:32,Complete,40% smartweed ,41605,Swamp Timothy,high,0.6
495,-120.5286531,41.44373206,MDC,Matney 4 South,,JS ,9/2/2020 17:16,Complete,,41605,Swamp Timothy,high,1
495,-120.5286531,41.44373206,MDC,Matney 4 South,,JS ,9/2/2020 17:16,Complete,,502210,Watergrass,high,1
496,-120.5273723,41.44419137,MDC,Matney 4 South,,JS ,9/2/2020 16:44,Complete,,502210,Watergrass,medium,0.4
496,-120.5273723,41.44419137,MDC,Matney 4 South,,JS ,9/2/2020 16:44,Complete,,41605,Swamp Timothy,high,0.6
498,-120.5272229,41.44487218,MDC,Matney 4 South,,JS ,9/2/2020 16:28,Complete,,502210,Watergrass,low,0.3
498,-120.5272229,41.44487218,MDC,Matney 4 South,,JS ,9/2/2020 16:28,Complete,,41605,Swamp Timothy,high,0.7
509,-120.5219453,41.47416685,MDC,Flournoy Pond,,JS ,8/24/2020 17:57,NotFood,Sagebrush uplands ,NA,Other cover,NA,0.3
513,-120.5207923,41.47484814,MDC,Flournoy Pond,,JS ,8/24/2020 18:21,Complete,50% smartweed ,41605,Swamp Timothy,high,0.05
513,-120.5207923,41.47484814,MDC,Flournoy Pond,,JS ,8/24/2020 18:21,Complete,50% smartweed ,41605,Swamp Timothy,low,0.4
516,-120.5280424,41.47102878,MDC,Duck Ponds,,JS ,8/24/2020 15:33,Complete,20% smartweed no other food species,NA,Other cover,NA,0.15
518,-120.5238439,41.47009104,MDC,Duck Ponds,,JS ,8/24/2020 16:23,Complete,70% smartweed ,41605,Swamp Timothy,high,0.1
518,-120.5238439,41.47009104,MDC,Duck Ponds,,JS ,8/24/2020 16:23,Complete,70% smartweed ,41605,Swamp Timothy,medium,0.2
519,-120.5269484,41.47201956,MDC,Duck Ponds,,JS ,8/24/2020 15:43,NotFood,Grassy uplands ,NA,Other cover,NA,0.05
520,-120.5281938,41.46752278,MDC,Duck Ponds,,JS,8/24/2020 14:52,NotFood,Sagebrush uplands ,NA,Other cover,NA,0.25
521,-120.5294081,41.46789731,MDC,Duck Ponds,,JS ,8/24/2020 14:52,NotFood,Sagebrush uplands ,NA,Other cover,NA,0.25
524,-120.5206695,41.47123456,MDC,Duck Ponds,,JS ,8/24/2020 16:49,Complete,90% smartweed ,41605,Swamp Timothy,high,0.25
524,-120.5206695,41.47123456,MDC,Duck Ponds,,JS ,8/24/2020 16:49,Complete,90% smartweed ,41605,Swamp Timothy,medium,0.3
528,-120.5226896,41.4534619,MDC,Upper Goose Pond,,JS,8/20/2020 18:06,Complete,,NA,Other cover,NA,0.3
528,-120.5226896,41.4534619,MDC,Upper Goose Pond,,JS,8/20/2020 18:06,Complete,,41605,Swamp Timothy,low,1
530,-120.5236626,41.45093786,MDC,Upper Goose Pond,,JS,8/20/2020 17:16,Complete,50% of field is smartweed,41605,Swamp Timothy,high,0.1
530,-120.5236626,41.45093786,MDC,Upper Goose Pond,,JS,8/20/2020 17:16,Complete,50% of field is smartweed,41605,Swamp Timothy,medium,0.4
530,-120.5236626,41.45093786,MDC,Upper Goose Pond,,JS,8/20/2020 17:16,Complete,50% of field is smartweed,NA,Other cover,NA,1
531,-120.5218328,41.45091156,MDC,Upper Goose Pond,,JS,8/20/2020 17:10,NotFood,,NA,Other cover,NA,1
532,-120.5234332,41.4537318,MDC,Upper Goose Pond,,JS,8/20/2020 18:20,Complete,Lots of smartweed also present ,41605,Swamp Timothy,low,0.1
532,-120.5234332,41.4537318,MDC,Upper Goose Pond,,JS,8/20/2020 18:20,Complete,Lots of smartweed also present ,41605,Swamp Timothy,high,0.9
532,-120.5234332,41.4537318,MDC,Upper Goose Pond,,JS,8/20/2020 18:20,Complete,Lots of smartweed also present ,NA,Other cover,NA,1
533,-120.5215537,41.4550193,MDC,Upper Goose Pond,,JS,8/20/2020 14:51,NotFood,,NA,Other cover,NA,1
534,-120.5196527,41.4550153,MDC,Upper Goose Pond,,JS,8/20/2020 15:01,Complete,,41605,Swamp Timothy,low,0.25
534,-120.5196527,41.4550153,MDC,Upper Goose Pond,,JS,8/20/2020 15:01,Complete,,NA,Other cover,NA,0.95
535,-120.5235346,41.45238511,MDC,Upper Goose Pond,,JS,8/20/2020 17:54,Complete,,41605,Swamp Timothy,high,0.35
535,-120.5235346,41.45238511,MDC,Upper Goose Pond,,JS,8/20/2020 17:54,Complete,,41605,Swamp Timothy,low,0.35
535,-120.5235346,41.45238511,MDC,Upper Goose Pond,,JS,8/20/2020 17:54,Complete,,NA,Other cover,NA,1
536,-120.5225542,41.45074042,MDC,Upper Goose Pond,,JS,8/20/2020 17:12,NotFood,,NA,Other cover,NA,1
537,-120.5214397,41.45246506,MDC,Upper Goose Pond,,JS,8/20/2020 17:04,Skipped,Plot is in a ditch filled with water along unit’s edge.,NA,Other cover,NA,1
538,-120.5247513,41.45173539,MDC,Upper Goose Pond,,JS,8/20/2020 17:35,Complete,Sagittaria and smartweed also present,41605,Swamp Timothy,high,0.4
538,-120.5247513,41.45173539,MDC,Upper Goose Pond,,JS,8/20/2020 17:35,Complete,Sagittaria and smartweed also present,41605,Swamp Timothy,low,0.6
540,-120.5223745,41.48511446,MDC,Grandma Tract 2,,JS ,8/25/2020 18:27,Complete,50% smartweed ,502210,Watergrass,low,0.6
541,-120.5210566,41.48433369,MDC,Grandma Tract 2,,JS ,8/25/2020 18:51,Complete,100% of plot planted in water grass ,41605,Swamp Timothy,high,1
541,-120.5210566,41.48433369,MDC,Grandma Tract 2,,JS ,8/25/2020 18:51,Complete,100% of plot planted in water grass ,502210,Watergrass,high,1
542,-120.5220761,41.48437103,MDC,Grandma Tract 2,,JS ,8/25/2020 18:04,Complete,,41605,Swamp Timothy,high,0.7
542,-120.5220761,41.48437103,MDC,Grandma Tract 2,,JS ,8/25/2020 18:04,Complete,,502210,Watergrass,medium,0.7
542,-120.5220761,41.48437103,MDC,Grandma Tract 2,,JS ,8/25/2020 18:04,Complete,,NA,Other cover,NA,1
548,-120.5199951,41.48486354,MDC,Grandma Tract 3,,JS ,9/1/2020 17:10,Complete,Planted ,502210,Watergrass,high,1
548,-120.5199951,41.48486354,MDC,Grandma Tract 3,,JS ,9/1/2020 17:10,Complete,Planted ,NA,Other cover,NA,1
549,-120.5189523,41.48436506,MDC,Grandma Tract 3,,JS ,9/1/2020 17:36,Complete,Planted ,502210,Watergrass,high,1
549,-120.5189523,41.48436506,MDC,Grandma Tract 3,,JS ,9/1/2020 17:36,Complete,Planted ,NA,Other cover,NA,1
550,-120.5200074,41.48400398,MDC,Grandma Tract 3,,JS ,9/1/2020 16:52,Complete,Planted ,502210,Watergrass,high,1
550,-120.5200074,41.48400398,MDC,Grandma Tract 3,,JS ,9/1/2020 16:52,Complete,Planted ,NA,Other cover,NA,1
552,-120.5167309,41.4869273,MDC,Grandma Tract 4,,JS ,8/25/2020 16:18,Complete,85% smartweed ,502210,Watergrass,low,0.85
552,-120.5167309,41.4869273,MDC,Grandma Tract 4,,JS ,8/25/2020 16:18,Complete,85% smartweed ,NA,Other cover,NA,1
554,-120.5153319,41.48666675,MDC,Grandma Tract 4,,JS ,8/25/2020 16:31,Complete,40% smartweed ,502210,Watergrass,medium,0.1
554,-120.5153319,41.48666675,MDC,Grandma Tract 4,,JS ,8/25/2020 16:31,Complete,40% smartweed ,502210,Watergrass,low,0.6
554,-120.5153319,41.48666675,MDC,Grandma Tract 4,,JS ,8/25/2020 16:31,Complete,40% smartweed ,NA,Other cover,NA,1
555,-120.5149924,41.48540038,MDC,Grandma Tract 4,,JS ,8/25/2020 16:54,Complete,,502210,Watergrass,medium,0.05
555,-120.5149924,41.48540038,MDC,Grandma Tract 4,,JS ,8/25/2020 16:54,Complete,,NA,Other cover,NA,1
556,-120.5173403,41.48273343,MDC,Grandma Tract 9,,JS ,9/1/2020 15:11,Complete,80% smartweed ,502210,Watergrass,medium,0.8
556,-120.5173403,41.48273343,MDC,Grandma Tract 9,,JS ,9/1/2020 15:11,Complete,80% smartweed ,NA,Other cover,NA,1
557,-120.5163668,41.48309625,MDC,Grandma Tract 9,,JS ,9/1/2020 14:55,NotFood,Spike rush and foxtail,NA,Other cover,NA,1
558,-120.5165238,41.48219375,MDC,Grandma Tract 9,,JS ,9/1/2020 15:28,Complete,,502210,Watergrass,low,0.45
558,-120.5165238,41.48219375,MDC,Grandma Tract 9,,JS ,9/1/2020 15:28,Complete,,NA,Other cover,NA,1
559,-120.5149347,41.48263539,MDC,Grandma Tract 9,,JS ,9/1/2020 16:11,NotFood,Spikerush ,NA,Other cover,NA,1
560,-120.5151023,41.48145674,MDC,Grandma Tract 9,,JS ,9/1/2020 16:03,NotFood,,NA,Other cover,NA,1
562,-120.5198992,41.48255835,MDC,Grandma Tract 8,,JS ,8/25/2020 0:45,Complete,40% smartweed ,502210,Watergrass,low,0.3
562,-120.5198992,41.48255835,MDC,Grandma Tract 8,,JS ,8/25/2020 0:45,Complete,40% smartweed ,NA,Other cover,NA,1
563,-120.5192283,41.48301985,MDC,Grandma Tract 8,,JS ,8/25/2020 0:53,Complete,,502210,Watergrass,low,0.5
563,-120.5192283,41.48301985,MDC,Grandma Tract 8,,JS ,8/25/2020 0:53,Complete,,NA,Other cover,NA,1
564,-120.5187645,41.48179687,MDC,Grandma Tract 8,,JS ,8/24/2020 23:21,Complete,80% smartweed ,502210,Watergrass,low,0.4
564,-120.5187645,41.48179687,MDC,Grandma Tract 8,,JS ,8/24/2020 23:21,Complete,80% smartweed ,NA,Other cover,NA,1
565,-120.5188878,41.48017199,MDC,Grandma Tract 8,,JS ,8/24/2020 23:34,NotFood,,NA,Other cover,NA,1
566,-120.5176363,41.48032922,MDC,Grandma Tract 8,,JS ,8/24/2020 23:29,NotFood,,NA,Other cover,NA,1
567,-120.5188765,41.48100087,MDC,Grandma Tract 8,,JS ,8/24/2020 23:45,Complete,60% smartweed ,502210,Watergrass,medium,0.1
567,-120.5188765,41.48100087,MDC,Grandma Tract 8,,JS ,8/24/2020 23:45,Complete,60% smartweed ,502210,Watergrass,low,0.8
567,-120.5188765,41.48100087,MDC,Grandma Tract 8,,JS ,8/24/2020 23:45,Complete,60% smartweed ,NA,Other cover,NA,1
568,-120.517997,41.4810433,MDC,Grandma Tract 8,,JS ,8/24/2020 23:27,NotFood,,NA,Other cover,NA,1
569,-120.525111,41.48081283,MDC,Grandma Tract 7,,JS,9/15/2020 7:00,NotFood,"All rye, no plant species of interest",NA,Other cover,NA,1
574,-120.5097882,41.4831996,MDC,Grandma Tract 11,,JS,9/15/2020 7:00,NotFood,"Not moist soil managed this year, no desirable plants",NA,Other cover,NA,1
578,-120.5094002,41.48266915,MDC,Grandma Tract 11,,JS,9/15/2020 7:00,NotFood,"Not moist soil managed this year, no desirable plants",NA,Other cover,NA,1
579,-120.5103235,41.48255096,MDC,Grandma Tract 11,,JS,9/15/2020 7:00,NotFood,"Not moist soil managed this year, no desirable plants",NA,Other cover,NA,0.7
580,-120.5099679,41.48063935,MDC,Grandma Tract 10,,JS ,8/24/2020 22:37,NotFood,,NA,Other cover,NA,1
581,-120.5104938,41.48023618,MDC,Grandma Tract 10,,JS ,8/24/2020 22:35,NotFood,,NA,Other cover,NA,1
582,-120.5110788,41.48095514,MDC,Grandma Tract 10,,JS ,8/24/2020 22:41,NotFood,,NA,Other cover,NA,1
583,-120.5138247,41.48122951,MDC,Grandma Tract 10,,JS ,8/24/2020 19:51,Complete,,502210,Watergrass,medium,0.8
583,-120.5138247,41.48122951,MDC,Grandma Tract 10,,JS ,8/24/2020 19:51,Complete,,NA,Other cover,NA,1
586,-120.5233523,41.47207587,MDC,Duck Ponds,,JS ,8/24/2020 15:55,Complete,60% smartweed,41605,Swamp Timothy,low,0.4
586,-120.5233523,41.47207587,MDC,Duck Ponds,,JS ,8/24/2020 15:55,Complete,60% smartweed,41605,Swamp Timothy,medium,0.4
586,-120.5233523,41.47207587,MDC,Duck Ponds,,JS ,8/24/2020 15:55,Complete,60% smartweed,NA,Other cover,NA,1
587,-120.5217573,41.46873075,MDC,Duck Ponds,,JS ,8/24/2020 17:24,Complete,100% smartweed ,41605,Swamp Timothy,medium,0.45
587,-120.5217573,41.46873075,MDC,Duck Ponds,,JS ,8/24/2020 17:24,Complete,100% smartweed ,NA,Other cover,NA,1
589,-120.5212048,41.45382582,MDC,Upper Goose Pond,,JS,8/20/2020 15:42,Complete,Fair amount of Biden’s ,41605,Swamp Timothy,high,0.45
589,-120.5212048,41.45382582,MDC,Upper Goose Pond,,JS,8/20/2020 15:42,Complete,Fair amount of Biden’s ,NA,Other cover,NA,1
590,-120.5340424,41.44826963,MDC,House Field,,JS ,8/27/2020 18:24,NotFood,,NA,Other cover,NA,1
591,-120.5306926,41.45050086,MDC,House Field,,,01/00/1900 00:00,NotFood,,NA,Other cover,NA,1
592,-120.5339577,41.45158432,MDC,House Field,,JS ,8/27/2020 18:58,NotFood,Hayed,NA,Other cover,NA,1
593,-120.537319,41.42477107,MDC,South Dam Pond,,JS ,9/3/2020 17:26,NotFood,,NA,Other cover,NA,1
594,-120.537323,41.42412627,MDC,South Dam Pond,,JS ,9/3/2020 17:36,Complete,Very low concentration of timothy.  100% smartweed ,41605,Swamp Timothy,low,1
594,-120.537323,41.42412627,MDC,South Dam Pond,,JS ,9/3/2020 17:36,Complete,Very low concentration of timothy.  100% smartweed ,NA,Other cover,NA,1
595,-120.5364465,41.4241075,MDC,South Dam Pond,,JS ,9/3/2020 18:41,NotFood,,NA,Other cover,NA,1
596,-120.5353643,41.42305557,MDC,South Dam Pond,,JS ,9/3/2020 18:03,NotFood,,NA,Other cover,NA,1
597,-120.5380415,41.42292867,MDC,South Dam Pond,,JS ,9/3/2020 17:49,Complete,100% smartweed ,NA,Other cover,NA,1
598,-120.5358076,41.42374066,MDC,South Dam Pond,,JS ,9/3/2020 18:37,Complete,,41605,Swamp Timothy,medium,0.05
598,-120.5358076,41.42374066,MDC,South Dam Pond,,JS ,9/3/2020 18:37,Complete,,NA,Other cover,NA,1
599,-120.5388686,41.42371409,MDC,South Dam Pond,,JS ,9/3/2020 18:54,Complete,,41605,Swamp Timothy,high,0.2
599,-120.5388686,41.42371409,MDC,South Dam Pond,,JS ,9/3/2020 18:54,Complete,,41605,Swamp Timothy,medium,0.8
599,-120.5388686,41.42371409,MDC,South Dam Pond,,JS ,9/3/2020 18:54,Complete,,NA,Other cover,NA,1
600,-120.5279778,41.44856835,MDC,Matney 4 North,,JS ,8/27/2020 14:58,Complete,100% low smartweed ,502210,Watergrass,low,1
600,-120.5279778,41.44856835,MDC,Matney 4 North,,JS ,8/27/2020 14:58,Complete,100% low smartweed ,41605,Swamp Timothy,medium,1
600,-120.5279778,41.44856835,MDC,Matney 4 North,,JS ,8/27/2020 14:58,Complete,100% low smartweed ,NA,Other cover,NA,1
603,-120.5272978,41.44800193,MDC,Matney 4 North,,JS ,8/27/2020 15:11,Complete,,41605,Swamp Timothy,high,1
603,-120.5272978,41.44800193,MDC,Matney 4 North,,JS ,8/27/2020 15:11,Complete,,NA,Other cover,NA,1
604,-120.5274717,41.44762182,MDC,Matney 4 North,,JS ,8/27/2020 15:22,Complete,,41605,Swamp Timothy,high,1
604,-120.5274717,41.44762182,MDC,Matney 4 North,,JS ,8/27/2020 15:22,Complete,,502210,Watergrass,low,1
604,-120.5274717,41.44762182,MDC,Matney 4 North,,JS ,8/27/2020 15:22,Complete,,NA,Other cover,NA,1
605,-120.5282363,41.44679857,MDC,Matney 4 North,,JS ,8/27/2020 16:01,Complete,,41605,Swamp Timothy,medium,0.3
605,-120.5282363,41.44679857,MDC,Matney 4 North,,JS ,8/27/2020 16:01,Complete,,41605,Swamp Timothy,high,0.5
605,-120.5282363,41.44679857,MDC,Matney 4 North,,JS ,8/27/2020 16:01,Complete,,NA,Other cover,NA,1
606,-120.5275418,41.4466157,MDC,Matney 4 North,,JS ,8/27/2020 15:50,Complete,,41605,Swamp Timothy,high,0.2
606,-120.5275418,41.4466157,MDC,Matney 4 North,,JS ,8/27/2020 15:50,Complete,,502210,Watergrass,high,0.8
606,-120.5275418,41.4466157,MDC,Matney 4 North,,JS ,8/27/2020 15:50,Complete,,NA,Other cover,NA,1
608,-120.5279451,41.4452329,MDC,Matney 4 South,,JS ,9/2/2020 15:58,Complete,100% smartweed ,502210,Watergrass,low,0.1
608,-120.5279451,41.4452329,MDC,Matney 4 South,,JS ,9/2/2020 15:58,Complete,100% smartweed ,502210,Watergrass,medium,0.9
608,-120.5279451,41.4452329,MDC,Matney 4 South,,JS ,9/2/2020 15:58,Complete,100% smartweed ,NA,Other cover,NA,1
609,-120.5275436,41.44572808,MDC,Matney 4 South,,JS ,9/2/2020 16:12,Complete,,41605,Swamp Timothy,high,0.5
609,-120.5275436,41.44572808,MDC,Matney 4 South,,JS ,9/2/2020 16:12,Complete,,502210,Watergrass,low,0.5
609,-120.5275436,41.44572808,MDC,Matney 4 South,,JS ,9/2/2020 16:12,Complete,,NA,Other cover,NA,1
612,-120.5279059,41.44374462,MDC,Matney 4 South,,JS ,9/2/2020 17:02,Complete,Dominated by unknown plant,502210,Watergrass,medium,0.05
612,-120.5279059,41.44374462,MDC,Matney 4 South,,JS ,9/2/2020 17:02,Complete,Dominated by unknown plant,502210,Watergrass,low,0.95
612,-120.5279059,41.44374462,MDC,Matney 4 South,,JS ,9/2/2020 17:02,Complete,Dominated by unknown plant,NA,Other cover,NA,1
613,-120.5306968,41.44581983,MDC,Matney 6,,JS ,9/1/2020 19:51,Complete,100% smartweed ,41605,Swamp Timothy,high,1
613,-120.5306968,41.44581983,MDC,Matney 6,,JS ,9/1/2020 19:51,Complete,100% smartweed ,502210,Watergrass,medium,1
613,-120.5306968,41.44581983,MDC,Matney 6,,JS ,9/1/2020 19:51,Complete,100% smartweed ,NA,Other cover,NA,1
615,-120.5295535,41.44485962,MDC,Matney 6,,JS ,9/1/2020 19:21,Complete,100% smartweed ,41605,Swamp Timothy,high,1
615,-120.5295535,41.44485962,MDC,Matney 6,,JS ,9/1/2020 19:21,Complete,100% smartweed ,502210,Watergrass,medium,1
615,-120.5295535,41.44485962,MDC,Matney 6,,JS ,9/1/2020 19:21,Complete,100% smartweed ,NA,Other cover,NA,1
616,-120.5302453,41.4451144,MDC,Matney 6,,JS ,9/1/2020 19:37,Complete,100% smartweed ,41605,Swamp Timothy,medium,1
616,-120.5302453,41.4451144,MDC,Matney 6,,JS ,9/1/2020 19:37,Complete,100% smartweed ,502210,Watergrass,medium,1
616,-120.5302453,41.4451144,MDC,Matney 6,,JS ,9/1/2020 19:37,Complete,100% smartweed ,NA,Other cover,NA,1
617,-120.5299321,41.44412404,MDC,Matney 6,,JS ,9/1/2020 19:05,Complete,30% smartweed ,502210,Watergrass,low,0.3
617,-120.5299321,41.44412404,MDC,Matney 6,,JS ,9/1/2020 19:05,Complete,30% smartweed ,41605,Swamp Timothy,high,0.7
617,-120.5299321,41.44412404,MDC,Matney 6,,JS ,9/1/2020 19:05,Complete,30% smartweed ,NA,Other cover,NA,1
618,-120.5307167,41.44445277,MDC,Matney 6,,JS ,9/1/2020 18:48,Complete,90% smartweed ,502210,Watergrass,medium,0.9
618,-120.5307167,41.44445277,MDC,Matney 6,,JS ,9/1/2020 18:48,Complete,90% smartweed ,41605,Swamp Timothy,high,1
618,-120.5307167,41.44445277,MDC,Matney 6,,JS ,9/1/2020 18:48,Complete,90% smartweed ,NA,Other cover,NA,1
620,-120.5328242,41.44857649,MDC,Matney 3,,JS ,8/27/2020 17:20,Complete,,41605,Swamp Timothy,medium,0.3
620,-120.5328242,41.44857649,MDC,Matney 3,,JS ,8/27/2020 17:20,Complete,,41605,Swamp Timothy,high,0.4
620,-120.5328242,41.44857649,MDC,Matney 3,,JS ,8/27/2020 17:20,Complete,,NA,Other cover,NA,1
623,-120.5318101,41.44757109,MDC,Matney 3,,JS ,8/27/2020 18:03,Complete,,41605,Swamp Timothy,high,1
623,-120.5318101,41.44757109,MDC,Matney 3,,JS ,8/27/2020 18:03,Complete,,NA,Other cover,NA,1
624,-120.5307679,41.44814848,MDC,Matney 3,,JS ,8/27/2020 17:38,Complete,,41605,Swamp Timothy,high,1
625,-120.5298466,41.44721704,MDC,Matney 3,,JS ,8/27/2020 17:54,Complete,,41605,Swamp Timothy,high,1
630,-120.529425,41.44068243,MDC,Matney 8,,JS ,9/3/2020 16:17,Complete,,502210,Watergrass,low,0.1
630,-120.529425,41.44068243,MDC,Matney 8,,JS ,9/3/2020 16:17,Complete,,502210,Watergrass,high,0.9
630,-120.529425,41.44068243,MDC,Matney 8,,JS ,9/3/2020 16:17,Complete,,NA,Other cover,NA,1
631,-120.5273698,41.44107009,MDC,Matney 8,,JS ,9/2/2020 18:50,Complete,,41605,Swamp Timothy,medium,0.1
631,-120.5273698,41.44107009,MDC,Matney 8,,JS ,9/2/2020 18:50,Complete,,502210,Watergrass,high,1
631,-120.5273698,41.44107009,MDC,Matney 8,,JS ,9/2/2020 18:50,Complete,,NA,Other cover,NA,1
634,-120.529365,41.43974549,MDC,Matney 8,,JS ,9/3/2020 16:43,Complete,,502210,Watergrass,high,1
634,-120.529365,41.43974549,MDC,Matney 8,,JS ,9/3/2020 16:43,Complete,,NA,Other cover,NA,1
638,-120.5335533,41.44909402,MDC,House Field,,JS ,8/27/2020 18:23,NotFood,,NA,Other cover,NA,1
648,-119.3959647,35.90738034,PIX,6,,GG,9/4/2020 16:10,NotFood,,NA,Other cover,NA,1
662,-119.3988408,35.90989957,PIX,6,,,01/00/1900 00:00,Complete,,41605,Swamp Timothy,medium,0.1
662,-119.3988408,35.90989957,PIX,6,,,01/00/1900 00:00,Complete,,41605,Swamp Timothy,high,0.25
662,-119.3988408,35.90989957,PIX,6,,,01/00/1900 00:00,Complete,,41605,Swamp Timothy,low,0.5
662,-119.3988408,35.90989957,PIX,6,,,01/00/1900 00:00,Complete,,NA,Other cover,NA,1
956,-119.6122186,35.72147476,KRN,4B,4B-3,GG,8/24/2020 16:14,Complete,,41605,Swamp Timothy,high,1
956,-119.6122186,35.72147476,KRN,4B,4B-3,GG,8/24/2020 16:14,Complete,,NA,Other cover,NA,1
957,-119.612858,35.72203345,KRN,4B,4B-3,GG,8/24/2020 16:00,Complete,,41605,Swamp Timothy,medium,0.2
957,-119.612858,35.72203345,KRN,4B,4B-3,GG,8/24/2020 16:00,Complete,,41605,Swamp Timothy,high,0.8
957,-119.612858,35.72203345,KRN,4B,4B-3,GG,8/24/2020 16:00,Complete,,NA,Other cover,NA,1
962,-119.6114419,35.72415625,KRN,4B,4B-3,GG,8/24/2020 15:41,Complete,,41605,Swamp Timothy,high,0.35
962,-119.6114419,35.72415625,KRN,4B,4B-3,GG,8/24/2020 15:41,Complete,,41605,Swamp Timothy,medium,0.6
962,-119.6114419,35.72415625,KRN,4B,4B-3,GG,8/24/2020 15:41,Complete,,NA,Other cover,NA,1
963,-119.6162831,35.72726637,KRN,4A,4A-4,GG,8/25/2020 15:34,Complete,,41605,Swamp Timothy,high,0.1
963,-119.6162831,35.72726637,KRN,4A,4A-4,GG,8/25/2020 15:34,Complete,,41605,Swamp Timothy,low,0.25
963,-119.6162831,35.72726637,KRN,4A,4A-4,GG,8/25/2020 15:34,Complete,,41605,Swamp Timothy,medium,0.4
963,-119.6162831,35.72726637,KRN,4A,4A-4,GG,8/25/2020 15:34,Complete,,NA,Other cover,NA,1
964,-119.617916,35.72785301,KRN,4A,4A-4,GG,8/25/2020 15:54,Complete,,41605,Swamp Timothy,medium,0.15
964,-119.617916,35.72785301,KRN,4A,4A-4,GG,8/25/2020 15:54,Complete,,41605,Swamp Timothy,low,0.6
969,-119.61819,35.72921242,KRN,4A,4A-4,GG,8/25/2020 16:21,Complete,,41605,Swamp Timothy,high,0.2
969,-119.61819,35.72921242,KRN,4A,4A-4,GG,8/25/2020 16:21,Complete,,41605,Swamp Timothy,medium,0.8
978,-119.6163742,35.73294607,KRN,5A,5A-6,GG,8/27/2020 15:31,Complete,,41605,Swamp Timothy,low,0.05
978,-119.6163742,35.73294607,KRN,5A,5A-6,GG,8/27/2020 15:31,Complete,,41605,Swamp Timothy,high,0.4
978,-119.6163742,35.73294607,KRN,5A,5A-6,GG,8/27/2020 15:31,Complete,,41605,Swamp Timothy,medium,0.55
978,-119.6163742,35.73294607,KRN,5A,5A-6,GG,8/27/2020 15:31,Complete,,NA,Other cover,NA,1
979,-119.6153692,35.73318811,KRN,5A,5A-6,GG,8/27/2020 16:05,Complete,,41605,Swamp Timothy,low,0.1
979,-119.6153692,35.73318811,KRN,5A,5A-6,GG,8/27/2020 16:05,Complete,,41605,Swamp Timothy,medium,0.15
979,-119.6153692,35.73318811,KRN,5A,5A-6,GG,8/27/2020 16:05,Complete,,41605,Swamp Timothy,high,0.75
981,-119.6160087,35.7337468,KRN,5A,5A-6,GG,8/27/2020 15:11,Complete,,41605,Swamp Timothy,medium,0.15
981,-119.6160087,35.7337468,KRN,5A,5A-6,GG,8/27/2020 15:11,Complete,,41605,Swamp Timothy,high,0.85
981,-119.6160087,35.7337468,KRN,5A,5A-6,GG,8/27/2020 15:11,Complete,,NA,Other cover,NA,1
992,-119.6073855,35.74161384,KRN,5B,5B-8,GG,8/31/2020 15:17,Complete,,41605,Swamp Timothy,medium,0.4
992,-119.6073855,35.74161384,KRN,5B,5B-8,GG,8/31/2020 15:17,Complete,,41605,Swamp Timothy,low,0.6
992,-119.6073855,35.74161384,KRN,5B,5B-8,GG,8/31/2020 15:17,Complete,,NA,Other cover,NA,1
996,-119.6069511,35.74403462,KRN,5B,5B-8,GG,8/31/2020 15:49,Complete,,41605,Swamp Timothy,low,0.15
996,-119.6069511,35.74403462,KRN,5B,5B-8,GG,8/31/2020 15:49,Complete,,41605,Swamp Timothy,high,0.4
996,-119.6069511,35.74403462,KRN,5B,5B-8,GG,8/31/2020 15:49,Complete,,41605,Swamp Timothy,medium,0.45
996,-119.6069511,35.74403462,KRN,5B,5B-8,GG,8/31/2020 15:49,Complete,,NA,Other cover,NA,1
998,-119.6059459,35.74427657,KRN,5B,5B-8,GG,8/31/2020 15:27,Complete,,41605,Swamp Timothy,low,0.25
998,-119.6059459,35.74427657,KRN,5B,5B-8,GG,8/31/2020 15:27,Complete,,41605,Swamp Timothy,medium,0.45
