globalid,eventDate,recordedBy,decimalLatitude,decimalLongitude,LIT,unitName,subunitName,areaVisible_ac,eventRemarks,taxonID,vernacularName,stratum,proportionVisibleArea
{BA48DBBC-5C39-4046-B048-4361E8CDD34D},7/27/2021 15:47,kathryn_heffernan@fws.gov_fws,35.72384644,-119.6102676,KRN,4B,4B-3,0.435087692,,NA,Other cover,NA,0.05
{BA48DBBC-5C39-4046-B048-4361E8CDD34D},7/27/2021 15:47,kathryn_heffernan@fws.gov_fws,35.72384644,-119.6102676,KRN,4B,4B-3,0.435087692,,41605,Swamp Timothy,high,0.6
{BA48DBBC-5C39-4046-B048-4361E8CDD34D},7/27/2021 15:47,kathryn_heffernan@fws.gov_fws,35.72384644,-119.6102676,KRN,4B,4B-3,0.435087692,,41605,Swamp Timothy,low,0.15
{BA48DBBC-5C39-4046-B048-4361E8CDD34D},7/27/2021 15:47,kathryn_heffernan@fws.gov_fws,35.72384644,-119.6102676,KRN,4B,4B-3,0.435087692,,41605,Swamp Timothy,medium,0.2
{0252DA81-65ED-4DAB-8611-46A58D7F2B35},7/27/2021 16:48,rebeca_becdach@fws.gov_fws,35.72160339,-119.6118393,KRN,4B,4B-3,0.656245045,,NA,Other cover,NA,0.2
{0252DA81-65ED-4DAB-8611-46A58D7F2B35},7/27/2021 16:48,rebeca_becdach@fws.gov_fws,35.72160339,-119.6118393,KRN,4B,4B-3,0.656245045,,823756,Smartweed,low,0.01
{0252DA81-65ED-4DAB-8611-46A58D7F2B35},7/27/2021 16:48,rebeca_becdach@fws.gov_fws,35.72160339,-119.6118393,KRN,4B,4B-3,0.656245045,,41605,Swamp Timothy,high,0.7
{0252DA81-65ED-4DAB-8611-46A58D7F2B35},7/27/2021 16:48,rebeca_becdach@fws.gov_fws,35.72160339,-119.6118393,KRN,4B,4B-3,0.656245045,,41605,Swamp Timothy,medium,0.05
{0252DA81-65ED-4DAB-8611-46A58D7F2B35},7/27/2021 16:48,rebeca_becdach@fws.gov_fws,35.72160339,-119.6118393,KRN,4B,4B-3,0.656245045,,41605,Swamp Timothy,low,0.05
{0252DA81-65ED-4DAB-8611-46A58D7F2B35},7/27/2021 16:48,rebeca_becdach@fws.gov_fws,35.72160339,-119.6118393,KRN,4B,4B-3,0.656245045,,502210,Watergrass,low,0.01
{18E2334F-9847-4FBB-9008-F602A82A0E0B},7/27/2021 17:12,rebeca_becdach@fws.gov_fws,35.72147751,-119.6128387,KRN,4B,4B-3,3.41538574,,NA,Other cover,NA,0.25
{18E2334F-9847-4FBB-9008-F602A82A0E0B},7/27/2021 17:12,rebeca_becdach@fws.gov_fws,35.72147751,-119.6128387,KRN,4B,4B-3,3.41538574,,41605,Swamp Timothy,high,0.1
{18E2334F-9847-4FBB-9008-F602A82A0E0B},7/27/2021 17:12,rebeca_becdach@fws.gov_fws,35.72147751,-119.6128387,KRN,4B,4B-3,3.41538574,,41605,Swamp Timothy,low,0.1
{18E2334F-9847-4FBB-9008-F602A82A0E0B},7/27/2021 17:12,rebeca_becdach@fws.gov_fws,35.72147751,-119.6128387,KRN,4B,4B-3,3.41538574,,41605,Swamp Timothy,medium,0.6
{1D282129-7A85-4C2E-B2FB-3E6CB7ED1938},7/27/2021 18:10,therese_burns@fws.gov_fws,35.72043991,-119.6137238,KRN,4B,4B-4,1.087558358,,NA,Other cover,NA,0.2
{1D282129-7A85-4C2E-B2FB-3E6CB7ED1938},7/27/2021 18:10,therese_burns@fws.gov_fws,35.72043991,-119.6137238,KRN,4B,4B-4,1.087558358,,41605,Swamp Timothy,high,0.2
{1D282129-7A85-4C2E-B2FB-3E6CB7ED1938},7/27/2021 18:10,therese_burns@fws.gov_fws,35.72043991,-119.6137238,KRN,4B,4B-4,1.087558358,,41605,Swamp Timothy,low,0.1
{1D282129-7A85-4C2E-B2FB-3E6CB7ED1938},7/27/2021 18:10,therese_burns@fws.gov_fws,35.72043991,-119.6137238,KRN,4B,4B-4,1.087558358,,41605,Swamp Timothy,medium,0.4
{1D282129-7A85-4C2E-B2FB-3E6CB7ED1938},7/27/2021 18:10,therese_burns@fws.gov_fws,35.72043991,-119.6137238,KRN,4B,4B-4,1.087558358,,502210,Watergrass,low,0.01
{1D282129-7A85-4C2E-B2FB-3E6CB7ED1938},7/27/2021 18:10,therese_burns@fws.gov_fws,35.72043991,-119.6137238,KRN,4B,4B-4,1.087558358,,502210,Watergrass,high,0.15
{336EAD9E-5BDF-436A-926A-75645F25F429},7/27/2021 18:25,rebeca_becdach@fws.gov_fws,35.73243713,-119.6121674,KRN,5A,5A-7,2.16430894,,NA,Other cover,NA,0.35
{336EAD9E-5BDF-436A-926A-75645F25F429},7/27/2021 18:25,rebeca_becdach@fws.gov_fws,35.73243713,-119.6121674,KRN,5A,5A-7,2.16430894,,41605,Swamp Timothy,low,0.3
{336EAD9E-5BDF-436A-926A-75645F25F429},7/27/2021 18:25,rebeca_becdach@fws.gov_fws,35.73243713,-119.6121674,KRN,5A,5A-7,2.16430894,,41605,Swamp Timothy,medium,0.35
{7294B5F3-F189-40B2-B798-E46E60AE8094},7/27/2021 18:36,therese_burns@fws.gov_fws,35.71938705,-119.6153412,KRN,4B,4B-4,1.709234348,,NA,Other cover,NA,0.2
{7294B5F3-F189-40B2-B798-E46E60AE8094},7/27/2021 18:36,therese_burns@fws.gov_fws,35.71938705,-119.6153412,KRN,4B,4B-4,1.709234348,,41605,Swamp Timothy,medium,0.4
{7294B5F3-F189-40B2-B798-E46E60AE8094},7/27/2021 18:36,therese_burns@fws.gov_fws,35.71938705,-119.6153412,KRN,4B,4B-4,1.709234348,,41605,Swamp Timothy,high,0.25
{7294B5F3-F189-40B2-B798-E46E60AE8094},7/27/2021 18:36,therese_burns@fws.gov_fws,35.71938705,-119.6153412,KRN,4B,4B-4,1.709234348,,41605,Swamp Timothy,low,0.15
{7294B5F3-F189-40B2-B798-E46E60AE8094},7/27/2021 18:36,therese_burns@fws.gov_fws,35.71938705,-119.6153412,KRN,4B,4B-4,1.709234348,,502210,Watergrass,low,0.01
{A09D48D4-0BA4-4CAC-A59C-82ABCD013433},7/27/2021 18:46,therese_burns@fws.gov_fws,35.71881866,-119.6155319,KRN,4B,4B-4,2.264648995,,NA,Other cover,NA,0.3
{A09D48D4-0BA4-4CAC-A59C-82ABCD013433},7/27/2021 18:46,therese_burns@fws.gov_fws,35.71881866,-119.6155319,KRN,4B,4B-4,2.264648995,,41605,Swamp Timothy,medium,0.3
{A09D48D4-0BA4-4CAC-A59C-82ABCD013433},7/27/2021 18:46,therese_burns@fws.gov_fws,35.71881866,-119.6155319,KRN,4B,4B-4,2.264648995,,41605,Swamp Timothy,low,0.2
{A09D48D4-0BA4-4CAC-A59C-82ABCD013433},7/27/2021 18:46,therese_burns@fws.gov_fws,35.71881866,-119.6155319,KRN,4B,4B-4,2.264648995,,41605,Swamp Timothy,high,0.2
{4793E980-DC25-4091-9758-D2CA559B1018},7/27/2021 19:24,therese_burns@fws.gov_fws,35.71894836,-119.6183472,KRN,4B,4B-2,3.944883499,,NA,Other cover,NA,0.3
{4793E980-DC25-4091-9758-D2CA559B1018},7/27/2021 19:24,therese_burns@fws.gov_fws,35.71894836,-119.6183472,KRN,4B,4B-2,3.944883499,,41605,Swamp Timothy,medium,0.55
{4793E980-DC25-4091-9758-D2CA559B1018},7/27/2021 19:24,therese_burns@fws.gov_fws,35.71894836,-119.6183472,KRN,4B,4B-2,3.944883499,,41605,Swamp Timothy,low,0.1
{4793E980-DC25-4091-9758-D2CA559B1018},7/27/2021 19:24,therese_burns@fws.gov_fws,35.71894836,-119.6183472,KRN,4B,4B-2,3.944883499,,41605,Swamp Timothy,high,0.05
{696425B7-43C2-4BB5-9756-9B2BF2866C53},7/27/2021 19:35,kathryn_heffernan@fws.gov_fws,35.72025299,-119.618866,KRN,4B,4B-2,1.473770891,,NA,Other cover,NA,0.85
{696425B7-43C2-4BB5-9756-9B2BF2866C53},7/27/2021 19:35,kathryn_heffernan@fws.gov_fws,35.72025299,-119.618866,KRN,4B,4B-2,1.473770891,,41605,Swamp Timothy,low,0.05
{696425B7-43C2-4BB5-9756-9B2BF2866C53},7/27/2021 19:35,kathryn_heffernan@fws.gov_fws,35.72025299,-119.618866,KRN,4B,4B-2,1.473770891,,502210,Watergrass,low,0.1
{7F704EC3-60D2-4EDD-ADBC-96E322F5B0F2},7/27/2021 19:50,kathryn_heffernan@fws.gov_fws,35.72240067,-119.6176529,KRN,4B,4B-2,3.843860965,,NA,Other cover,NA,0.4
{7F704EC3-60D2-4EDD-ADBC-96E322F5B0F2},7/27/2021 19:50,kathryn_heffernan@fws.gov_fws,35.72240067,-119.6176529,KRN,4B,4B-2,3.843860965,,41605,Swamp Timothy,low,0.05
{7F704EC3-60D2-4EDD-ADBC-96E322F5B0F2},7/27/2021 19:50,kathryn_heffernan@fws.gov_fws,35.72240067,-119.6176529,KRN,4B,4B-2,3.843860965,,502210,Watergrass,high,0.2
{7F704EC3-60D2-4EDD-ADBC-96E322F5B0F2},7/27/2021 19:50,kathryn_heffernan@fws.gov_fws,35.72240067,-119.6176529,KRN,4B,4B-2,3.843860965,,502210,Watergrass,medium,0.3
{7F704EC3-60D2-4EDD-ADBC-96E322F5B0F2},7/27/2021 19:50,kathryn_heffernan@fws.gov_fws,35.72240067,-119.6176529,KRN,4B,4B-2,3.843860965,,502210,Watergrass,low,0.05
{4C1E2CB9-3036-4E9A-9015-3F9781A5DA37},7/27/2021 21:08,kathryn_heffernan@fws.gov_fws,35.72480011,-119.6141205,KRN,4A,4A-7,4.247416368,,NA,Other cover,NA,0.3
{4C1E2CB9-3036-4E9A-9015-3F9781A5DA37},7/27/2021 21:08,kathryn_heffernan@fws.gov_fws,35.72480011,-119.6141205,KRN,4A,4A-7,4.247416368,,41605,Swamp Timothy,high,0.5
{4C1E2CB9-3036-4E9A-9015-3F9781A5DA37},7/27/2021 21:08,kathryn_heffernan@fws.gov_fws,35.72480011,-119.6141205,KRN,4A,4A-7,4.247416368,,41605,Swamp Timothy,medium,0.2
{F986DF6B-8917-4844-AD3B-4228E7BC657C},7/27/2021 21:20,therese_burns@fws.gov_fws,35.7256546,-119.6089478,KRN,4A,4A-7,1.009382027,,NA,Other cover,NA,0.05
{F986DF6B-8917-4844-AD3B-4228E7BC657C},7/27/2021 21:20,therese_burns@fws.gov_fws,35.7256546,-119.6089478,KRN,4A,4A-7,1.009382027,,41605,Swamp Timothy,high,0.6
{F986DF6B-8917-4844-AD3B-4228E7BC657C},7/27/2021 21:20,therese_burns@fws.gov_fws,35.7256546,-119.6089478,KRN,4A,4A-7,1.009382027,,41605,Swamp Timothy,medium,0.3
{F986DF6B-8917-4844-AD3B-4228E7BC657C},7/27/2021 21:20,therese_burns@fws.gov_fws,35.7256546,-119.6089478,KRN,4A,4A-7,1.009382027,,41605,Swamp Timothy,low,0.05
{C3CA7F5C-4527-419A-8D43-5925F77F686B},7/27/2021 21:46,therese_burns@fws.gov_fws,35.72710037,-119.611763,KRN,4A,4A-7,3.276232788,,NA,Other cover,NA,0.4
{C3CA7F5C-4527-419A-8D43-5925F77F686B},7/27/2021 21:46,therese_burns@fws.gov_fws,35.72710037,-119.611763,KRN,4A,4A-7,3.276232788,,41605,Swamp Timothy,medium,0.05
{C3CA7F5C-4527-419A-8D43-5925F77F686B},7/27/2021 21:46,therese_burns@fws.gov_fws,35.72710037,-119.611763,KRN,4A,4A-7,3.276232788,,41605,Swamp Timothy,high,0.55
{C3CA7F5C-4527-419A-8D43-5925F77F686B},7/27/2021 21:46,therese_burns@fws.gov_fws,35.72710037,-119.611763,KRN,4A,4A-7,3.276232788,,502210,Watergrass,low,0.025
{C3CA7F5C-4527-419A-8D43-5925F77F686B},7/27/2021 21:46,therese_burns@fws.gov_fws,35.72710037,-119.611763,KRN,4A,4A-7,3.276232788,,502210,Watergrass,medium,0.025
{6569A86F-87FA-4E1E-B815-2DE95F01990F},7/27/2021 22:02,therese_burns@fws.gov_fws,35.72488022,-119.6158905,KRN,4A-5,,2.381254977,,NA,Other cover,NA,0.2
{6569A86F-87FA-4E1E-B815-2DE95F01990F},7/27/2021 22:02,therese_burns@fws.gov_fws,35.72488022,-119.6158905,KRN,4A-5,,2.381254977,,41605,Swamp Timothy,low,0.2
{6569A86F-87FA-4E1E-B815-2DE95F01990F},7/27/2021 22:02,therese_burns@fws.gov_fws,35.72488022,-119.6158905,KRN,4A-5,,2.381254977,,41605,Swamp Timothy,medium,0.3
{6569A86F-87FA-4E1E-B815-2DE95F01990F},7/27/2021 22:02,therese_burns@fws.gov_fws,35.72488022,-119.6158905,KRN,4A-5,,2.381254977,,41605,Swamp Timothy,high,0.3
{F07ED495-6B9C-42AA-BF10-6261B4334176},7/27/2021 22:22,therese_burns@fws.gov_fws,35.72410583,-119.6188736,KRN,Shrew Slough,,6.925152811,,NA,Other cover,NA,0.2
{F07ED495-6B9C-42AA-BF10-6261B4334176},7/27/2021 22:22,therese_burns@fws.gov_fws,35.72410583,-119.6188736,KRN,Shrew Slough,,6.925152811,,41605,Swamp Timothy,high,0.75
{F07ED495-6B9C-42AA-BF10-6261B4334176},7/27/2021 22:22,therese_burns@fws.gov_fws,35.72410583,-119.6188736,KRN,Shrew Slough,,6.925152811,,41605,Swamp Timothy,medium,0.05
{130DB835-30A7-4D0E-BB6D-A378D9D3ADB6},7/27/2021 22:23,rebeca_becdach@fws.gov_fws,35.73608398,-119.6167603,KRN,5A,5A-3,1.077128172,,NA,Other cover,NA,0.8
{130DB835-30A7-4D0E-BB6D-A378D9D3ADB6},7/27/2021 22:23,rebeca_becdach@fws.gov_fws,35.73608398,-119.6167603,KRN,5A,5A-3,1.077128172,,41605,Swamp Timothy,medium,0.2
{7748F6A1-A882-4731-A5A3-45D5E6E0C0B8},7/27/2021 22:42,therese_burns@fws.gov_fws,35.72340393,-119.6206055,KRN,4A-5,,1.126521748,,NA,Other cover,NA,0
{7748F6A1-A882-4731-A5A3-45D5E6E0C0B8},7/27/2021 22:42,therese_burns@fws.gov_fws,35.72340393,-119.6206055,KRN,4A-5,,1.126521748,,41605,Swamp Timothy,low,0.05
{7748F6A1-A882-4731-A5A3-45D5E6E0C0B8},7/27/2021 22:42,therese_burns@fws.gov_fws,35.72340393,-119.6206055,KRN,4A-5,,1.126521748,,41605,Swamp Timothy,medium,0.1
{7748F6A1-A882-4731-A5A3-45D5E6E0C0B8},7/27/2021 22:42,therese_burns@fws.gov_fws,35.72340393,-119.6206055,KRN,4A-5,,1.126521748,,41605,Swamp Timothy,high,0.85
{6CD10A39-3991-4DAD-8D96-8C0081815D1E},7/27/2021 22:53,rebeca_becdach@fws.gov_fws,35.73688507,-119.6188507,KRN,5A,5A-3,1.941164177,,NA,Other cover,NA,0.2
{6CD10A39-3991-4DAD-8D96-8C0081815D1E},7/27/2021 22:53,rebeca_becdach@fws.gov_fws,35.73688507,-119.6188507,KRN,5A,5A-3,1.941164177,,41605,Swamp Timothy,low,0.8
{88C73DA2-A339-45DB-81DD-36E0334510F0},7/27/2021 23:15,rebeca_becdach@fws.gov_fws,35.73831558,-119.6175385,KRN,5A,5A-3,2.820328625,,NA,Other cover,NA,0.65
{88C73DA2-A339-45DB-81DD-36E0334510F0},7/27/2021 23:15,rebeca_becdach@fws.gov_fws,35.73831558,-119.6175385,KRN,5A,5A-3,2.820328625,,41605,Swamp Timothy,low,0.35
{B3441C05-3EF0-4A7C-A3DE-8DFE992A7046},7/28/2021 14:02,kathryn_heffernan@fws.gov_fws,35.72467041,-119.620697,KRN,4A,4A-2,3.52385399,,NA,Other cover,NA,0.15
{B3441C05-3EF0-4A7C-A3DE-8DFE992A7046},7/28/2021 14:02,kathryn_heffernan@fws.gov_fws,35.72467041,-119.620697,KRN,4A,4A-2,3.52385399,,41605,Swamp Timothy,medium,0.2
{B3441C05-3EF0-4A7C-A3DE-8DFE992A7046},7/28/2021 14:02,kathryn_heffernan@fws.gov_fws,35.72467041,-119.620697,KRN,4A,4A-2,3.52385399,,41605,Swamp Timothy,high,0.65
{3C327972-D8ED-47D3-913E-E66118868D8D},7/28/2021 14:13,kathryn_heffernan@fws.gov_fws,35.72622299,-119.6208267,KRN,4A,4A-2,2.100331934,,NA,Other cover,NA,0.2
{3C327972-D8ED-47D3-913E-E66118868D8D},7/28/2021 14:13,kathryn_heffernan@fws.gov_fws,35.72622299,-119.6208267,KRN,4A,4A-2,2.100331934,,41605,Swamp Timothy,high,0.6
{3C327972-D8ED-47D3-913E-E66118868D8D},7/28/2021 14:13,kathryn_heffernan@fws.gov_fws,35.72622299,-119.6208267,KRN,4A,4A-2,2.100331934,,41605,Swamp Timothy,medium,0.15
{3C327972-D8ED-47D3-913E-E66118868D8D},7/28/2021 14:13,kathryn_heffernan@fws.gov_fws,35.72622299,-119.6208267,KRN,4A,4A-2,2.100331934,,41605,Swamp Timothy,low,0.05
{E08D443B-914A-484F-9446-B7C0F365744C},7/28/2021 14:22,rebeca_becdach@fws.gov_fws,35.73329926,-119.615654,KRN,5A,5A-7,9.961182794,,NA,Other cover,NA,0.15
{E08D443B-914A-484F-9446-B7C0F365744C},7/28/2021 14:22,rebeca_becdach@fws.gov_fws,35.73329926,-119.615654,KRN,5A,5A-7,9.961182794,,41605,Swamp Timothy,high,0.6
{E08D443B-914A-484F-9446-B7C0F365744C},7/28/2021 14:22,rebeca_becdach@fws.gov_fws,35.73329926,-119.615654,KRN,5A,5A-7,9.961182794,,41605,Swamp Timothy,medium,0.25
{E18C7909-05E1-482C-B544-365DC0C865E3},7/28/2021 14:25,kathryn_heffernan@fws.gov_fws,35.72667694,-119.6219254,KRN,4A,4A-2,4.879899172,,NA,Other cover,NA,0.3
{E18C7909-05E1-482C-B544-365DC0C865E3},7/28/2021 14:25,kathryn_heffernan@fws.gov_fws,35.72667694,-119.6219254,KRN,4A,4A-2,4.879899172,,41605,Swamp Timothy,low,0.2
{E18C7909-05E1-482C-B544-365DC0C865E3},7/28/2021 14:25,kathryn_heffernan@fws.gov_fws,35.72667694,-119.6219254,KRN,4A,4A-2,4.879899172,,41605,Swamp Timothy,medium,0.5
{7B1E8809-BCC4-49B2-9BB8-077027088180},7/28/2021 14:37,kathryn_heffernan@fws.gov_fws,35.72740173,-119.6230927,KRN,4A,4A-1,1.761836728,,NA,Other cover,NA,0.35
{7B1E8809-BCC4-49B2-9BB8-077027088180},7/28/2021 14:37,kathryn_heffernan@fws.gov_fws,35.72740173,-119.6230927,KRN,4A,4A-1,1.761836728,,41605,Swamp Timothy,low,0.15
{7B1E8809-BCC4-49B2-9BB8-077027088180},7/28/2021 14:37,kathryn_heffernan@fws.gov_fws,35.72740173,-119.6230927,KRN,4A,4A-1,1.761836728,,41605,Swamp Timothy,medium,0.5
{33B2A5CC-2827-4B70-AC08-7D9A65C86208},7/28/2021 14:49,rebeca_becdach@fws.gov_fws,35.73600006,-119.6212082,KRN,5A,5A-1,3.021420709,,NA,Other cover,NA,0.6
{33B2A5CC-2827-4B70-AC08-7D9A65C86208},7/28/2021 14:49,rebeca_becdach@fws.gov_fws,35.73600006,-119.6212082,KRN,5A,5A-1,3.021420709,,41605,Swamp Timothy,low,0.4
{DF8BAA66-FF81-46E0-B6CE-A8BF5334A1BC},7/28/2021 14:49,kathryn_heffernan@fws.gov_fws,35.73068619,-119.6213226,KRN,4A,4A-1,1.829340175,,NA,Other cover,NA,0.15
{DF8BAA66-FF81-46E0-B6CE-A8BF5334A1BC},7/28/2021 14:49,kathryn_heffernan@fws.gov_fws,35.73068619,-119.6213226,KRN,4A,4A-1,1.829340175,,41605,Swamp Timothy,low,0.5
{DF8BAA66-FF81-46E0-B6CE-A8BF5334A1BC},7/28/2021 14:49,kathryn_heffernan@fws.gov_fws,35.73068619,-119.6213226,KRN,4A,4A-1,1.829340175,,41605,Swamp Timothy,medium,0.35
{6ADF0816-3AD0-4C22-A4EC-EABC1FCF420A},7/28/2021 14:59,kathryn_heffernan@fws.gov_fws,35.73183441,-119.6212692,KRN,4A,4A-1,2.314659357,,NA,Other cover,NA,0.05
{6ADF0816-3AD0-4C22-A4EC-EABC1FCF420A},7/28/2021 14:59,kathryn_heffernan@fws.gov_fws,35.73183441,-119.6212692,KRN,4A,4A-1,2.314659357,,41605,Swamp Timothy,medium,0.2
{6ADF0816-3AD0-4C22-A4EC-EABC1FCF420A},7/28/2021 14:59,kathryn_heffernan@fws.gov_fws,35.73183441,-119.6212692,KRN,4A,4A-1,2.314659357,,41605,Swamp Timothy,high,0.75
{8053189A-674B-47D5-BEBB-0CE10DB3652D},7/28/2021 15:14,rebeca_becdach@fws.gov_fws,35.73880386,-119.6220169,KRN,5A,5A-1,4.793620773,,NA,Other cover,NA,0.6
{8053189A-674B-47D5-BEBB-0CE10DB3652D},7/28/2021 15:14,rebeca_becdach@fws.gov_fws,35.73880386,-119.6220169,KRN,5A,5A-1,4.793620773,,41605,Swamp Timothy,low,0.4
{34DBD271-D09B-4A61-B319-F346453132BF},7/28/2021 15:16,kathryn_heffernan@fws.gov_fws,35.72915268,-119.6175537,KRN,4A,4A-4,4.864684995,,NA,Other cover,NA,0.25
{34DBD271-D09B-4A61-B319-F346453132BF},7/28/2021 15:16,kathryn_heffernan@fws.gov_fws,35.72915268,-119.6175537,KRN,4A,4A-4,4.864684995,,41605,Swamp Timothy,high,0.5
{34DBD271-D09B-4A61-B319-F346453132BF},7/28/2021 15:16,kathryn_heffernan@fws.gov_fws,35.72915268,-119.6175537,KRN,4A,4A-4,4.864684995,,41605,Swamp Timothy,medium,0.2
{34DBD271-D09B-4A61-B319-F346453132BF},7/28/2021 15:16,kathryn_heffernan@fws.gov_fws,35.72915268,-119.6175537,KRN,4A,4A-4,4.864684995,,41605,Swamp Timothy,low,0.05
{AC411AAF-F24E-49D4-AD19-3677A2F99161},7/28/2021 15:25,kathryn_heffernan@fws.gov_fws,35.7280159,-119.6178741,KRN,4A,4A-4,4.283899681,,NA,Other cover,NA,0.4
{AC411AAF-F24E-49D4-AD19-3677A2F99161},7/28/2021 15:25,kathryn_heffernan@fws.gov_fws,35.7280159,-119.6178741,KRN,4A,4A-4,4.283899681,,41605,Swamp Timothy,low,0.25
{AC411AAF-F24E-49D4-AD19-3677A2F99161},7/28/2021 15:25,kathryn_heffernan@fws.gov_fws,35.7280159,-119.6178741,KRN,4A,4A-4,4.283899681,,41605,Swamp Timothy,medium,0.35
{D86D4EA2-7389-40B9-8C9C-EB92E1EAE4D1},7/28/2021 15:36,kathryn_heffernan@fws.gov_fws,35.72725296,-119.6163254,KRN,4A,4A-4,0.46292176,,NA,Other cover,NA,0.05
{D86D4EA2-7389-40B9-8C9C-EB92E1EAE4D1},7/28/2021 15:36,kathryn_heffernan@fws.gov_fws,35.72725296,-119.6163254,KRN,4A,4A-4,0.46292176,,41605,Swamp Timothy,medium,0.1
{D86D4EA2-7389-40B9-8C9C-EB92E1EAE4D1},7/28/2021 15:36,kathryn_heffernan@fws.gov_fws,35.72725296,-119.6163254,KRN,4A,4A-4,0.46292176,,41605,Swamp Timothy,high,0.85
{C65EC470-96C8-4A0D-BC64-881E55BB5106},7/28/2021 15:48,rebeca_becdach@fws.gov_fws,35.7397728,-119.6192932,KRN,5A,5A-1,1.253190958,,NA,Other cover,NA,0.8
{C65EC470-96C8-4A0D-BC64-881E55BB5106},7/28/2021 15:48,rebeca_becdach@fws.gov_fws,35.7397728,-119.6192932,KRN,5A,5A-1,1.253190958,,41605,Swamp Timothy,low,0.2
{41542180-F744-4CAC-A58E-A1F34657E970},7/28/2021 15:49,kathryn_heffernan@fws.gov_fws,35.72943115,-119.6138535,KRN,4A-6,,0.605034462,All mowed alkali bulrush and cocklebur no swamp Timothy seen,NA,Other cover,NA,0.85
{41542180-F744-4CAC-A58E-A1F34657E970},7/28/2021 15:49,kathryn_heffernan@fws.gov_fws,35.72943115,-119.6138535,KRN,4A-6,,0.605034462,All mowed alkali bulrush and cocklebur no swamp Timothy seen,41605,Swamp Timothy,low,0.15
{A0DCD444-8D75-444B-8F74-303DFC77FD5A},7/28/2021 16:11,therese_burns@fws.gov_fws,35.72988129,-119.6089249,KRN,4A-6,,2.245514133,,NA,Other cover,NA,0.3
{A0DCD444-8D75-444B-8F74-303DFC77FD5A},7/28/2021 16:11,therese_burns@fws.gov_fws,35.72988129,-119.6089249,KRN,4A-6,,2.245514133,,41605,Swamp Timothy,low,0.7
{94D486C5-894D-41B8-9721-B8FED6DD8ACC},7/28/2021 16:29,rebeca_becdach@fws.gov_fws,35.74198151,-119.6219406,KRN,5B,5B-2,3.437457655,,NA,Other cover,NA,0.75
{94D486C5-894D-41B8-9721-B8FED6DD8ACC},7/28/2021 16:29,rebeca_becdach@fws.gov_fws,35.74198151,-119.6219406,KRN,5B,5B-2,3.437457655,,41605,Swamp Timothy,low,0.15
{94D486C5-894D-41B8-9721-B8FED6DD8ACC},7/28/2021 16:29,rebeca_becdach@fws.gov_fws,35.74198151,-119.6219406,KRN,5B,5B-2,3.437457655,,41605,Swamp Timothy,medium,0.1
{50A62B15-0934-43CD-BC0F-52D02D724B55},7/28/2021 16:52,kathryn_heffernan@fws.gov_fws,35.73167038,-119.6102829,KRN,4A-6,,1.36421406,Over 100% since Timothy is growing among water grass ,NA,Other cover,NA,0.2
{50A62B15-0934-43CD-BC0F-52D02D724B55},7/28/2021 16:52,kathryn_heffernan@fws.gov_fws,35.73167038,-119.6102829,KRN,4A-6,,1.36421406,Over 100% since Timothy is growing among water grass ,41605,Swamp Timothy,low,0.4
{50A62B15-0934-43CD-BC0F-52D02D724B55},7/28/2021 16:52,kathryn_heffernan@fws.gov_fws,35.73167038,-119.6102829,KRN,4A-6,,1.36421406,Over 100% since Timothy is growing among water grass ,502210,Watergrass,high,0.6
{BE11D165-FBA3-49CA-A0C1-E09599EB1013},7/28/2021 17:02,rebeca_becdach@fws.gov_fws,35.74198914,-119.6202011,KRN,5B,5B-3,6.033023414,,NA,Other cover,NA,0.8
{BE11D165-FBA3-49CA-A0C1-E09599EB1013},7/28/2021 17:02,rebeca_becdach@fws.gov_fws,35.74198914,-119.6202011,KRN,5B,5B-3,6.033023414,,41605,Swamp Timothy,low,0.15
{BE11D165-FBA3-49CA-A0C1-E09599EB1013},7/28/2021 17:02,rebeca_becdach@fws.gov_fws,35.74198914,-119.6202011,KRN,5B,5B-3,6.033023414,,41605,Swamp Timothy,medium,0.05
{8131130E-6733-4F95-B889-D36C64E345AF},7/28/2021 17:06,kathryn_heffernan@fws.gov_fws,35.73176575,-119.6148911,KRN,4A-3,,1.157770166,,NA,Other cover,NA,0.75
{8131130E-6733-4F95-B889-D36C64E345AF},7/28/2021 17:06,kathryn_heffernan@fws.gov_fws,35.73176575,-119.6148911,KRN,4A-3,,1.157770166,,41605,Swamp Timothy,medium,0.1
{8131130E-6733-4F95-B889-D36C64E345AF},7/28/2021 17:06,kathryn_heffernan@fws.gov_fws,35.73176575,-119.6148911,KRN,4A-3,,1.157770166,,41605,Swamp Timothy,high,0.15
{861E5191-3119-44C2-985F-0D46BD192F7A},7/28/2021 17:15,kathryn_heffernan@fws.gov_fws,35.73151779,-119.616745,KRN,4A-3,,2.088503481,,NA,Other cover,NA,0.3
{861E5191-3119-44C2-985F-0D46BD192F7A},7/28/2021 17:15,kathryn_heffernan@fws.gov_fws,35.73151779,-119.616745,KRN,4A-3,,2.088503481,,41605,Swamp Timothy,high,0.65
{861E5191-3119-44C2-985F-0D46BD192F7A},7/28/2021 17:15,kathryn_heffernan@fws.gov_fws,35.73151779,-119.616745,KRN,4A-3,,2.088503481,,41605,Swamp Timothy,low,0.05
{D8FA8AAC-5A60-4770-80AA-40429753C9B9},7/28/2021 17:28,kathryn_heffernan@fws.gov_fws,35.73147583,-119.6174316,KRN,4A-3,,0.759121913,,NA,Other cover,NA,0.4
{D8FA8AAC-5A60-4770-80AA-40429753C9B9},7/28/2021 17:28,kathryn_heffernan@fws.gov_fws,35.73147583,-119.6174316,KRN,4A-3,,0.759121913,,41605,Swamp Timothy,high,0.5
{D8FA8AAC-5A60-4770-80AA-40429753C9B9},7/28/2021 17:28,kathryn_heffernan@fws.gov_fws,35.73147583,-119.6174316,KRN,4A-3,,0.759121913,,41605,Swamp Timothy,medium,0.1
{D8FA8AAC-5A60-4770-80AA-40429753C9B9},7/28/2021 17:28,kathryn_heffernan@fws.gov_fws,35.73147583,-119.6174316,KRN,4A-3,,0.759121913,,502210,Watergrass,low,0.05
{8B85C883-F4D7-4B46-B0F4-886169117722},7/28/2021 18:07,rebeca_becdach@fws.gov_fws,35.74487686,-119.6195145,KRN,5B,5B-1,1.369392376,,NA,Other cover,NA,0.6
{8B85C883-F4D7-4B46-B0F4-886169117722},7/28/2021 18:07,rebeca_becdach@fws.gov_fws,35.74487686,-119.6195145,KRN,5B,5B-1,1.369392376,,41605,Swamp Timothy,low,0.4
{F9A81E7E-A704-4870-BAD3-F5A441D80D5E},7/28/2021 18:17,kathryn_heffernan@fws.gov_fws,35.75146484,-119.6124878,KRN,6A,6A-1,1.264339238,,NA,Other cover,NA,0.6
{F9A81E7E-A704-4870-BAD3-F5A441D80D5E},7/28/2021 18:17,kathryn_heffernan@fws.gov_fws,35.75146484,-119.6124878,KRN,6A,6A-1,1.264339238,,41605,Swamp Timothy,medium,0.1
{F9A81E7E-A704-4870-BAD3-F5A441D80D5E},7/28/2021 18:17,kathryn_heffernan@fws.gov_fws,35.75146484,-119.6124878,KRN,6A,6A-1,1.264339238,,41605,Swamp Timothy,low,0.3
{CE8480C8-BD1A-43A1-BAEC-189088A48743},7/28/2021 18:23,rebeca_becdach@fws.gov_fws,35.74380493,-119.6216125,KRN,5B,5B-1,3.425990376,,NA,Other cover,NA,0.7
{CE8480C8-BD1A-43A1-BAEC-189088A48743},7/28/2021 18:23,rebeca_becdach@fws.gov_fws,35.74380493,-119.6216125,KRN,5B,5B-1,3.425990376,,41605,Swamp Timothy,low,0.3
{2C979D58-CD28-4952-AB97-6F40F14CCFFB},7/28/2021 18:35,kathryn_heffernan@fws.gov_fws,35.7496376,-119.6147461,KRN,6A,6A-1,4.588498182,,NA,Other cover,NA,0.35
{2C979D58-CD28-4952-AB97-6F40F14CCFFB},7/28/2021 18:35,kathryn_heffernan@fws.gov_fws,35.7496376,-119.6147461,KRN,6A,6A-1,4.588498182,,41605,Swamp Timothy,low,0.65
{A9D2C132-4CC3-49E7-9378-17AD48BBCBD2},7/28/2021 18:44,kathryn_heffernan@fws.gov_fws,35.74803543,-119.6153336,KRN,6A,6A-1,2.488223857,,NA,Other cover,NA,0.25
{A9D2C132-4CC3-49E7-9378-17AD48BBCBD2},7/28/2021 18:44,kathryn_heffernan@fws.gov_fws,35.74803543,-119.6153336,KRN,6A,6A-1,2.488223857,,41605,Swamp Timothy,low,0.75
{37770FA8-8A36-49FA-B767-C8579DD35AF3},7/28/2021 19:20,rebeca_becdach@fws.gov_fws,35.74589157,-119.621521,KRN,5B,5B-1,2.882469303,,NA,Other cover,NA,0.65
{37770FA8-8A36-49FA-B767-C8579DD35AF3},7/28/2021 19:20,rebeca_becdach@fws.gov_fws,35.74589157,-119.621521,KRN,5B,5B-1,2.882469303,,41605,Swamp Timothy,low,0.35
{232DCAB8-F85C-44D1-8184-6DE8B47AA569},7/28/2021 19:32,kathryn_heffernan@fws.gov_fws,35.74897003,-119.6016006,KRN,6A,6A-5,3.460665791,,NA,Other cover,NA,0.4
{232DCAB8-F85C-44D1-8184-6DE8B47AA569},7/28/2021 19:32,kathryn_heffernan@fws.gov_fws,35.74897003,-119.6016006,KRN,6A,6A-5,3.460665791,,41605,Swamp Timothy,low,0.5
{232DCAB8-F85C-44D1-8184-6DE8B47AA569},7/28/2021 19:32,kathryn_heffernan@fws.gov_fws,35.74897003,-119.6016006,KRN,6A,6A-5,3.460665791,,41605,Swamp Timothy,medium,0.1
{57D30B92-F395-41BC-BCED-F3D62266F446},7/28/2021 19:42,kathryn_heffernan@fws.gov_fws,35.74768448,-119.6037292,KRN,6A,6A-5,0.31239566,,NA,Other cover,NA,0.5
{57D30B92-F395-41BC-BCED-F3D62266F446},7/28/2021 19:42,kathryn_heffernan@fws.gov_fws,35.74768448,-119.6037292,KRN,6A,6A-5,0.31239566,,41605,Swamp Timothy,low,0.4
{57D30B92-F395-41BC-BCED-F3D62266F446},7/28/2021 19:42,kathryn_heffernan@fws.gov_fws,35.74768448,-119.6037292,KRN,6A,6A-5,0.31239566,,41605,Swamp Timothy,medium,0.1
{D03B834F-7153-49E2-95C8-4C627738FF37},7/28/2021 19:42,rebeca_becdach@fws.gov_fws,35.74568939,-119.6164093,KRN,5B,5B-3,1.979881929,,NA,Other cover,NA,0.55
{D03B834F-7153-49E2-95C8-4C627738FF37},7/28/2021 19:42,rebeca_becdach@fws.gov_fws,35.74568939,-119.6164093,KRN,5B,5B-3,1.979881929,,41605,Swamp Timothy,low,0.1
{D03B834F-7153-49E2-95C8-4C627738FF37},7/28/2021 19:42,rebeca_becdach@fws.gov_fws,35.74568939,-119.6164093,KRN,5B,5B-3,1.979881929,,41605,Swamp Timothy,medium,0.35
{88680A77-8C83-49EA-BD82-5DED0454FD73},7/28/2021 19:54,kathryn_heffernan@fws.gov_fws,35.74765015,-119.6054153,KRN,6A,6A-5,0.574239825,,NA,Other cover,NA,0.6
{88680A77-8C83-49EA-BD82-5DED0454FD73},7/28/2021 19:54,kathryn_heffernan@fws.gov_fws,35.74765015,-119.6054153,KRN,6A,6A-5,0.574239825,,41605,Swamp Timothy,low,0.4
{B31B1195-4A0D-4B45-B8CD-7B9615975719},7/28/2021 19:54,rebeca_becdach@fws.gov_fws,35.74546814,-119.6175079,KRN,5B,5B-3,2.153744191,,NA,Other cover,NA,0.5
{B31B1195-4A0D-4B45-B8CD-7B9615975719},7/28/2021 19:54,rebeca_becdach@fws.gov_fws,35.74546814,-119.6175079,KRN,5B,5B-3,2.153744191,,41605,Swamp Timothy,low,0.5
{978753B6-15A7-44A3-9FF7-DB68BF04FE61},7/28/2021 20:20,kathryn_heffernan@fws.gov_fws,35.74862671,-119.605835,KRN,6A,6A-3,1.999156996,,NA,Other cover,NA,0.025
{978753B6-15A7-44A3-9FF7-DB68BF04FE61},7/28/2021 20:20,kathryn_heffernan@fws.gov_fws,35.74862671,-119.605835,KRN,6A,6A-3,1.999156996,,41605,Swamp Timothy,low,0.8
{978753B6-15A7-44A3-9FF7-DB68BF04FE61},7/28/2021 20:20,kathryn_heffernan@fws.gov_fws,35.74862671,-119.605835,KRN,6A,6A-3,1.999156996,,41605,Swamp Timothy,medium,0.2
{24F1F1A3-5976-4CBA-B9F5-F27502B37D52},7/28/2021 20:31,kathryn_heffernan@fws.gov_fws,35.74806595,-119.6081696,KRN,6A,6A-3,2.576241671,,NA,Other cover,NA,0.05
{24F1F1A3-5976-4CBA-B9F5-F27502B37D52},7/28/2021 20:31,kathryn_heffernan@fws.gov_fws,35.74806595,-119.6081696,KRN,6A,6A-3,2.576241671,,41605,Swamp Timothy,low,0.15
{24F1F1A3-5976-4CBA-B9F5-F27502B37D52},7/28/2021 20:31,kathryn_heffernan@fws.gov_fws,35.74806595,-119.6081696,KRN,6A,6A-3,2.576241671,,41605,Swamp Timothy,high,0.25
{24F1F1A3-5976-4CBA-B9F5-F27502B37D52},7/28/2021 20:31,kathryn_heffernan@fws.gov_fws,35.74806595,-119.6081696,KRN,6A,6A-3,2.576241671,,41605,Swamp Timothy,medium,0.55
{EB3DB04C-2753-40AB-A686-E089B8E11089},7/28/2021 20:45,kathryn_heffernan@fws.gov_fws,35.74705124,-119.6114044,KRN,6A,6A-2,0.8404274,,NA,Other cover,NA,0.75
{EB3DB04C-2753-40AB-A686-E089B8E11089},7/28/2021 20:45,kathryn_heffernan@fws.gov_fws,35.74705124,-119.6114044,KRN,6A,6A-2,0.8404274,,41605,Swamp Timothy,low,0.25
{C9E9AF9C-3556-491D-B020-7220630D6322},7/28/2021 21:03,kathryn_heffernan@fws.gov_fws,35.75023651,-119.6085587,KRN,6A,6A-3,1.10760731,,NA,Other cover,NA,0.05
{C9E9AF9C-3556-491D-B020-7220630D6322},7/28/2021 21:03,kathryn_heffernan@fws.gov_fws,35.75023651,-119.6085587,KRN,6A,6A-3,1.10760731,,41605,Swamp Timothy,low,0.25
{C9E9AF9C-3556-491D-B020-7220630D6322},7/28/2021 21:03,kathryn_heffernan@fws.gov_fws,35.75023651,-119.6085587,KRN,6A,6A-3,1.10760731,,41605,Swamp Timothy,medium,0.7
{38E52D1D-6D6F-4DDF-B081-EEA415E8BE39},7/28/2021 21:15,therese_burns@fws.gov_fws,35.7501564,-119.6106873,KRN,6A,6A-2,4.803913932,,NA,Other cover,NA,0.3
{38E52D1D-6D6F-4DDF-B081-EEA415E8BE39},7/28/2021 21:15,therese_burns@fws.gov_fws,35.7501564,-119.6106873,KRN,6A,6A-2,4.803913932,,41605,Swamp Timothy,low,0.7
{63FB5114-F01B-478F-B159-7F5A93594EBF},7/28/2021 21:15,kathryn_heffernan@fws.gov_fws,35.7511673,-119.6109772,KRN,6A,6A-2,1.256357493,,NA,Other cover,NA,0.35
{63FB5114-F01B-478F-B159-7F5A93594EBF},7/28/2021 21:15,kathryn_heffernan@fws.gov_fws,35.7511673,-119.6109772,KRN,6A,6A-2,1.256357493,,41605,Swamp Timothy,low,0.65
{B44761E9-CE2B-43A1-9132-8FD4175E8B70},7/28/2021 21:27,kathryn_heffernan@fws.gov_fws,35.75256348,-119.6095657,KRN,6A,6A-2,1.907914554,,NA,Other cover,NA,0.15
{B44761E9-CE2B-43A1-9132-8FD4175E8B70},7/28/2021 21:27,kathryn_heffernan@fws.gov_fws,35.75256348,-119.6095657,KRN,6A,6A-2,1.907914554,,41605,Swamp Timothy,medium,0.1
{B44761E9-CE2B-43A1-9132-8FD4175E8B70},7/28/2021 21:27,kathryn_heffernan@fws.gov_fws,35.75256348,-119.6095657,KRN,6A,6A-2,1.907914554,,41605,Swamp Timothy,low,0.75
{913716D0-3F8A-4CA3-9DA7-23265D25711A},7/29/2021 13:29,kathryn_heffernan@fws.gov_fws,35.750103,-119.6012115,KRN,6A,6A-4,1.498133347,,NA,Other cover,NA,0.25
{913716D0-3F8A-4CA3-9DA7-23265D25711A},7/29/2021 13:29,kathryn_heffernan@fws.gov_fws,35.750103,-119.6012115,KRN,6A,6A-4,1.498133347,,41605,Swamp Timothy,low,0.7
{913716D0-3F8A-4CA3-9DA7-23265D25711A},7/29/2021 13:29,kathryn_heffernan@fws.gov_fws,35.750103,-119.6012115,KRN,6A,6A-4,1.498133347,,41605,Swamp Timothy,medium,0.05
{F6C68617-3079-4C7E-8DAC-87677AABD84B},7/29/2021 13:38,kathryn_heffernan@fws.gov_fws,35.75075912,-119.6032104,KRN,6A,6A-4,0.908173651,,NA,Other cover,NA,0.35
{F6C68617-3079-4C7E-8DAC-87677AABD84B},7/29/2021 13:38,kathryn_heffernan@fws.gov_fws,35.75075912,-119.6032104,KRN,6A,6A-4,0.908173651,,41605,Swamp Timothy,low,0.55
{F6C68617-3079-4C7E-8DAC-87677AABD84B},7/29/2021 13:38,kathryn_heffernan@fws.gov_fws,35.75075912,-119.6032104,KRN,6A,6A-4,0.908173651,,41605,Swamp Timothy,medium,0.1
{8FC4485C-5EF7-44D9-9D0B-549066683A69},7/29/2021 13:49,kathryn_heffernan@fws.gov_fws,35.75063705,-119.6043854,KRN,6A,6A-4,0.335183642,,NA,Other cover,NA,0.35
{8FC4485C-5EF7-44D9-9D0B-549066683A69},7/29/2021 13:49,kathryn_heffernan@fws.gov_fws,35.75063705,-119.6043854,KRN,6A,6A-4,0.335183642,,41605,Swamp Timothy,low,0.55
{8FC4485C-5EF7-44D9-9D0B-549066683A69},7/29/2021 13:49,kathryn_heffernan@fws.gov_fws,35.75063705,-119.6043854,KRN,6A,6A-4,0.335183642,,41605,Swamp Timothy,medium,0.1
{C7039ECF-7195-4EE9-880C-75B4FB97E08E},7/29/2021 14:00,kathryn_heffernan@fws.gov_fws,35.74431992,-119.6060104,KRN,5B,5B-8,0.546293158,,NA,Other cover,NA,0.1
{C7039ECF-7195-4EE9-880C-75B4FB97E08E},7/29/2021 14:00,kathryn_heffernan@fws.gov_fws,35.74431992,-119.6060104,KRN,5B,5B-8,0.546293158,,41605,Swamp Timothy,medium,0.6
{C7039ECF-7195-4EE9-880C-75B4FB97E08E},7/29/2021 14:00,kathryn_heffernan@fws.gov_fws,35.74431992,-119.6060104,KRN,5B,5B-8,0.546293158,,41605,Swamp Timothy,low,0.15
{C7039ECF-7195-4EE9-880C-75B4FB97E08E},7/29/2021 14:00,kathryn_heffernan@fws.gov_fws,35.74431992,-119.6060104,KRN,5B,5B-8,0.546293158,,41605,Swamp Timothy,high,0.15
{9AC78833-361B-4D12-B471-8B743587784F},7/29/2021 14:11,kathryn_heffernan@fws.gov_fws,35.74406815,-119.6069794,KRN,5B,5B-8,0.71744526,,NA,Other cover,NA,0.1
{9AC78833-361B-4D12-B471-8B743587784F},7/29/2021 14:11,kathryn_heffernan@fws.gov_fws,35.74406815,-119.6069794,KRN,5B,5B-8,0.71744526,,41605,Swamp Timothy,high,0.6
{9AC78833-361B-4D12-B471-8B743587784F},7/29/2021 14:11,kathryn_heffernan@fws.gov_fws,35.74406815,-119.6069794,KRN,5B,5B-8,0.71744526,,41605,Swamp Timothy,low,0.1
{9AC78833-361B-4D12-B471-8B743587784F},7/29/2021 14:11,kathryn_heffernan@fws.gov_fws,35.74406815,-119.6069794,KRN,5B,5B-8,0.71744526,,41605,Swamp Timothy,medium,0.2
{C57CAEBC-BC66-4C2A-96E2-2E33131BFD8B},7/29/2021 14:23,kathryn_heffernan@fws.gov_fws,35.74136353,-119.6071167,KRN,5B,5B-8,2.143346182,,NA,Other cover,NA,0.025
{C57CAEBC-BC66-4C2A-96E2-2E33131BFD8B},7/29/2021 14:23,kathryn_heffernan@fws.gov_fws,35.74136353,-119.6071167,KRN,5B,5B-8,2.143346182,,41605,Swamp Timothy,low,0.15
{C57CAEBC-BC66-4C2A-96E2-2E33131BFD8B},7/29/2021 14:23,kathryn_heffernan@fws.gov_fws,35.74136353,-119.6071167,KRN,5B,5B-8,2.143346182,,41605,Swamp Timothy,medium,0.85
{9272D54E-3A80-4B36-B3E0-B0A93B99D741},7/29/2021 14:38,kathryn_heffernan@fws.gov_fws,35.73935699,-119.610466,KRN,5B,5B-7,0.374171356,,NA,Other cover,NA,0.35
{9272D54E-3A80-4B36-B3E0-B0A93B99D741},7/29/2021 14:38,kathryn_heffernan@fws.gov_fws,35.73935699,-119.610466,KRN,5B,5B-7,0.374171356,,41605,Swamp Timothy,low,0.15
{9272D54E-3A80-4B36-B3E0-B0A93B99D741},7/29/2021 14:38,kathryn_heffernan@fws.gov_fws,35.73935699,-119.610466,KRN,5B,5B-7,0.374171356,,41605,Swamp Timothy,medium,0.15
{9272D54E-3A80-4B36-B3E0-B0A93B99D741},7/29/2021 14:38,kathryn_heffernan@fws.gov_fws,35.73935699,-119.610466,KRN,5B,5B-7,0.374171356,,41605,Swamp Timothy,high,0.35
{F850EB3E-BBED-4118-BD88-1DE42A28B919},7/29/2021 14:49,kathryn_heffernan@fws.gov_fws,35.74108124,-119.6110764,KRN,5B,5B-7,0.99289463,,NA,Other cover,NA,0.05
{F850EB3E-BBED-4118-BD88-1DE42A28B919},7/29/2021 14:49,kathryn_heffernan@fws.gov_fws,35.74108124,-119.6110764,KRN,5B,5B-7,0.99289463,,41605,Swamp Timothy,low,0.2
{F850EB3E-BBED-4118-BD88-1DE42A28B919},7/29/2021 14:49,kathryn_heffernan@fws.gov_fws,35.74108124,-119.6110764,KRN,5B,5B-7,0.99289463,,41605,Swamp Timothy,medium,0.35
{F850EB3E-BBED-4118-BD88-1DE42A28B919},7/29/2021 14:49,kathryn_heffernan@fws.gov_fws,35.74108124,-119.6110764,KRN,5B,5B-7,0.99289463,,41605,Swamp Timothy,high,0.4
{B65F872B-929A-469A-A618-BFFD6DF8A784},7/29/2021 15:00,kathryn_heffernan@fws.gov_fws,35.74299622,-119.6103058,KRN,5B,5B-7,1.546850623,,NA,Other cover,NA,0.4
{B65F872B-929A-469A-A618-BFFD6DF8A784},7/29/2021 15:00,kathryn_heffernan@fws.gov_fws,35.74299622,-119.6103058,KRN,5B,5B-7,1.546850623,,41605,Swamp Timothy,high,0.4
{B65F872B-929A-469A-A618-BFFD6DF8A784},7/29/2021 15:00,kathryn_heffernan@fws.gov_fws,35.74299622,-119.6103058,KRN,5B,5B-7,1.546850623,,41605,Swamp Timothy,low,0.1
{B65F872B-929A-469A-A618-BFFD6DF8A784},7/29/2021 15:00,kathryn_heffernan@fws.gov_fws,35.74299622,-119.6103058,KRN,5B,5B-7,1.546850623,,41605,Swamp Timothy,medium,0.1
{17ECE160-F38F-49C0-85B8-2EA00046C806},7/29/2021 15:27,kathryn_heffernan@fws.gov_fws,35.7441864,-119.6169662,KRN,5B,5B-3,7.908765121,,NA,Other cover,NA,0.55
{17ECE160-F38F-49C0-85B8-2EA00046C806},7/29/2021 15:27,kathryn_heffernan@fws.gov_fws,35.7441864,-119.6169662,KRN,5B,5B-3,7.908765121,,41605,Swamp Timothy,medium,0.45
{C411F21A-DA05-4011-9A52-5284BE7A91E5},7/29/2021 16:44,kathryn_heffernan@fws.gov_fws,35.90739059,-119.3805084,PIX,9B,,0.905980267,,NA,Other cover,NA,0.15
{C411F21A-DA05-4011-9A52-5284BE7A91E5},7/29/2021 16:44,kathryn_heffernan@fws.gov_fws,35.90739059,-119.3805084,PIX,9B,,0.905980267,,41605,Swamp Timothy,low,0.3
{C411F21A-DA05-4011-9A52-5284BE7A91E5},7/29/2021 16:44,kathryn_heffernan@fws.gov_fws,35.90739059,-119.3805084,PIX,9B,,0.905980267,,41605,Swamp Timothy,medium,0.55
{17746FB1-B0AD-4EDD-8C9B-5E597677E455},7/29/2021 16:56,kathryn_heffernan@fws.gov_fws,35.91007996,-119.3829193,PIX,9B,,2.215222151,,NA,Other cover,NA,0.15
{17746FB1-B0AD-4EDD-8C9B-5E597677E455},7/29/2021 16:56,kathryn_heffernan@fws.gov_fws,35.91007996,-119.3829193,PIX,9B,,2.215222151,,41605,Swamp Timothy,low,0.45
{17746FB1-B0AD-4EDD-8C9B-5E597677E455},7/29/2021 16:56,kathryn_heffernan@fws.gov_fws,35.91007996,-119.3829193,PIX,9B,,2.215222151,,41605,Swamp Timothy,medium,0.4
{FF757EC7-5CEE-4037-8109-23BA1AE25D53},7/29/2021 17:09,kathryn_heffernan@fws.gov_fws,35.90877914,-119.3844986,PIX,8B,,2.817282751,,NA,Other cover,NA,0.25
{FF757EC7-5CEE-4037-8109-23BA1AE25D53},7/29/2021 17:09,kathryn_heffernan@fws.gov_fws,35.90877914,-119.3844986,PIX,8B,,2.817282751,,41605,Swamp Timothy,low,0.75
{66E76DE3-EAD0-40CA-89F1-23D768386A72},7/29/2021 17:15,kathryn_heffernan@fws.gov_fws,35.90879822,-119.3828278,PIX,9B,,2.593935486,,NA,Other cover,NA,0.15
{66E76DE3-EAD0-40CA-89F1-23D768386A72},7/29/2021 17:15,kathryn_heffernan@fws.gov_fws,35.90879822,-119.3828278,PIX,9B,,2.593935486,,41605,Swamp Timothy,low,0.85
{56AAB7AB-03CB-48DD-88B1-0C999BEAFC0B},7/29/2021 17:30,kathryn_heffernan@fws.gov_fws,35.90684128,-119.3849258,PIX,8B,,2.474178648,,NA,Other cover,NA,0.6
{56AAB7AB-03CB-48DD-88B1-0C999BEAFC0B},7/29/2021 17:30,kathryn_heffernan@fws.gov_fws,35.90684128,-119.3849258,PIX,8B,,2.474178648,,41605,Swamp Timothy,low,0.4
{F32898DD-45FC-423A-9066-450FD3C8040C},7/29/2021 18:02,kathryn_heffernan@fws.gov_fws,35.90970993,-119.3887863,PIX,8B,,0.566991649,,NA,Other cover,NA,0.9
{F32898DD-45FC-423A-9066-450FD3C8040C},7/29/2021 18:02,kathryn_heffernan@fws.gov_fws,35.90970993,-119.3887863,PIX,8B,,0.566991649,,41605,Swamp Timothy,low,0.1
{AA46E909-B57B-46C6-9E54-554573D840D6},7/29/2021 18:15,kathryn_heffernan@fws.gov_fws,35.91098022,-119.3884888,PIX,8A,,2.36608957,,NA,Other cover,NA,0.7
{AA46E909-B57B-46C6-9E54-554573D840D6},7/29/2021 18:15,kathryn_heffernan@fws.gov_fws,35.91098022,-119.3884888,PIX,8A,,2.36608957,,41605,Swamp Timothy,low,0.3
{1A29554A-AE5F-4862-A0B8-86894899B398},7/29/2021 18:20,kathryn_heffernan@fws.gov_fws,35.91061783,-119.3870087,PIX,8B,,1.514363739,,NA,Other cover,NA,0.95
{1A29554A-AE5F-4862-A0B8-86894899B398},7/29/2021 18:20,kathryn_heffernan@fws.gov_fws,35.91061783,-119.3870087,PIX,8B,,1.514363739,,41605,Swamp Timothy,low,0.05
{C5D36AFE-4C6F-4D66-BA01-456689062D58},7/29/2021 18:46,kathryn_heffernan@fws.gov_fws,35.9115181,-119.3824387,PIX,9A,,3.352711046,,NA,Other cover,NA,0.65
{C5D36AFE-4C6F-4D66-BA01-456689062D58},7/29/2021 18:46,kathryn_heffernan@fws.gov_fws,35.9115181,-119.3824387,PIX,9A,,3.352711046,,41605,Swamp Timothy,medium,0.1
{C5D36AFE-4C6F-4D66-BA01-456689062D58},7/29/2021 18:46,kathryn_heffernan@fws.gov_fws,35.9115181,-119.3824387,PIX,9A,,3.352711046,,41605,Swamp Timothy,low,0.25
{258F0328-9417-4FA2-9C3C-B22470851D0E},7/29/2021 18:56,kathryn_heffernan@fws.gov_fws,35.91278076,-119.3835983,PIX,9A,,2.1794393,,NA,Other cover,NA,0.3
{258F0328-9417-4FA2-9C3C-B22470851D0E},7/29/2021 18:56,kathryn_heffernan@fws.gov_fws,35.91278076,-119.3835983,PIX,9A,,2.1794393,,41605,Swamp Timothy,medium,0.1
{258F0328-9417-4FA2-9C3C-B22470851D0E},7/29/2021 18:56,kathryn_heffernan@fws.gov_fws,35.91278076,-119.3835983,PIX,9A,,2.1794393,,41605,Swamp Timothy,low,0.6
{0EDAF052-BE27-443C-AAD1-E2EE7C83EE60},7/29/2021 19:08,therese_burns@fws.gov_fws,35.91178131,-119.3856964,PIX,9A,,2.91422789,,NA,Other cover,NA,0.45
{0EDAF052-BE27-443C-AAD1-E2EE7C83EE60},7/29/2021 19:08,therese_burns@fws.gov_fws,35.91178131,-119.3856964,PIX,9A,,2.91422789,,41605,Swamp Timothy,low,0.55
{37144240-17E6-4786-BBC9-06E183213E82},7/29/2021 19:35,kathryn_heffernan@fws.gov_fws,35.91283417,-119.3888397,PIX,8A,,1.159926465,,NA,Other cover,NA,0.7
{37144240-17E6-4786-BBC9-06E183213E82},7/29/2021 19:35,kathryn_heffernan@fws.gov_fws,35.91283417,-119.3888397,PIX,8A,,1.159926465,,41605,Swamp Timothy,medium,0.1
{37144240-17E6-4786-BBC9-06E183213E82},7/29/2021 19:35,kathryn_heffernan@fws.gov_fws,35.91283417,-119.3888397,PIX,8A,,1.159926465,,41605,Swamp Timothy,low,0.2
{53EEEB3E-7AAD-4E81-8BB8-4BF6C4ADA784},7/29/2021 19:45,kathryn_heffernan@fws.gov_fws,35.9120903,-119.4017944,PIX,6,,3.92093505,,NA,Other cover,NA,0.6
{53EEEB3E-7AAD-4E81-8BB8-4BF6C4ADA784},7/29/2021 19:45,kathryn_heffernan@fws.gov_fws,35.9120903,-119.4017944,PIX,6,,3.92093505,,41605,Swamp Timothy,low,0.4
{337173B3-C2CC-4B62-A17D-BD1362164936},7/29/2021 20:06,kathryn_heffernan@fws.gov_fws,35.91105652,-119.3990173,PIX,6,,2.800611731,,NA,Other cover,NA,0.45
{337173B3-C2CC-4B62-A17D-BD1362164936},7/29/2021 20:06,kathryn_heffernan@fws.gov_fws,35.91105652,-119.3990173,PIX,6,,2.800611731,,41605,Swamp Timothy,low,0.55
{6AE6AFED-ECC9-4525-8B7B-C787847F2572},7/29/2021 20:11,kathryn_heffernan@fws.gov_fws,35.90997314,-119.3988113,PIX,6,,1.396810752,,NA,Other cover,NA,0.9
{6AE6AFED-ECC9-4525-8B7B-C787847F2572},7/29/2021 20:11,kathryn_heffernan@fws.gov_fws,35.90997314,-119.3988113,PIX,6,,1.396810752,,41605,Swamp Timothy,low,0.1
{E65E7B3E-DC98-42FE-A0EC-923CE98B3BAA},7/29/2021 20:30,kathryn_heffernan@fws.gov_fws,35.91364288,-119.3958359,PIX,2A,,0.40867645,,NA,Other cover,NA,0.2
{E65E7B3E-DC98-42FE-A0EC-923CE98B3BAA},7/29/2021 20:30,kathryn_heffernan@fws.gov_fws,35.91364288,-119.3958359,PIX,2A,,0.40867645,,41605,Swamp Timothy,low,0.3
{E65E7B3E-DC98-42FE-A0EC-923CE98B3BAA},7/29/2021 20:30,kathryn_heffernan@fws.gov_fws,35.91364288,-119.3958359,PIX,2A,,0.40867645,,41605,Swamp Timothy,medium,0.4
{E65E7B3E-DC98-42FE-A0EC-923CE98B3BAA},7/29/2021 20:30,kathryn_heffernan@fws.gov_fws,35.91364288,-119.3958359,PIX,2A,,0.40867645,,502210,Watergrass,high,0.1
{45910B40-C568-4120-BE45-2C3CFF9DB723},7/29/2021 20:42,kathryn_heffernan@fws.gov_fws,35.91386795,-119.3902283,PIX,3,,1.066650333,,NA,Other cover,NA,0.05
{45910B40-C568-4120-BE45-2C3CFF9DB723},7/29/2021 20:42,kathryn_heffernan@fws.gov_fws,35.91386795,-119.3902283,PIX,3,,1.066650333,,41605,Swamp Timothy,low,0.95
{3A6854E5-EBD3-4EDF-90A0-814D9BA1E9B2},7/29/2021 21:00,therese_burns@fws.gov_fws,35.91592026,-119.4062195,PIX,1,,24.62690323,,NA,Other cover,NA,0.6
{3A6854E5-EBD3-4EDF-90A0-814D9BA1E9B2},7/29/2021 21:00,therese_burns@fws.gov_fws,35.91592026,-119.4062195,PIX,1,,24.62690323,,41605,Swamp Timothy,medium,0.3
{3A6854E5-EBD3-4EDF-90A0-814D9BA1E9B2},7/29/2021 21:00,therese_burns@fws.gov_fws,35.91592026,-119.4062195,PIX,1,,24.62690323,,41605,Swamp Timothy,low,0.05
{3A6854E5-EBD3-4EDF-90A0-814D9BA1E9B2},7/29/2021 21:00,therese_burns@fws.gov_fws,35.91592026,-119.4062195,PIX,1,,24.62690323,,41605,Swamp Timothy,high,0.025
{98DEB847-BBAF-4B51-8B85-B593CE048264},7/29/2021 21:23,rebeca_becdach@fws.gov_fws,35.91991806,-119.4096985,PIX,1,,2.411650283,,NA,Other cover,NA,0.3
{98DEB847-BBAF-4B51-8B85-B593CE048264},7/29/2021 21:23,rebeca_becdach@fws.gov_fws,35.91991806,-119.4096985,PIX,1,,2.411650283,,41605,Swamp Timothy,medium,0.3
{98DEB847-BBAF-4B51-8B85-B593CE048264},7/29/2021 21:23,rebeca_becdach@fws.gov_fws,35.91991806,-119.4096985,PIX,1,,2.411650283,,41605,Swamp Timothy,high,0.05
{98DEB847-BBAF-4B51-8B85-B593CE048264},7/29/2021 21:23,rebeca_becdach@fws.gov_fws,35.91991806,-119.4096985,PIX,1,,2.411650283,,41605,Swamp Timothy,low,0.35
{AC104129-E500-40EA-9A64-75461D093AF8},7/29/2021 21:40,rebeca_becdach@fws.gov_fws,35.91465759,-119.4027252,PIX,1,,1.40196488,,NA,Other cover,NA,0.75
{AC104129-E500-40EA-9A64-75461D093AF8},7/29/2021 21:40,rebeca_becdach@fws.gov_fws,35.91465759,-119.4027252,PIX,1,,1.40196488,,41605,Swamp Timothy,low,0.25
{43322E8E-D9FB-422C-9DA2-5F3D993DFEAA},8/2/2021 14:05,rebeca_becdach@fws.gov_fws,35.91736984,-119.3841629,PIX,5,,4.000250594,,NA,Other cover,NA,0.4
{43322E8E-D9FB-422C-9DA2-5F3D993DFEAA},8/2/2021 14:05,rebeca_becdach@fws.gov_fws,35.91736984,-119.3841629,PIX,5,,4.000250594,,41605,Swamp Timothy,low,0.6
{43322E8E-D9FB-422C-9DA2-5F3D993DFEAA},8/2/2021 14:05,rebeca_becdach@fws.gov_fws,35.91736984,-119.3841629,PIX,5,,4.000250594,,502210,Watergrass,low,0.01
{43322E8E-D9FB-422C-9DA2-5F3D993DFEAA},8/2/2021 14:05,rebeca_becdach@fws.gov_fws,35.91736984,-119.3841629,PIX,5,,4.000250594,,502210,Watergrass,high,0.15
{B937F085-CB1E-4EBF-A2EE-666038190867},8/2/2021 14:29,kathryn_heffernan@fws.gov_fws,35.9201088,-119.3858032,PIX,4,,1.558431186,,NA,Other cover,NA,0.15
{B937F085-CB1E-4EBF-A2EE-666038190867},8/2/2021 14:29,kathryn_heffernan@fws.gov_fws,35.9201088,-119.3858032,PIX,4,,1.558431186,,41605,Swamp Timothy,low,0.85
{B937F085-CB1E-4EBF-A2EE-666038190867},8/2/2021 14:29,kathryn_heffernan@fws.gov_fws,35.9201088,-119.3858032,PIX,4,,1.558431186,,502210,Watergrass,high,0.2
{018DA80C-B47D-48FF-A323-9DDB15CE591F},8/2/2021 14:41,kathryn_heffernan@fws.gov_fws,35.91772461,-119.3868332,PIX,4A,,2.779776665,,NA,Other cover,NA,0.15
{018DA80C-B47D-48FF-A323-9DDB15CE591F},8/2/2021 14:41,kathryn_heffernan@fws.gov_fws,35.91772461,-119.3868332,PIX,4A,,2.779776665,,41605,Swamp Timothy,low,0.85
{84D08AB7-1EF6-4EAD-88C8-0AF524632783},8/2/2021 14:52,kathryn_heffernan@fws.gov_fws,35.91640472,-119.3855743,PIX,4,,1.345740055,,NA,Other cover,NA,0.05
{84D08AB7-1EF6-4EAD-88C8-0AF524632783},8/2/2021 14:52,kathryn_heffernan@fws.gov_fws,35.91640472,-119.3855743,PIX,4,,1.345740055,,41605,Swamp Timothy,medium,0.3
{84D08AB7-1EF6-4EAD-88C8-0AF524632783},8/2/2021 14:52,kathryn_heffernan@fws.gov_fws,35.91640472,-119.3855743,PIX,4,,1.345740055,,41605,Swamp Timothy,low,0.45
{84D08AB7-1EF6-4EAD-88C8-0AF524632783},8/2/2021 14:52,kathryn_heffernan@fws.gov_fws,35.91640472,-119.3855743,PIX,4,,1.345740055,,502210,Watergrass,high,0.15
{84D08AB7-1EF6-4EAD-88C8-0AF524632783},8/2/2021 14:52,kathryn_heffernan@fws.gov_fws,35.91640472,-119.3855743,PIX,4,,1.345740055,,502210,Watergrass,medium,0.025
{84D08AB7-1EF6-4EAD-88C8-0AF524632783},8/2/2021 14:52,kathryn_heffernan@fws.gov_fws,35.91640472,-119.3855743,PIX,4,,1.345740055,,502210,Watergrass,low,0.025
{047DB317-57EE-449E-A9E9-0B1E9FD5E896},8/2/2021 15:12,kathryn_heffernan@fws.gov_fws,35.91424179,-119.3859024,PIX,4A,,1.099195597,,NA,Other cover,NA,0.1
{047DB317-57EE-449E-A9E9-0B1E9FD5E896},8/2/2021 15:12,kathryn_heffernan@fws.gov_fws,35.91424179,-119.3859024,PIX,4A,,1.099195597,,41605,Swamp Timothy,low,0.45
{047DB317-57EE-449E-A9E9-0B1E9FD5E896},8/2/2021 15:12,kathryn_heffernan@fws.gov_fws,35.91424179,-119.3859024,PIX,4A,,1.099195597,,41605,Swamp Timothy,medium,0.2
{047DB317-57EE-449E-A9E9-0B1E9FD5E896},8/2/2021 15:12,kathryn_heffernan@fws.gov_fws,35.91424179,-119.3859024,PIX,4A,,1.099195597,,41605,Swamp Timothy,high,0.1
{047DB317-57EE-449E-A9E9-0B1E9FD5E896},8/2/2021 15:12,kathryn_heffernan@fws.gov_fws,35.91424179,-119.3859024,PIX,4A,,1.099195597,,502210,Watergrass,high,0.15
{9E2A1A9D-D4C7-40D0-B5E3-2E536A65F560},8/2/2021 16:01,kathryn_heffernan@fws.gov_fws,35.92000961,-119.388443,PIX,4A,,2.208217045,,NA,Other cover,NA,0.15
{9E2A1A9D-D4C7-40D0-B5E3-2E536A65F560},8/2/2021 16:01,kathryn_heffernan@fws.gov_fws,35.92000961,-119.388443,PIX,4A,,2.208217045,,41605,Swamp Timothy,medium,0.05
{9E2A1A9D-D4C7-40D0-B5E3-2E536A65F560},8/2/2021 16:01,kathryn_heffernan@fws.gov_fws,35.92000961,-119.388443,PIX,4A,,2.208217045,,41605,Swamp Timothy,low,0.4
{9E2A1A9D-D4C7-40D0-B5E3-2E536A65F560},8/2/2021 16:01,kathryn_heffernan@fws.gov_fws,35.92000961,-119.388443,PIX,4A,,2.208217045,,502210,Watergrass,high,0.5
{9E2A1A9D-D4C7-40D0-B5E3-2E536A65F560},8/2/2021 16:01,kathryn_heffernan@fws.gov_fws,35.92000961,-119.388443,PIX,4A,,2.208217045,,502210,Watergrass,medium,0.2
{7D5BC6F4-3A58-4627-A414-D5E9CA9FCB48},8/2/2021 16:22,kathryn_heffernan@fws.gov_fws,35.91996002,-119.3910828,PIX,3A,,2.461084039,,NA,Other cover,NA,0.1
{7D5BC6F4-3A58-4627-A414-D5E9CA9FCB48},8/2/2021 16:22,kathryn_heffernan@fws.gov_fws,35.91996002,-119.3910828,PIX,3A,,2.461084039,,41605,Swamp Timothy,low,0.75
{7D5BC6F4-3A58-4627-A414-D5E9CA9FCB48},8/2/2021 16:22,kathryn_heffernan@fws.gov_fws,35.91996002,-119.3910828,PIX,3A,,2.461084039,,502210,Watergrass,medium,0.25
{875B5CBE-DB96-4A44-9E1F-91AA493547D5},8/2/2021 16:39,rebeca_becdach@fws.gov_fws,35.91945267,-119.3965988,PIX,3A,,1.815591318,,NA,Other cover,NA,0.15
{875B5CBE-DB96-4A44-9E1F-91AA493547D5},8/2/2021 16:39,rebeca_becdach@fws.gov_fws,35.91945267,-119.3965988,PIX,3A,,1.815591318,,41605,Swamp Timothy,low,0.75
{875B5CBE-DB96-4A44-9E1F-91AA493547D5},8/2/2021 16:39,rebeca_becdach@fws.gov_fws,35.91945267,-119.3965988,PIX,3A,,1.815591318,,502210,Watergrass,low,0.1
{39751B43-A0E0-4588-BC45-68242520CCA9},8/2/2021 16:54,rebeca_becdach@fws.gov_fws,35.92018509,-119.3991547,PIX,2,,1.198760122,,NA,Other cover,NA,0.4
{39751B43-A0E0-4588-BC45-68242520CCA9},8/2/2021 16:54,rebeca_becdach@fws.gov_fws,35.92018509,-119.3991547,PIX,2,,1.198760122,,41605,Swamp Timothy,low,0.55
{39751B43-A0E0-4588-BC45-68242520CCA9},8/2/2021 16:54,rebeca_becdach@fws.gov_fws,35.92018509,-119.3991547,PIX,2,,1.198760122,,502210,Watergrass,medium,0.05
{46DE011E-6DEC-497E-8A86-01C9ADDEF2E4},8/2/2021 17:12,rebeca_becdach@fws.gov_fws,35.91609192,-119.3907623,PIX,3,,1.819081262,,NA,Other cover,NA,0.8
{46DE011E-6DEC-497E-8A86-01C9ADDEF2E4},8/2/2021 17:12,rebeca_becdach@fws.gov_fws,35.91609192,-119.3907623,PIX,3,,1.819081262,,502210,Watergrass,high,0.2
{6520CC6B-3A79-4F3C-A139-D620F6E129FB},8/2/2021 17:24,rebeca_becdach@fws.gov_fws,35.91776657,-119.3919067,PIX,3A,,2.95420848,,NA,Other cover,NA,0.35
{6520CC6B-3A79-4F3C-A139-D620F6E129FB},8/2/2021 17:24,rebeca_becdach@fws.gov_fws,35.91776657,-119.3919067,PIX,3A,,2.95420848,,41605,Swamp Timothy,low,0.3
{6520CC6B-3A79-4F3C-A139-D620F6E129FB},8/2/2021 17:24,rebeca_becdach@fws.gov_fws,35.91776657,-119.3919067,PIX,3A,,2.95420848,,502210,Watergrass,high,0.35
{26B83F58-5DAF-4DC7-854E-70A85D2DE516},8/2/2021 17:44,kathryn_heffernan@fws.gov_fws,35.91556168,-119.3928604,PIX,3,,2.266990259,,NA,Other cover,NA,0.25
{26B83F58-5DAF-4DC7-854E-70A85D2DE516},8/2/2021 17:44,kathryn_heffernan@fws.gov_fws,35.91556168,-119.3928604,PIX,3,,2.266990259,,41605,Swamp Timothy,low,0.75
{3E05B277-8E74-47A0-8158-5A364DDF2291},8/2/2021 18:06,kathryn_heffernan@fws.gov_fws,35.91779327,-119.3989334,PIX,2,,1.042465996,,NA,Other cover,NA,0.2
{3E05B277-8E74-47A0-8158-5A364DDF2291},8/2/2021 18:06,kathryn_heffernan@fws.gov_fws,35.91779327,-119.3989334,PIX,2,,1.042465996,,41605,Swamp Timothy,low,0.8
{7B3C7E12-9C70-4E14-8352-64BCDAF23602},8/2/2021 18:18,kathryn_heffernan@fws.gov_fws,35.9151535,-119.3955078,PIX,2,,1.057191477,,NA,Other cover,NA,0.25
{7B3C7E12-9C70-4E14-8352-64BCDAF23602},8/2/2021 18:18,kathryn_heffernan@fws.gov_fws,35.9151535,-119.3955078,PIX,2,,1.057191477,,41605,Swamp Timothy,low,0.7
{7B3C7E12-9C70-4E14-8352-64BCDAF23602},8/2/2021 18:18,kathryn_heffernan@fws.gov_fws,35.9151535,-119.3955078,PIX,2,,1.057191477,,502210,Watergrass,high,0.25
{F75A3FCD-BFE6-46E7-992F-0E72039084B3},8/2/2021 18:38,rebeca_becdach@fws.gov_fws,35.91830444,-119.4002762,PIX,2A,,1.963734149,,NA,Other cover,NA,1
{353DC456-D4E2-464D-B391-537A04FA4A74},8/2/2021 18:46,rebeca_becdach@fws.gov_fws,35.91802979,-119.401001,PIX,2A,,2.345400258,,NA,Other cover,NA,0.95
{353DC456-D4E2-464D-B391-537A04FA4A74},8/2/2021 18:46,rebeca_becdach@fws.gov_fws,35.91802979,-119.401001,PIX,2A,,2.345400258,,41605,Swamp Timothy,low,0.05
{A82BCC67-D492-4596-816B-33D89FABBA3A},8/4/2021 16:00,rebeca_becdach@fws.gov_fws,35.74888992,-119.6022797,KRN,6A,6A-5,2.926068708,,NA,Other cover,NA,0.6
{A82BCC67-D492-4596-816B-33D89FABBA3A},8/4/2021 16:00,rebeca_becdach@fws.gov_fws,35.74888992,-119.6022797,KRN,6A,6A-5,2.926068708,,41605,Swamp Timothy,low,0.35
{A82BCC67-D492-4596-816B-33D89FABBA3A},8/4/2021 16:00,rebeca_becdach@fws.gov_fws,35.74888992,-119.6022797,KRN,6A,6A-5,2.926068708,,41605,Swamp Timothy,medium,0.05
{5F17794C-F186-47B0-8224-5EDB2283293A},8/4/2021 16:41,rebeca_becdach@fws.gov_fws,35.72994232,-119.6102676,KRN,4A-6,,5.669911418,,NA,Other cover,NA,0.5
{5F17794C-F186-47B0-8224-5EDB2283293A},8/4/2021 16:41,rebeca_becdach@fws.gov_fws,35.72994232,-119.6102676,KRN,4A-6,,5.669911418,,41605,Swamp Timothy,low,0.5
{563FB93F-DE25-4571-B3A1-9ED8C7062CCE},8/4/2021 17:04,rebeca_becdach@fws.gov_fws,35.73320389,-119.6201248,KRN,5A,5A-4,7.089016887,,NA,Other cover,NA,0.75
{563FB93F-DE25-4571-B3A1-9ED8C7062CCE},8/4/2021 17:04,rebeca_becdach@fws.gov_fws,35.73320389,-119.6201248,KRN,5A,5A-4,7.089016887,,41605,Swamp Timothy,low,0.25
{01F14941-49C1-4A3D-902E-0A95B5BAAA74},8/4/2021 17:24,rebeca_becdach@fws.gov_fws,35.7341423,-119.6183167,KRN,5A,5A-4,3.551866189,,NA,Other cover,NA,0.75
{01F14941-49C1-4A3D-902E-0A95B5BAAA74},8/4/2021 17:24,rebeca_becdach@fws.gov_fws,35.7341423,-119.6183167,KRN,5A,5A-4,3.551866189,,41605,Swamp Timothy,low,0.25
{01F14941-49C1-4A3D-902E-0A95B5BAAA74},8/4/2021 17:24,rebeca_becdach@fws.gov_fws,35.7341423,-119.6183167,KRN,5A,5A-4,3.551866189,,41605,Swamp Timothy,medium,0.025
{D6BCD4C7-044E-434C-8675-0CC76C5F7A10},8/4/2021 17:53,rebeca_becdach@fws.gov_fws,35.73593521,-119.6194992,KRN,5A,5A-4,3.746172208,,NA,Other cover,NA,0.6
{D6BCD4C7-044E-434C-8675-0CC76C5F7A10},8/4/2021 17:53,rebeca_becdach@fws.gov_fws,35.73593521,-119.6194992,KRN,5A,5A-4,3.746172208,,41605,Swamp Timothy,low,0.4
{FD60B345-96C6-4D2A-A781-A9CFD24FFC45},8/5/2021 15:20,rebeca_becdach@fws.gov_fws,35.73588562,-119.6108627,KRN,5A,5A-7,3.692453738,,NA,Other cover,NA,0.45
{FD60B345-96C6-4D2A-A781-A9CFD24FFC45},8/5/2021 15:20,rebeca_becdach@fws.gov_fws,35.73588562,-119.6108627,KRN,5A,5A-7,3.692453738,,41605,Swamp Timothy,low,0.55
{37AC9D6D-B29F-4960-ABDB-3EFBD9DFF27E},8/5/2021 15:25,rebeca_becdach@fws.gov_fws,35.73518372,-119.6136017,KRN,5A,5A-7,1.560737547,,NA,Other cover,NA,0.2
{37AC9D6D-B29F-4960-ABDB-3EFBD9DFF27E},8/5/2021 15:25,rebeca_becdach@fws.gov_fws,35.73518372,-119.6136017,KRN,5A,5A-7,1.560737547,,41605,Swamp Timothy,low,0.8
{0D0AABBA-5A63-4E48-9841-FDB6D79CFF66},8/5/2021 15:35,rebeca_becdach@fws.gov_fws,35.73733139,-119.6122589,KRN,5A,5A-5,2.813409165,,NA,Other cover,NA,0.4
{0D0AABBA-5A63-4E48-9841-FDB6D79CFF66},8/5/2021 15:35,rebeca_becdach@fws.gov_fws,35.73733139,-119.6122589,KRN,5A,5A-5,2.813409165,,41605,Swamp Timothy,low,0.05
{0D0AABBA-5A63-4E48-9841-FDB6D79CFF66},8/5/2021 15:35,rebeca_becdach@fws.gov_fws,35.73733139,-119.6122589,KRN,5A,5A-5,2.813409165,,41605,Swamp Timothy,medium,0.25
{0D0AABBA-5A63-4E48-9841-FDB6D79CFF66},8/5/2021 15:35,rebeca_becdach@fws.gov_fws,35.73733139,-119.6122589,KRN,5A,5A-5,2.813409165,,41605,Swamp Timothy,high,0.3
{EBC8A140-EA79-4E44-B534-99729C09FBC5},8/5/2021 15:49,rebeca_becdach@fws.gov_fws,35.74047852,-119.6147003,KRN,5A,5A-5,1.405859005,,NA,Other cover,NA,0.2
{EBC8A140-EA79-4E44-B534-99729C09FBC5},8/5/2021 15:49,rebeca_becdach@fws.gov_fws,35.74047852,-119.6147003,KRN,5A,5A-5,1.405859005,,41605,Swamp Timothy,low,0.3
{EBC8A140-EA79-4E44-B534-99729C09FBC5},8/5/2021 15:49,rebeca_becdach@fws.gov_fws,35.74047852,-119.6147003,KRN,5A,5A-5,1.405859005,,41605,Swamp Timothy,high,0.3
{EBC8A140-EA79-4E44-B534-99729C09FBC5},8/5/2021 15:49,rebeca_becdach@fws.gov_fws,35.74047852,-119.6147003,KRN,5A,5A-5,1.405859005,,41605,Swamp Timothy,medium,0.2
{B9D1B853-73AA-4F23-A5F9-0AF478729697},8/5/2021 15:57,rebeca_becdach@fws.gov_fws,35.73963547,-119.6141663,KRN,5A,5A-5,1.373574234,,NA,Other cover,NA,0.2
{B9D1B853-73AA-4F23-A5F9-0AF478729697},8/5/2021 15:57,rebeca_becdach@fws.gov_fws,35.73963547,-119.6141663,KRN,5A,5A-5,1.373574234,,41605,Swamp Timothy,low,0.05
{B9D1B853-73AA-4F23-A5F9-0AF478729697},8/5/2021 15:57,rebeca_becdach@fws.gov_fws,35.73963547,-119.6141663,KRN,5A,5A-5,1.373574234,,41605,Swamp Timothy,medium,0.35
{B9D1B853-73AA-4F23-A5F9-0AF478729697},8/5/2021 15:57,rebeca_becdach@fws.gov_fws,35.73963547,-119.6141663,KRN,5A,5A-5,1.373574234,,41605,Swamp Timothy,high,0.4
